{"type":"FeatureCollection","name":"interpretacion_conectividad_5_3857","features":[{"type":"Feature","properties":{"nombre":"Puente de Chucunaque","notas":"La zona entre Cémaco de la Comarca Emberá Wounaán y la Comarca Guna de Wargandi ha sufrido una gran deforestación que ha sido detenida por la Reserva Hidrológica Serranía del Darién. Este pequeño y débil corredor está formado por el bosque de galería a  las orillas del río Chucunaque que todavía está en pie y mantiene la conectividad de esta parte del Corredor Biológico Mesoamericano.","cond_promedio":33.12,"area_ha":3468,"cat":"mediabaja","categoria_etiqueta":"Media-baja","es_mesoamericano":false},"geometry":{"type":"Polygon","coordinates":[[[-77.9896073,8.6742356],[-77.9896083,8.6742361],[-77.9896012,8.6742528],[-77.9895912,8.6742675],[-77.9894623,8.6745225],[-77.9893681,8.6746426],[-77.9893464,8.6746258],[-77.989203,8.6748358],[-77.9885375,8.6754875],[-77.9883243,8.6756269],[-77.9883408,8.6756488],[-77.9873009,8.6764298],[-77.9869025,8.67682],[-77.9862482,8.6776547],[-77.9858333,8.6786294],[-77.9857141,8.6790585],[-77.9855798,8.6804578],[-77.985894,8.6816631],[-77.9865395,8.682596],[-77.9867719,8.6830658],[-77.9868592,8.6835822],[-77.9867939,8.6841018],[-77.9867335,8.6843193],[-77.9866554,8.6845425],[-77.9863072,8.6853604],[-77.9861527,8.6864608],[-77.986143,8.686592],[-77.986127,8.6867057],[-77.986253,8.6877201],[-77.9862112,8.688385],[-77.98593,8.6889897],[-77.9855746,8.6894862],[-77.9852411,8.6906864],[-77.9852618,8.6909458],[-77.9852019,8.6915703],[-77.985135,8.691811],[-77.9849918,8.6930704],[-77.9852177,8.694171],[-77.9857744,8.6951484],[-77.9866074,8.6959067],[-77.9875704,8.6963425],[-77.9880691,8.6966771],[-77.9884306,8.6971555],[-77.9886152,8.6977252],[-77.9886025,8.6983237],[-77.9883941,8.6988852],[-77.9880126,8.699348],[-77.9875001,8.6996615],[-77.9868411,8.699927],[-77.9860128,8.7005491],[-77.9852047,8.7016781],[-77.9848712,8.7028783],[-77.9849263,8.703569],[-77.984932,8.7037265],[-77.9849273,8.7043087],[-77.9849457,8.7045678],[-77.9849124,8.7049148],[-77.9852267,8.7061201],[-77.9860277,8.7072779],[-77.9864889,8.7077441],[-77.9866289,8.7079563],[-77.9866509,8.7079398],[-77.9874358,8.7089746],[-77.9883103,8.7098587],[-77.9886187,8.7102766],[-77.9887952,8.7107644],[-77.9888251,8.711282],[-77.9887061,8.7117868],[-77.9884479,8.7122371],[-77.9879734,8.7128422],[-77.9879517,8.7128254],[-77.9878083,8.7130353],[-77.987536,8.713302],[-77.9871019,8.7136163],[-77.9865946,8.7137905],[-77.9860581,8.7138096],[-77.984992,8.7136895],[-77.9838857,8.7139143],[-77.9829034,8.7144682],[-77.9821413,8.715297],[-77.9816139,8.7164506],[-77.9814325,8.7171035],[-77.9813738,8.7175754],[-77.9813218,8.7178351],[-77.9811265,8.718538],[-77.9808081,8.7191677],[-77.9802911,8.7198271],[-77.9802694,8.7198102],[-77.9801259,8.7200202],[-77.9800094,8.7201343],[-77.9797961,8.7202736],[-77.9798127,8.7202955],[-77.9795464,8.7204954],[-77.9792068,8.7206968],[-77.9787785,8.7208913],[-77.9778865,8.7217647],[-77.9778627,8.7218145],[-77.9774969,8.7223256],[-77.9767401,8.7230665],[-77.9759206,8.7242114],[-77.975587,8.7254116],[-77.9756938,8.7267499],[-77.9762542,8.7279711],[-77.9771321,8.7288586],[-77.9785099,8.7295113],[-77.9788746,8.729672],[-77.9792781,8.7300182],[-77.9795633,8.7304661],[-77.9797055,8.730977],[-77.9797895,8.7316539],[-77.9798032,8.7318898],[-77.9798014,8.7321104],[-77.9797358,8.7325775],[-77.9796781,8.7327848],[-77.9796746,8.7328101],[-77.9796264,8.7330415],[-77.9794625,8.7336311],[-77.9792501,8.7341103],[-77.9789086,8.7345087],[-77.9784665,8.7347929],[-77.9776104,8.7351818],[-77.9767184,8.7360552],[-77.9761076,8.7373316],[-77.9759269,8.737756],[-77.9756353,8.7381278],[-77.9755926,8.7381697],[-77.9752142,8.7384538],[-77.9747748,8.7386307],[-77.9740183,8.7388259],[-77.973785,8.7388702],[-77.9730911,8.7389554],[-77.9723448,8.739256],[-77.9721192,8.7393302],[-77.9715411,8.7394793],[-77.9710707,8.7395371],[-77.9706012,8.7394718],[-77.9704231,8.7394228],[-77.9700786,8.7392503],[-77.9700781,8.7392514],[-77.9693216,8.7389325],[-77.968913,8.7386934],[-77.9684856,8.7383616],[-77.9685025,8.7383401],[-77.9682915,8.7381973],[-77.9679066,8.7378082],[-77.9677666,8.737596],[-77.9677446,8.7376125],[-77.9675414,8.7373446],[-77.9672332,8.7367099],[-77.9669753,8.7357205],[-77.9669308,8.7354884],[-77.966916,8.7353689],[-77.9666282,8.7346615],[-77.9665536,8.7344371],[-77.9663235,8.7335543],[-77.9662654,8.7330863],[-77.9662714,8.7323454],[-77.9663371,8.7318784],[-77.9665359,8.731163],[-77.9667407,8.7307351],[-77.9670952,8.7294599],[-77.9669834,8.7280587],[-77.9668016,8.7273614],[-77.9667435,8.7268933],[-77.9668092,8.7264263],[-77.9670266,8.7256441],[-77.9671699,8.7243849],[-77.9669441,8.7232842],[-77.9663874,8.7223068],[-77.9655544,8.7215485],[-77.9654944,8.7215213],[-77.9650275,8.721216],[-77.964676,8.720784],[-77.9644731,8.720266],[-77.9644381,8.7197112],[-77.9645743,8.7191721],[-77.96494,8.7183133],[-77.964979,8.7181731],[-77.9651264,8.7171247],[-77.964996,8.7160741],[-77.9649563,8.715922],[-77.9649119,8.7156898],[-77.964891,8.7155216],[-77.9646527,8.7146076],[-77.9645946,8.7141396],[-77.9646603,8.7136725],[-77.9648307,8.7130594],[-77.964978,8.712011],[-77.9649277,8.7116054],[-77.9649696,8.7109405],[-77.9652508,8.7103359],[-77.9658273,8.7095305],[-77.9661609,8.7083304],[-77.9660791,8.7073058],[-77.9661139,8.7067833],[-77.9662979,8.7062927],[-77.9666156,8.7058752],[-77.9669297,8.7055675],[-77.9676867,8.7045482],[-77.9680441,8.7034827],[-77.9680532,8.7023593],[-77.9677129,8.7012882],[-77.9669523,8.7002288],[-77.9669002,8.7001344],[-77.9665617,8.6996881],[-77.9662535,8.6990534],[-77.9660667,8.6983368],[-77.966026,8.6976331],[-77.9660609,8.697385],[-77.9660786,8.6973874],[-77.9661008,8.6970868],[-77.9664651,8.6957759],[-77.9665058,8.6955252],[-77.9666129,8.695206],[-77.9666219,8.6940826],[-77.9662816,8.6930115],[-77.9654582,8.6918646],[-77.9654676,8.6918579],[-77.9652744,8.6915912],[-77.965101,8.6910693],[-77.9650934,8.6905197],[-77.9651057,8.6904319],[-77.964998,8.6895638],[-77.9649843,8.6893278],[-77.9649859,8.6891327],[-77.9650033,8.688897],[-77.9651354,8.6879569],[-77.9650206,8.6870319],[-77.9645245,8.6859187],[-77.9637281,8.685059],[-77.9626964,8.6844996],[-77.9615387,8.6842999],[-77.9603779,8.6844811],[-77.9593373,8.685024],[-77.9585272,8.6858708],[-77.9583255,8.6863045],[-77.9581093,8.686657],[-77.9579819,8.6868195],[-77.9576441,8.6871503],[-77.9572317,8.6873828],[-77.9568018,8.687556],[-77.9562642,8.6876824],[-77.9557133,8.687642],[-77.9552001,8.6874387],[-77.9547721,8.6870912],[-77.9544689,8.6866318],[-77.9543186,8.6861029],[-77.954242,8.6854854],[-77.9542845,8.6849108],[-77.9542748,8.6849094],[-77.9544387,8.6837438],[-77.9542977,8.6826081],[-77.9542855,8.6825441],[-77.9542646,8.6823758],[-77.9540358,8.6814979],[-77.9539951,8.6807942],[-77.9540292,8.6805515],[-77.9538988,8.6795009],[-77.9535439,8.6781391],[-77.9535076,8.6779655],[-77.9534259,8.6774469],[-77.9528804,8.6764115],[-77.9520293,8.6756054],[-77.950691,8.6749891],[-77.9506938,8.6749832],[-77.9502502,8.6747683],[-77.9498123,8.6744463],[-77.9487414,8.6740906],[-77.9476126,8.6740816],[-77.9472901,8.674183],[-77.9470375,8.6742194],[-77.9456878,8.6745677],[-77.9454545,8.6746119],[-77.9444851,8.6747311],[-77.9440111,8.6747273],[-77.9435544,8.6746015],[-77.9431458,8.6743625],[-77.9425885,8.6739298],[-77.9426054,8.6739082],[-77.9423945,8.6737655],[-77.9422798,8.6736495],[-77.9421398,8.6734373],[-77.9421178,8.6734538],[-77.9413973,8.6725036],[-77.9406425,8.6719176],[-77.939663,8.6715047],[-77.9392745,8.6713978],[-77.9390503,8.67132],[-77.9387752,8.671204],[-77.9383087,8.670918],[-77.9379493,8.6705066],[-77.9377296,8.6700072],[-77.9376696,8.6694653],[-77.9377747,8.6689303],[-77.9380575,8.6681464],[-77.9381064,8.6670766],[-77.9378363,8.66604],[-77.9372711,8.6651287],[-77.9364611,8.6644237],[-77.9362596,8.6643342],[-77.9356931,8.6639393],[-77.9353162,8.6633622],[-77.9349965,8.6625763],[-77.9349219,8.6623519],[-77.9347177,8.6615681],[-77.9346732,8.661336],[-77.9345769,8.6605591],[-77.9342419,8.6597357],[-77.9341674,8.6595114],[-77.9341247,8.6593474],[-77.9337256,8.6583662],[-77.9333899,8.6579236],[-77.9331282,8.6574396],[-77.9330248,8.6568997],[-77.9330894,8.6563539],[-77.9333159,8.6558526],[-77.9336834,8.6554423],[-77.9341579,8.655161],[-77.9342985,8.6551043],[-77.9343959,8.6550723],[-77.9347104,8.6549387],[-77.9347417,8.6549258],[-77.9353114,8.6546963],[-77.9353956,8.6546477],[-77.9355666,8.6545751],[-77.936388,8.6538831],[-77.9369678,8.652981],[-77.9372547,8.6519489],[-77.9372231,8.6508784],[-77.9368759,8.6498648],[-77.9364434,8.6492717],[-77.9361944,8.6487936],[-77.9360981,8.6482637],[-77.936163,8.6477291],[-77.9362163,8.6475372],[-77.9364012,8.647103],[-77.9366927,8.6467311],[-77.9372588,8.6461768],[-77.9379873,8.6452108],[-77.9383509,8.6442029],[-77.9383998,8.6431331],[-77.9381296,8.6420965],[-77.9375644,8.6411852],[-77.9367544,8.6404801],[-77.9356415,8.6399863],[-77.9350869,8.6396034],[-77.9344353,8.6389444],[-77.9341083,8.6386138],[-77.9338228,8.6382373],[-77.933645,8.6378002],[-77.9335266,8.6373458],[-77.9334821,8.6371137],[-77.9333951,8.6364121],[-77.933323,8.6361355],[-77.9329239,8.6351543],[-77.932407,8.6344727],[-77.932281,8.6342513],[-77.931574,8.6333189],[-77.9314573,8.633201],[-77.9311065,8.6326985],[-77.9309444,8.6321083],[-77.9309895,8.6314981],[-77.9312368,8.6309378],[-77.9316577,8.6304919],[-77.9321727,8.6301052],[-77.9328104,8.6297985],[-77.9330884,8.6297268],[-77.9335587,8.629669],[-77.934028,8.6297343],[-77.9342002,8.6297817],[-77.9342256,8.6297852],[-77.9344581,8.6298332],[-77.9360391,8.6302683],[-77.9370925,8.6304149],[-77.9381482,8.6302852],[-77.938163,8.6302813],[-77.9384191,8.6301782],[-77.9386446,8.630104],[-77.9396452,8.6298457],[-77.9403523,8.6298053],[-77.940365,8.629807],[-77.9409599,8.6297339],[-77.941197,8.6297203],[-77.9414186,8.6297221],[-77.9418879,8.6297874],[-77.9424258,8.6299354],[-77.9428621,8.6301194],[-77.9432357,8.6304095],[-77.9432778,8.630452],[-77.9435632,8.6308284],[-77.9437411,8.6312656],[-77.9438301,8.6316072],[-77.9442649,8.6326497],[-77.9449664,8.6335258],[-77.9457574,8.6341071],[-77.9466751,8.6344846],[-77.9469023,8.6345471],[-77.947535,8.6348639],[-77.9476653,8.6349651],[-77.9485342,8.6353314],[-77.9487785,8.6353654],[-77.949011,8.6354133],[-77.9500363,8.6356955],[-77.9506055,8.6359652],[-77.9509033,8.6361763],[-77.9521092,8.6365081],[-77.9535172,8.6363968],[-77.9540027,8.6362715],[-77.954473,8.6362137],[-77.9549423,8.636279],[-77.9549835,8.6362903],[-77.9555528,8.63656],[-77.9557277,8.636684],[-77.9569337,8.6370159],[-77.9582859,8.6369089],[-77.9584442,8.6369033],[-77.9585158,8.6369039],[-77.9589851,8.6369692],[-77.9593657,8.6370739],[-77.9604191,8.6372204],[-77.9614879,8.637089],[-77.9616953,8.6370497],[-77.9617208,8.6370466],[-77.9624827,8.6368498],[-77.962716,8.6368056],[-77.9628851,8.6367848],[-77.9633626,8.6366615],[-77.963912,8.636606],[-77.9644529,8.6367176],[-77.9649349,8.6369858],[-77.9654818,8.6374103],[-77.9659877,8.6376235],[-77.9663962,8.6378626],[-77.9667114,8.6381072],[-77.9676909,8.6385201],[-77.9686527,8.6387847],[-77.9692854,8.6391015],[-77.9694157,8.6392026],[-77.9702847,8.6395689],[-77.971456,8.6397318],[-77.9714552,8.6397378],[-77.9717611,8.6397803],[-77.9720526,8.6398605],[-77.9726853,8.6401773],[-77.9732269,8.6405977],[-77.9742064,8.6410106],[-77.9743858,8.6410599],[-77.9748915,8.6412865],[-77.9753048,8.6416545],[-77.9755873,8.6421294],[-77.9757124,8.642667],[-77.9756687,8.6432172],[-77.97546,8.6437285],[-77.975106,8.6441533],[-77.9749739,8.6442698],[-77.9744018,8.6452382],[-77.9741454,8.6463931],[-77.9741159,8.6468542],[-77.9738986,8.647389],[-77.9735229,8.6478284],[-77.9730272,8.6481275],[-77.9730208,8.6481301],[-77.9726375,8.648418],[-77.9722979,8.6486194],[-77.9720037,8.6487531],[-77.9711119,8.6496265],[-77.9709096,8.6500495],[-77.9707018,8.6503842],[-77.9706437,8.6504583],[-77.9706386,8.6504703],[-77.9703984,8.6508768],[-77.9700687,8.6512974],[-77.9698997,8.6515922],[-77.9693099,8.6523867],[-77.9689525,8.6534523],[-77.9689435,8.6545757],[-77.9690454,8.6548966],[-77.969082,8.6551479],[-77.9691029,8.6552279],[-77.9692121,8.655466],[-77.9692917,8.6556719],[-77.9692999,8.6556975],[-77.9693878,8.6558488],[-77.9696896,8.6565065],[-77.9705673,8.657394],[-77.9718427,8.6579982],[-77.9723144,8.658128],[-77.9725387,8.6582057],[-77.9735211,8.6586198],[-77.9742269,8.658814],[-77.9746633,8.6589979],[-77.975037,8.659288],[-77.975722,8.6599806],[-77.9765608,8.6606316],[-77.9774948,8.6610253],[-77.9776147,8.661042],[-77.9778472,8.6610899],[-77.9785644,8.6612873],[-77.9790008,8.6614712],[-77.9793745,8.6617613],[-77.9794101,8.6617973],[-77.979799,8.6623865],[-77.979905,8.662647],[-77.9804595,8.663378],[-77.9807677,8.6640127],[-77.9809217,8.6646034],[-77.9809662,8.6648355],[-77.9810356,8.6653941],[-77.9811799,8.6659478],[-77.9812191,8.6661408],[-77.9813298,8.6668966],[-77.9818077,8.6678805],[-77.9825608,8.6686759],[-77.9835194,8.6692091],[-77.9845948,8.6694308],[-77.9849181,8.6693982],[-77.985274,8.6693971],[-77.986324,8.6694969],[-77.9870522,8.6693089],[-77.987065,8.6693056],[-77.9883454,8.6689849],[-77.9890398,8.6689476],[-77.9896456,8.6690319],[-77.9901644,8.669185],[-77.9906148,8.6694836],[-77.9909568,8.669901],[-77.9911599,8.6704001],[-77.9912062,8.6709367],[-77.9910914,8.6714629],[-77.9908259,8.6719322],[-77.9902737,8.6726367],[-77.9898588,8.6736115],[-77.9897806,8.6738928],[-77.9896073,8.6742356]]]}},{"type":"Feature","properties":{"nombre":"Corredor El Montuoso - Cerro Hoya","notas":"El corazón de este corredor es el Parque Nacional Cerro Hoya, que es la principal fuente de diversidad de la Península de Azuero.Está conformado por la zona montañosa entre Veraguas, Herrera y Los Santos, uniendo el Montuoso con Torio y las costas del sur de la península.","cond_promedio":44.7,"area_ha":160401,"cat":"mediana","categoria_etiqueta":"Mediana","es_mesoamericano":false},"geometry":{"type":"Polygon","coordinates":[[[-80.4283704,7.2648035],[-80.4308153,7.2610212],[-80.433665,7.2569575],[-80.4371956,7.252952],[-80.4410607,7.250251],[-80.4450635,7.2488778],[-80.449308,7.2489182],[-80.4537868,7.2499897],[-80.4558453,7.2507969],[-80.4564859,7.2509865],[-80.4568692,7.2511985],[-80.4585899,7.2518732],[-80.4636246,7.2545196],[-80.4681103,7.2571711],[-80.471946,7.2599372],[-80.4754721,7.2625722],[-80.4789255,7.2649036],[-80.4826174,7.2664259],[-80.4864327,7.2671403],[-80.4903512,7.2671846],[-80.4942082,7.266117],[-80.4978266,7.264094],[-80.501273,7.2614986],[-80.5047191,7.2588299],[-80.5081755,7.2562797],[-80.5118372,7.2542673],[-80.5156928,7.2531583],[-80.5198194,7.2532679],[-80.5244993,7.2542882],[-80.5298086,7.2555607],[-80.5346645,7.2568728],[-80.5391311,7.2575773],[-80.5432721,7.2572237],[-80.5470686,7.2557752],[-80.5506594,7.2537739],[-80.554436,7.251942],[-80.5583183,7.2502733],[-80.5621529,7.2483439],[-80.5658391,7.2462224],[-80.5695427,7.2443862],[-80.5733769,7.2431311],[-80.5773791,7.2425526],[-80.5816942,7.2420973],[-80.5863786,7.2409111],[-80.59137,7.2391034],[-80.5961129,7.2380543],[-80.6005853,7.2375791],[-80.604893,7.2371407],[-80.6091281,7.2366958],[-80.6134104,7.2362382],[-80.6177761,7.2357805],[-80.6223857,7.2350712],[-80.6276595,7.2342984],[-80.6342616,7.2333181],[-80.6429191,7.2315618],[-80.6529005,7.2291349],[-80.6614982,7.2272495],[-80.6680006,7.2263165],[-80.6731615,7.2260613],[-80.6776947,7.2256774],[-80.6819704,7.2249846],[-80.6861683,7.2242142],[-80.6903311,7.2237434],[-80.6944695,7.2234601],[-80.6985759,7.2228988],[-80.7025665,7.2219105],[-80.7065448,7.2210695],[-80.7077932,7.2209167],[-80.7084903,7.2205943],[-80.7130789,7.2190718],[-80.7173046,7.2172335],[-80.7209767,7.2150928],[-80.7244343,7.2132634],[-80.7282142,7.2123849],[-80.7322781,7.2124177],[-80.7365278,7.2129442],[-80.740854,7.2135195],[-80.7451806,7.2140128],[-80.7495082,7.2142978],[-80.7538404,7.2145597],[-80.758182,7.2150862],[-80.7625435,7.2156521],[-80.7669325,7.2162036],[-80.7713311,7.216516],[-80.7756898,7.2163664],[-80.7799304,7.215585],[-80.7840114,7.2142972],[-80.7879526,7.2127778],[-80.7917171,7.2111383],[-80.7955032,7.2098829],[-80.7995508,7.2094291],[-80.8038642,7.2095841],[-80.8084672,7.2102444],[-80.8136407,7.2111608],[-80.819844,7.2120448],[-80.8272442,7.2128487],[-80.834015,7.2129937],[-80.8401556,7.2129261],[-80.8451957,7.2135211],[-80.8496096,7.2141505],[-80.8538079,7.2141131],[-80.8579169,7.2133374],[-80.8620836,7.2123792],[-80.866368,7.211474],[-80.870867,7.2108858],[-80.8755533,7.2109216],[-80.8800916,7.2118593],[-80.8832548,7.2142913],[-80.8854962,7.2176163],[-80.8873949,7.2213138],[-80.8895898,7.224944],[-80.8921834,7.2283348],[-80.8948023,7.2317256],[-80.8972214,7.2350654],[-80.8993602,7.2381026],[-80.900763,7.2407885],[-80.9003739,7.2438691],[-80.8984487,7.2478476],[-80.8961186,7.2517884],[-80.893786,7.2556654],[-80.891414,7.2595475],[-80.8886005,7.2636661],[-80.8852962,7.2685687],[-80.8811685,7.2744961],[-80.8764091,7.2805535],[-80.8728851,7.285726],[-80.8706209,7.2902353],[-80.8695728,7.2944676],[-80.8695526,7.2986062],[-80.8697782,7.3027498],[-80.8697051,7.3069054],[-80.8692633,7.3110037],[-80.8685521,7.3149616],[-80.8684696,7.3188795],[-80.8694293,7.3226026],[-80.8710691,7.3258982],[-80.8729343,7.3284757],[-80.8739466,7.3304033],[-80.8729141,7.3320835],[-80.8700445,7.3331946],[-80.8660749,7.3342317],[-80.8614264,7.3352924],[-80.8561645,7.3357962],[-80.8512742,7.3355778],[-80.8465894,7.3352411],[-80.8417249,7.3357901],[-80.8367646,7.33756],[-80.8327383,7.3399259],[-80.8294739,7.3421145],[-80.8262788,7.3431213],[-80.8228716,7.342658],[-80.8192874,7.3413652],[-80.8156087,7.3398954],[-80.8115626,7.3391407],[-80.8069953,7.3395772],[-80.8016902,7.3408965],[-80.795561,7.3425897],[-80.7905597,7.3446767],[-80.7866583,7.3469804],[-80.7831772,7.3490791],[-80.7801026,7.3516247],[-80.7772046,7.3544185],[-80.7740137,7.3569814],[-80.7705404,7.3590956],[-80.7670173,7.3609457],[-80.763658,7.362524],[-80.7604356,7.3635891],[-80.7573277,7.3649053],[-80.7546659,7.36709],[-80.7523837,7.3698332],[-80.7499527,7.372843],[-80.7477863,7.3762657],[-80.7461952,7.3800184],[-80.7454075,7.3839608],[-80.7455287,7.3878512],[-80.7467307,7.3913278],[-80.7488771,7.3941191],[-80.751187,7.3965175],[-80.7530252,7.399067],[-80.7549047,7.4015732],[-80.7575748,7.4032716],[-80.7608339,7.4039691],[-80.7642292,7.4045725],[-80.7674079,7.4055605],[-80.7706616,7.4067199],[-80.7740995,7.4072528],[-80.7772703,7.4072295],[-80.7796582,7.4073433],[-80.781386,7.4089939],[-80.7829205,7.4117793],[-80.7847505,7.4148364],[-80.7868044,7.4177194],[-80.7885325,7.4207785],[-80.7906169,7.4234998],[-80.7933302,7.4252817],[-80.7959109,7.4263307],[-80.7971983,7.4273599],[-80.7962031,7.4286172],[-80.7937519,7.4301546],[-80.7910283,7.4324646],[-80.7887092,7.4355952],[-80.7866535,7.4391644],[-80.7848211,7.4428347],[-80.7832857,7.4463867],[-80.7828773,7.4499574],[-80.7843526,7.4534729],[-80.7875109,7.4568698],[-80.7917293,7.4603066],[-80.7960158,7.4630637],[-80.8001274,7.4652089],[-80.8039033,7.4673439],[-80.8073964,7.4696373],[-80.8108732,7.4717736],[-80.8142458,7.473893],[-80.8178675,7.4754988],[-80.8217363,7.476413],[-80.8256808,7.4771668],[-80.8296716,7.4779387],[-80.8336345,7.4782746],[-80.837448,7.4774981],[-80.8408752,7.4755863],[-80.8438311,7.4729504],[-80.8463035,7.4699582],[-80.848897,7.4674245],[-80.8519536,7.4661128],[-80.8552331,7.4662809],[-80.8586399,7.4675226],[-80.8621569,7.4690757],[-80.8655653,7.4707085],[-80.8689352,7.4721764],[-80.8722679,7.4728007],[-80.8752613,7.4720816],[-80.8775281,7.4707082],[-80.8790607,7.4700945],[-80.8804272,7.4715234],[-80.8819802,7.4742107],[-80.8841535,7.4771382],[-80.8869426,7.4797463],[-80.8898353,7.482193],[-80.8928178,7.484222],[-80.8962161,7.4851646],[-80.8997623,7.4852783],[-80.9032999,7.4856969],[-80.9065491,7.4870619],[-80.9096377,7.4892229],[-80.9129336,7.4914675],[-80.9163761,7.4934171],[-80.9199703,7.4946884],[-80.9234901,7.4954794],[-80.9267995,7.4968726],[-80.9299668,7.4990408],[-80.9332775,7.5014134],[-80.936948,7.503409],[-80.9409411,7.5046723],[-80.9450954,7.50515],[-80.949213,7.5052261],[-80.9531352,7.5056987],[-80.9565371,7.5066958],[-80.958978,7.5084124],[-80.9603457,7.5106089],[-80.9616661,7.5138632],[-80.9595394,7.5183442],[-80.9584776,7.5216713],[-80.9572657,7.5251926],[-80.9553113,7.5282606],[-80.952207,7.5305758],[-80.949694,7.533284],[-80.9485036,7.5365174],[-80.9485215,7.5399755],[-80.9485203,7.5434844],[-80.9476362,7.5468018],[-80.9461007,7.549757],[-80.9450807,7.5529588],[-80.9452216,7.5563264],[-80.9459433,7.5595162],[-80.9461007,7.562269],[-80.9449686,7.5643563],[-80.94276,7.5665648],[-80.9405058,7.5699092],[-80.9389876,7.5744133],[-80.938299,7.5788039],[-80.9389335,7.5827971],[-80.9406971,7.5862381],[-80.9425592,7.5893562],[-80.9433254,7.5925481],[-80.9424169,7.5958294],[-80.9406512,7.599342],[-80.9385331,7.6029531],[-80.9362996,7.6064428],[-80.9332825,7.6088637],[-80.9298831,7.6106874],[-80.9264391,7.6121947],[-80.9230293,7.613806],[-80.9200505,7.6160572],[-80.9176239,7.6188175],[-80.9152474,7.6216168],[-80.9133115,7.6248597],[-80.9125229,7.6287328],[-80.9131214,7.6330794],[-80.9148614,7.6376375],[-80.9161931,7.6417903],[-80.9165526,7.6457316],[-80.9169076,7.6497322],[-80.9175791,7.6537233],[-80.9188741,7.6575362],[-80.9207045,7.661064],[-80.9226354,7.6643316],[-80.923827,7.6677268],[-80.9240545,7.671366],[-80.9237123,7.6750332],[-80.9239779,7.6788081],[-80.9251402,7.6825987],[-80.926583,7.6865194],[-80.9273601,7.6910826],[-80.9278554,7.6954814],[-80.9287216,7.6993823],[-80.9302882,7.7025364],[-80.9325815,7.7046199],[-80.9346717,7.7059803],[-80.9354478,7.7077045],[-80.9347252,7.7102615],[-80.9331633,7.7133466],[-80.9311291,7.7165297],[-80.9289865,7.7198983],[-80.9268642,7.7232701],[-80.9247779,7.7264966],[-80.9231547,7.7300207],[-80.9221975,7.7337069],[-80.9216095,7.7370287],[-80.9206395,7.7392525],[-80.9189783,7.7396188],[-80.9164133,7.7385825],[-80.9130876,7.7372742],[-80.9092454,7.736526],[-80.9052331,7.7364164],[-80.9013112,7.7370002],[-80.8975491,7.7381264],[-80.8935541,7.7388773],[-80.8894078,7.7391922],[-80.8851991,7.7390024],[-80.8810155,7.7387696],[-80.8768997,7.7392843],[-80.8729921,7.7409867],[-80.8694213,7.7439835],[-80.8662641,7.748094],[-80.8642819,7.7524043],[-80.8635592,7.7566],[-80.8634723,7.7603516],[-80.8629746,7.7632285],[-80.8614825,7.7645823],[-80.8592321,7.764085],[-80.8565297,7.7625782],[-80.8531809,7.7613582],[-80.8495447,7.7609443],[-80.8459447,7.7617748],[-80.8425582,7.7634584],[-80.8392291,7.7654967],[-80.8362421,7.7680962],[-80.8336571,7.7709817],[-80.8312659,7.7735807],[-80.828549,7.7750473],[-80.825584,7.775145],[-80.8221579,7.7750654],[-80.818546,7.7753903],[-80.8149724,7.7757107],[-80.8114896,7.7756042],[-80.8076145,7.775873],[-80.8032792,7.7770163],[-80.7983752,7.7784716],[-80.7937079,7.7797441],[-80.7893522,7.7809911],[-80.7851235,7.7819902],[-80.7810264,7.7828954],[-80.7771209,7.7840338],[-80.7732109,7.7848971],[-80.7694677,7.7854827],[-80.7661306,7.7854437],[-80.7631085,7.7840292],[-80.7600723,7.782031],[-80.7564005,7.7806051],[-80.7519867,7.7802313],[-80.7471329,7.7803787],[-80.7428962,7.7792776],[-80.7397578,7.7764853],[-80.7381876,7.7736911],[-80.7386836,7.7716385],[-80.7407167,7.7704227],[-80.7429815,7.7689704],[-80.744175,7.7666464],[-80.7438013,7.7638771],[-80.7426509,7.7611102],[-80.7420545,7.75817],[-80.7423635,7.7547718],[-80.7430024,7.7509844],[-80.7438121,7.74703],[-80.7445979,7.7429377],[-80.7449667,7.7387578],[-80.7449825,7.7346649],[-80.7450775,7.7308914],[-80.7461456,7.727664],[-80.748533,7.7252],[-80.7517795,7.7234238],[-80.7553292,7.7217923],[-80.758777,7.7199998],[-80.7622548,7.718438],[-80.7658188,7.7170217],[-80.7692349,7.7156489],[-80.7725823,7.715003],[-80.7760055,7.7152097],[-80.7796652,7.7150814],[-80.7833245,7.7140956],[-80.7867754,7.7124993],[-80.789902,7.71053],[-80.7920792,7.7077251],[-80.7929199,7.7041987],[-80.7926943,7.7003431],[-80.7919662,7.6964358],[-80.7910857,7.6925776],[-80.7897192,7.6890334],[-80.7878801,7.6860189],[-80.7861511,7.6831539],[-80.7839621,7.6808403],[-80.781353,7.6795421],[-80.7790638,7.6787144],[-80.7775479,7.6768385],[-80.776842,7.6739281],[-80.7758526,7.6704397],[-80.7742218,7.6668576],[-80.7719979,7.6634452],[-80.7694231,7.6602755],[-80.7664884,7.6573939],[-80.7632939,7.6547978],[-80.7601217,7.6520352],[-80.7568375,7.6493373],[-80.7534651,7.6468637],[-80.7503664,7.6442245],[-80.7477318,7.6413124],[-80.7450043,7.6385317],[-80.7417145,7.6365055],[-80.7379727,7.63535],[-80.7340727,7.6346628],[-80.7302246,7.6338272],[-80.7264115,7.6328893],[-80.7225871,7.6324837],[-80.7188892,7.632752],[-80.7153612,7.6328433],[-80.7117354,7.6319827],[-80.7079319,7.6306538],[-80.7040338,7.6293046],[-80.7000766,7.6286592],[-80.6962486,7.6292878],[-80.6929418,7.6312026],[-80.6905553,7.633571],[-80.6875774,7.6363725],[-80.684572,7.6389349],[-80.6819672,7.6415512],[-80.6797075,7.6440437],[-80.6781682,7.6466816],[-80.6778299,7.6495215],[-80.6788903,7.6521175],[-80.6807656,7.6540598],[-80.6829212,7.6551831],[-80.6855059,7.6556694],[-80.6883625,7.655294],[-80.6911496,7.6547741],[-80.6934061,7.6546771],[-80.6947394,7.655854],[-80.6954833,7.6579213],[-80.696141,7.6600162],[-80.6973693,7.6617914],[-80.6983611,7.6631912],[-80.6976049,7.6641265],[-80.695372,7.6642168],[-80.6923048,7.6643181],[-80.6891616,7.6648357],[-80.6866787,7.6657114],[-80.685542,7.6671947],[-80.6862455,7.6688593],[-80.6879476,7.6707932],[-80.6900856,7.6727184],[-80.6925748,7.6738576],[-80.695039,7.674132],[-80.6968118,7.6743246],[-80.6975053,7.6748533],[-80.6972999,7.6758158],[-80.6973221,7.6770975],[-80.697023,7.678298],[-80.6962661,7.6797511],[-80.6961116,7.6815911],[-80.696863,7.6834158],[-80.6966821,7.6854759],[-80.6951071,7.6870907],[-80.6926728,7.6882547],[-80.6898022,7.6889086],[-80.6871343,7.6892513],[-80.6848688,7.688486],[-80.6832304,7.6868705],[-80.6818471,7.6852461],[-80.6797311,7.6845846],[-80.6771386,7.6848641],[-80.6742856,7.6856045],[-80.6712939,7.6863196],[-80.6683859,7.6872015],[-80.6659194,7.6885231],[-80.663987,7.6895788],[-80.6620567,7.6894554],[-80.6601108,7.6890813],[-80.6580752,7.6897379],[-80.6559926,7.6912242],[-80.6543529,7.6933598],[-80.65298,7.695376],[-80.6511453,7.6967208],[-80.649366,7.6976228],[-80.6480515,7.6975663],[-80.6478142,7.6969202],[-80.6478943,7.6955299],[-80.6472986,7.6937375],[-80.6468476,7.6915393],[-80.6469144,7.6891345],[-80.646629,7.6867539],[-80.6451341,7.6847166],[-80.642914,7.6831339],[-80.6400879,7.6825564],[-80.6370608,7.6828053],[-80.6340854,7.6833179],[-80.631789,7.6841768],[-80.6307762,7.6854706],[-80.6311885,7.6869866],[-80.6329347,7.6881253],[-80.6351897,7.689021],[-80.6374696,7.6900366],[-80.6392375,7.6907774],[-80.6396371,7.6913581],[-80.6384188,7.6917832],[-80.6360829,7.6915188],[-80.6331084,7.6909391],[-80.6299848,7.6906494],[-80.6271728,7.6904646],[-80.6253503,7.6899723],[-80.6249621,7.6883443],[-80.625125,7.686126],[-80.6251193,7.6836619],[-80.6241825,7.6813971],[-80.6229573,7.6793805],[-80.622385,7.6763978],[-80.6231134,7.6731329],[-80.6248902,7.6700211],[-80.6270612,7.667043],[-80.6288334,7.66392],[-80.6299679,7.6607863],[-80.6310502,7.6579076],[-80.6315583,7.6551705],[-80.631735,7.6526238],[-80.6330435,7.6495673],[-80.6353872,7.6460187],[-80.6378155,7.6429757],[-80.6396176,7.640129],[-80.6406847,7.6376138],[-80.6419936,7.6353868],[-80.6430601,7.63316],[-80.6435844,7.6311532],[-80.6446158,7.629204],[-80.6457134,7.6267652],[-80.6468355,7.6239751],[-80.6480167,7.621056],[-80.6497959,7.6183635],[-80.6518874,7.6159876],[-80.6538369,7.6138592],[-80.6553119,7.6118307],[-80.6570212,7.6104059],[-80.6589785,7.6099346],[-80.6608316,7.6104578],[-80.6633064,7.6109308],[-80.6661014,7.6113014],[-80.6686535,7.611576],[-80.6703409,7.612483],[-80.6705629,7.6138364],[-80.6697418,7.6150537],[-80.6694317,7.6163409],[-80.6708713,7.6171575],[-80.6736163,7.6172043],[-80.6771918,7.6169076],[-80.6812498,7.6162555],[-80.6856104,7.6146242],[-80.6899843,7.6119271],[-80.6934046,7.6087519],[-80.6960763,7.6053921],[-80.6992507,7.602299],[-80.7039589,7.599412],[-80.710071,7.5964733],[-80.7154678,7.5939283],[-80.7200018,7.5916698],[-80.7237937,7.589153],[-80.7270383,7.5862759],[-80.7300095,7.5832503],[-80.7329587,7.580289],[-80.7354997,7.5770781],[-80.7372365,7.5734903],[-80.7381778,7.5696961],[-80.7386271,7.5659524],[-80.7379467,7.5624535],[-80.7360374,7.5596233],[-80.7334193,7.5578032],[-80.7303732,7.5575601],[-80.7273892,7.5585727],[-80.7243726,7.5596551],[-80.7207887,7.5600989],[-80.7167154,7.5604458],[-80.7122472,7.5609089],[-80.7073185,7.5614412],[-80.701831,7.5618202],[-80.6969591,7.5620027],[-80.6928794,7.561429],[-80.6898959,7.5597732],[-80.6883669,7.557399],[-80.6884344,7.554909],[-80.6897249,7.5522504],[-80.6908241,7.5490378],[-80.6909108,7.5454123],[-80.6901489,7.5417516],[-80.6887249,7.5384179],[-80.6871611,7.5355125],[-80.6862191,7.5323342],[-80.6851184,7.5286108],[-80.6831471,7.5246147],[-80.6797472,7.5208024],[-80.6758741,7.51786],[-80.67192,7.5153106],[-80.6676929,7.5130157],[-80.663207,7.5106231],[-80.6587903,7.5077817],[-80.6556909,7.5049594],[-80.6545866,7.5018219],[-80.6551548,7.4985064],[-80.6566138,7.4952652],[-80.6590017,7.492511],[-80.6618328,7.4900982],[-80.6643035,7.4870851],[-80.6661348,7.4832245],[-80.6678873,7.4787081],[-80.6696757,7.4736923],[-80.670678,7.4690279],[-80.6713186,7.4648156],[-80.6721752,7.4607889],[-80.6729226,7.456752],[-80.6734379,7.452669],[-80.6737821,7.4486331],[-80.6743613,7.4446428],[-80.6750431,7.4407786],[-80.6752837,7.436933],[-80.6741559,7.4330291],[-80.6716151,7.4291216],[-80.668015,7.4253148],[-80.6643365,7.4223828],[-80.6610451,7.4200425],[-80.6582774,7.4177344],[-80.6552501,7.4160635],[-80.6519669,7.4152276],[-80.6487625,7.4144869],[-80.6454717,7.4131886],[-80.6419146,7.4117529],[-80.6382392,7.4100261],[-80.6342569,7.4079039],[-80.6296766,7.4060406],[-80.6254109,7.4049505],[-80.6215702,7.4051024],[-80.6181918,7.4060228],[-80.6149804,7.4069863],[-80.6121591,7.4087886],[-80.6100619,7.4115082],[-80.6082697,7.4143311],[-80.6063344,7.4162938],[-80.603808,7.4165053],[-80.6007359,7.4154933],[-80.5971282,7.4144642],[-80.5932032,7.4140785],[-80.5891428,7.4148079],[-80.5851304,7.4169909],[-80.5812943,7.4203121],[-80.5779684,7.4233794],[-80.5748432,7.4262779],[-80.5721468,7.4294611],[-80.5698966,7.432897],[-80.56774,7.4362215],[-80.5654646,7.4388992],[-80.5626442,7.4401205],[-80.5595203,7.4396627],[-80.5562575,7.4381624],[-80.5530412,7.4361494],[-80.5502703,7.433443],[-80.5477911,7.4301269],[-80.5450509,7.4266094],[-80.5414139,7.4232136],[-80.5370446,7.4197737],[-80.532942,7.4168661],[-80.5292966,7.4146327],[-80.5265808,7.4126007],[-80.5255689,7.409952],[-80.5263685,7.4069364],[-80.5283291,7.4038672],[-80.5308433,7.4009734],[-80.533491,7.3983829],[-80.5367692,7.3966277],[-80.5403836,7.3955121],[-80.5439676,7.3947826],[-80.5472217,7.3934382],[-80.5498397,7.3911713],[-80.5522762,7.3887227],[-80.5552775,7.3868433],[-80.5586724,7.3852066],[-80.5622158,7.3836453],[-80.5654385,7.3809655],[-80.567703,7.3770603],[-80.5679374,7.3731579],[-80.5663409,7.3697827],[-80.5639203,7.366816],[-80.5616086,7.3638873],[-80.5598525,7.3605279],[-80.558339,7.3570063],[-80.5563632,7.3536436],[-80.5536213,7.3508434],[-80.5501388,7.348758],[-80.5462373,7.3469122],[-80.5420495,7.3450344],[-80.5375091,7.342901],[-80.5324629,7.3409013],[-80.5277803,7.3396178],[-80.5237463,7.338621],[-80.5204669,7.3374888],[-80.5178338,7.3353778],[-80.5152206,7.3328167],[-80.5127548,7.3299664],[-80.5103981,7.3269921],[-80.5085102,7.3239233],[-80.5075848,7.3203625],[-80.5070375,7.3165689],[-80.5060242,7.3129188],[-80.5043661,7.3097676],[-80.5016009,7.3076444],[-80.4980544,7.3065231],[-80.4941514,7.3055622],[-80.4902166,7.3042375],[-80.4863992,7.3026072],[-80.4827337,7.3007662],[-80.4790147,7.2993381],[-80.4752658,7.2988679],[-80.4717571,7.299539],[-80.4687104,7.3011025],[-80.4655743,7.302464],[-80.4613753,7.302702],[-80.456318,7.3018602],[-80.4517076,7.3003186],[-80.4475481,7.2985937],[-80.4438866,7.2967021],[-80.4408456,7.2946989],[-80.4388735,7.2921523],[-80.4379857,7.288908],[-80.4370821,7.2853337],[-80.435523,7.2819568],[-80.4334697,7.2790101],[-80.4315558,7.2762815],[-80.4294275,7.2738665],[-80.426953,7.2723684],[-80.4249036,7.2716339],[-80.4241388,7.2704914],[-80.4247709,7.2685399],[-80.4261787,7.266423],[-80.4282359,7.2650987],[-80.4283704,7.2648035]],[[-80.600732,7.2958336],[-80.5980239,7.2942947],[-80.5947793,7.293074],[-80.5913832,7.2914687],[-80.5878883,7.2898776],[-80.5846134,7.2884879],[-80.5815627,7.2882116],[-80.5792917,7.2897164],[-80.5783738,7.2926771],[-80.5786765,7.2963395],[-80.580017,7.3000772],[-80.5822879,7.3034615],[-80.5850757,7.3064607],[-80.5883715,7.308806],[-80.5920622,7.310141],[-80.5958002,7.310116],[-80.5990764,7.3087173],[-80.6014094,7.3062159],[-80.6027336,7.3033831],[-80.6035457,7.2992398],[-80.600732,7.2958336]],[[-80.7081862,7.3716641],[-80.7065861,7.3689376],[-80.7043511,7.3669922],[-80.7016666,7.3666479],[-80.6991395,7.3676663],[-80.6967217,7.3689307],[-80.6939482,7.369894],[-80.6913437,7.3715992],[-80.6897587,7.3743906],[-80.689579,7.3777161],[-80.6909615,7.3808173],[-80.693755,7.3830017],[-80.6974123,7.3840111],[-80.7012965,7.3840106],[-80.7048555,7.3828829],[-80.7075406,7.3808163],[-80.7091719,7.3786181],[-80.7102552,7.3762655],[-80.7081862,7.3716641]],[[-80.7496984,7.5758217],[-80.7482225,7.5741409],[-80.7461897,7.5738691],[-80.7448103,7.5752253],[-80.7449682,7.5772972],[-80.7465339,7.5788728],[-80.7502203,7.5797238],[-80.7496984,7.5758217]],[[-80.7563631,7.2188211],[-80.7535862,7.2182575],[-80.7509409,7.2191156],[-80.7494641,7.2213018],[-80.7498251,7.2240836],[-80.7517134,7.2265252],[-80.7544945,7.2278862],[-80.7573309,7.227665],[-80.7592904,7.2260221],[-80.7600259,7.2239758],[-80.760067,7.2215452],[-80.7563631,7.2188211]],[[-80.8035673,7.478272],[-80.8008537,7.4765421],[-80.7975737,7.4756631],[-80.7942176,7.4757505],[-80.7911373,7.4765702],[-80.7889956,7.4786662],[-80.7884151,7.4817493],[-80.7893772,7.4850174],[-80.7917984,7.4877567],[-80.7950991,7.4897205],[-80.798829,7.4905047],[-80.8024324,7.4900419],[-80.8053553,7.4884831],[-80.807032,7.4860824],[-80.8074603,7.4837398],[-80.8072372,7.4814089],[-80.8035673,7.478272]],[[-80.795583,7.6985452],[-80.7965037,7.7004522],[-80.7983297,7.7011415],[-80.7999205,7.7001345],[-80.8001851,7.6981137],[-80.7990898,7.6963147],[-80.7962393,7.6947953],[-80.795583,7.6985452]],[[-80.8741121,7.4787942],[-80.8718278,7.4795344],[-80.8704952,7.4815089],[-80.8708319,7.4838683],[-80.8725944,7.4853564],[-80.8748964,7.4851689],[-80.876645,7.4835733],[-80.8780064,7.4799058],[-80.8741121,7.4787942]],[[-80.6798683,7.62406],[-80.6771624,7.6256221],[-80.6746392,7.6276111],[-80.6729915,7.630025],[-80.6728972,7.6327371],[-80.674247,7.6351417],[-80.6765105,7.6369146],[-80.6789943,7.6377135],[-80.6813596,7.636813],[-80.6830457,7.6346811],[-80.6838115,7.6317599],[-80.684458,7.628576],[-80.6850809,7.6256771],[-80.6851426,7.6235043],[-80.6840357,7.6217514],[-80.6798683,7.62406]],[[-80.6466784,7.6433425],[-80.6446661,7.6424557],[-80.6422292,7.643156],[-80.6399212,7.6452431],[-80.6380905,7.6480926],[-80.6369411,7.6512039],[-80.6368818,7.6542273],[-80.6381832,7.6567469],[-80.6403903,7.6581495],[-80.6427912,7.6579702],[-80.6446001,7.6563247],[-80.6453064,7.6539771],[-80.6449666,7.6515911],[-80.6442341,7.6495853],[-80.6442013,7.6476599],[-80.644943,7.6465183],[-80.6462006,7.6465349],[-80.6487481,7.646509],[-80.6466784,7.6433425]],[[-80.6284022,7.6799695],[-80.6281392,7.6801682],[-80.6277109,7.6805849],[-80.6284022,7.6799695]],[[-80.6680893,7.6473804],[-80.6687504,7.64784],[-80.6687987,7.6471452],[-80.6674265,7.6450765],[-80.6680893,7.6473804]],[[-80.6356222,7.6767092],[-80.6361894,7.6772594],[-80.6369672,7.6770556],[-80.6370194,7.67623],[-80.6367102,7.6751911],[-80.6356222,7.6767092]],[[-80.6522919,7.6329346],[-80.6502404,7.6325575],[-80.6485019,7.6324246],[-80.6470793,7.6329964],[-80.6467692,7.6344047],[-80.6480106,7.635958],[-80.6508721,7.636626],[-80.6534034,7.6362714],[-80.6554733,7.6344288],[-80.6522919,7.6329346]],[[-80.6694267,7.6443747],[-80.6691433,7.6442015],[-80.6685828,7.643968],[-80.6694267,7.6443747]],[[-80.6772978,7.6215411],[-80.6770375,7.6213256],[-80.6764353,7.6211266],[-80.6772978,7.6215411]],[[-80.6868003,7.6830272],[-80.6871331,7.6833038],[-80.6877339,7.6829814],[-80.6882717,7.6823482],[-80.6868003,7.6830272]],[[-80.6873715,7.6338596],[-80.6877413,7.6338571],[-80.688204,7.6328641],[-80.6873715,7.6338596]]]}},{"type":"Feature","properties":{"nombre":"Corredor Canajagua-Tonosí","notas":"Este corredor está conformado por los bosques de un grupo de cerros en el centro de Los Santos, que incluye al Cerro Quema, al Cerro Canajagua, y al cerro La Tronosa que conectan con el Cerro Hoya. Es una reserva hídrica para Los Santos, y de aquí nacen varios ríos como el Guararé, el Guaniquito y el Oria, que están amenazados por la minería.","cond_promedio":26.51,"area_ha":37224,"cat":"mediabaja","categoria_etiqueta":"Media-baja","es_mesoamericano":false},"geometry":{"type":"Polygon","coordinates":[[[-80.5849125,7.4149719],[-80.5833495,7.4088812],[-80.5806206,7.4028226],[-80.5761996,7.3951231],[-80.5719008,7.3903262],[-80.56814,7.3884738],[-80.5648834,7.3884531],[-80.5615527,7.3884608],[-80.5582421,7.3882276],[-80.5550356,7.3885267],[-80.5523342,7.3893564],[-80.5505097,7.3913771],[-80.5491571,7.3938074],[-80.5471582,7.3955675],[-80.5444054,7.3959263],[-80.5412705,7.3956575],[-80.5376707,7.3960776],[-80.5337406,7.3970132],[-80.529894,7.3980637],[-80.5267747,7.3971923],[-80.5249901,7.3939394],[-80.5245259,7.3886905],[-80.5238031,7.3828597],[-80.5223061,7.3780185],[-80.5200578,7.374396],[-80.5169616,7.372108],[-80.5134076,7.3706639],[-80.5097812,7.3691209],[-80.5062813,7.3674479],[-80.503158,7.365364],[-80.5005482,7.3629321],[-80.4978499,7.3606764],[-80.4953336,7.3582465],[-80.4928863,7.3561008],[-80.4900583,7.3549677],[-80.4872027,7.3543836],[-80.4847185,7.3529094],[-80.4830604,7.3502633],[-80.4821318,7.3470445],[-80.4813079,7.3440036],[-80.4795136,7.3416638],[-80.4768258,7.3400542],[-80.4736929,7.3389086],[-80.4701841,7.3389106],[-80.4664303,7.3404227],[-80.4622171,7.3424312],[-80.4581972,7.3436092],[-80.454392,7.3448578],[-80.4508461,7.3463456],[-80.4478328,7.3486089],[-80.4454583,7.351386],[-80.4441498,7.3546701],[-80.4444216,7.3586336],[-80.4448568,7.3627074],[-80.4456044,7.3667162],[-80.4464158,7.3705486],[-80.44766,7.3740058],[-80.4498422,7.3769046],[-80.4524416,7.3795159],[-80.4553638,7.3814746],[-80.4585704,7.3826487],[-80.4618269,7.3840031],[-80.4651481,7.3855498],[-80.4687323,7.3870404],[-80.4724048,7.3886547],[-80.4760992,7.3903143],[-80.4796385,7.3923019],[-80.4830956,7.3942778],[-80.4866568,7.3957673],[-80.4902912,7.3969163],[-80.4944613,7.3973218],[-80.4994715,7.3979252],[-80.5052938,7.3993305],[-80.5106212,7.4016151],[-80.5141897,7.4045931],[-80.5161131,7.407813],[-80.5163183,7.4109576],[-80.5153753,7.4136752],[-80.5148973,7.4161752],[-80.5161464,7.4184973],[-80.5187487,7.4205936],[-80.5218014,7.4227005],[-80.5243954,7.4252307],[-80.525832,7.4281712],[-80.5257441,7.4313748],[-80.5249121,7.4345226],[-80.5246899,7.4377646],[-80.5252138,7.4406771],[-80.5267754,7.4427233],[-80.5284812,7.444152],[-80.5291678,7.4462072],[-80.5281437,7.4487965],[-80.5261497,7.4518824],[-80.5236088,7.4551768],[-80.5208116,7.4585879],[-80.5177188,7.4620824],[-80.5145953,7.4659955],[-80.5112341,7.4686798],[-80.5076999,7.4696125],[-80.5042249,7.4686224],[-80.500893,7.4662548],[-80.4972718,7.4645254],[-80.4934801,7.4633045],[-80.4895586,7.4616117],[-80.4856026,7.4597165],[-80.482091,7.4593589],[-80.4794169,7.4608559],[-80.4773543,7.4634086],[-80.4750765,7.4659584],[-80.4722773,7.4676865],[-80.4692843,7.4681376],[-80.4667084,7.4675952],[-80.4647527,7.4676429],[-80.4639279,7.4695103],[-80.4645041,7.4727631],[-80.4656454,7.4766623],[-80.4653895,7.4803639],[-80.4636973,7.4834929],[-80.4614802,7.4861725],[-80.4599419,7.4889596],[-80.4599972,7.4920846],[-80.4611328,7.4952354],[-80.4625082,7.4981728],[-80.4641999,7.5002519],[-80.4666915,7.5007756],[-80.4694005,7.4998328],[-80.4720373,7.4984304],[-80.475054,7.4978133],[-80.4780886,7.4979046],[-80.4805016,7.4989972],[-80.4819331,7.5008599],[-80.4833627,7.5023418],[-80.4852879,7.5022968],[-80.4873437,7.5008751],[-80.4900731,7.4994815],[-80.4932701,7.4991793],[-80.4962203,7.5002885],[-80.4981568,7.5029147],[-80.4987553,7.5065673],[-80.4977282,7.5108056],[-80.4953446,7.5152547],[-80.4930162,7.5194176],[-80.490775,7.5232577],[-80.4886267,7.5268248],[-80.4862885,7.529967],[-80.4833522,7.5322979],[-80.4799665,7.5336104],[-80.4764344,7.5338192],[-80.4729205,7.5332538],[-80.4693249,7.5329244],[-80.4656564,7.5328287],[-80.4620136,7.5325551],[-80.4586701,7.5318682],[-80.4560377,7.5313444],[-80.4544538,7.5320921],[-80.4541845,7.5341557],[-80.4539332,7.5369763],[-80.4525527,7.539678],[-80.4501516,7.5413258],[-80.4472411,7.5410171],[-80.4445902,7.5383332],[-80.4432414,7.5348895],[-80.4431888,7.5314429],[-80.4430564,7.5283253],[-80.441867,7.5261448],[-80.4397119,7.5255971],[-80.437483,7.5266619],[-80.4362053,7.529094],[-80.4362539,7.5323765],[-80.4369418,7.5360477],[-80.4376659,7.5399064],[-80.4388582,7.5436872],[-80.4403587,7.5471598],[-80.4417932,7.55006],[-80.4419917,7.5525542],[-80.4405711,7.5540909],[-80.4382399,7.5540527],[-80.4358329,7.5523862],[-80.4332318,7.5501922],[-80.4305183,7.5484276],[-80.4277115,7.5477078],[-80.4252579,7.5471789],[-80.4237443,7.5455955],[-80.4237257,7.5431168],[-80.4247767,7.5405385],[-80.4260465,7.5385395],[-80.4260204,7.5368254],[-80.4240389,7.5358844],[-80.4208007,7.53558],[-80.4169306,7.5352663],[-80.4128404,7.5346705],[-80.4087696,7.5339544],[-80.4049669,7.5327413],[-80.4016841,7.5306575],[-80.3988247,7.5279307],[-80.395973,7.5252145],[-80.3930006,7.5229246],[-80.3899187,7.521552],[-80.3872885,7.5213426],[-80.3857658,7.5227547],[-80.3858776,7.5250392],[-80.3869872,7.5273061],[-80.3875637,7.529626],[-80.386414,7.5316086],[-80.3835719,7.5326814],[-80.3797649,7.5331298],[-80.3755343,7.5334585],[-80.3712013,7.5340763],[-80.3669809,7.5344639],[-80.3643369,7.53388],[-80.3637597,7.5324831],[-80.3640857,7.5311255],[-80.3635817,7.5296877],[-80.3619928,7.5285997],[-80.3603626,7.5268823],[-80.3599686,7.5242789],[-80.3610087,7.5213257],[-80.3628355,7.5183383],[-80.3654323,7.5158027],[-80.3687397,7.5140277],[-80.3723399,7.5128241],[-80.3757705,7.5117687],[-80.3785848,7.5110501],[-80.3799208,7.5099946],[-80.3789975,7.5086655],[-80.3763287,7.507807],[-80.3729231,7.5072934],[-80.3696475,7.5068076],[-80.3671173,7.5053551],[-80.3658565,7.5028454],[-80.3651691,7.4999025],[-80.3637153,7.4969542],[-80.361594,7.4943002],[-80.3586178,7.4927657],[-80.3549196,7.4928799],[-80.3512161,7.4948138],[-80.3490114,7.4979578],[-80.3479689,7.5015637],[-80.3466773,7.5051129],[-80.3442991,7.5080489],[-80.3408119,7.5101102],[-80.3381267,7.5122436],[-80.3371208,7.515126],[-80.3374805,7.5184427],[-80.3385121,7.5219683],[-80.3393517,7.5258081],[-80.3400189,7.529694],[-80.3410904,7.5333143],[-80.3426777,7.5363576],[-80.3453875,7.5383862],[-80.3489936,7.5394818],[-80.3529445,7.5402888],[-80.3564183,7.5409676],[-80.3574582,7.5425254],[-80.3556715,7.5443305],[-80.3515498,7.5457691],[-80.3469614,7.5476503],[-80.3426007,7.5502823],[-80.3389187,7.5525243],[-80.3364177,7.5551367],[-80.3355839,7.5582814],[-80.3361749,7.5616051],[-80.3375368,7.5650254],[-80.3391285,7.568494],[-80.3411267,7.5716778],[-80.3438127,7.5742187],[-80.3471526,7.5758935],[-80.3508438,7.5767187],[-80.3546834,7.5771341],[-80.3585916,7.5778945],[-80.3624088,7.5791936],[-80.3659978,7.5808392],[-80.3689853,7.5830334],[-80.3710811,7.5853947],[-80.3714919,7.5879694],[-80.3701191,7.59012],[-80.367386,7.5913726],[-80.3641869,7.5926002],[-80.3612848,7.5943195],[-80.3596011,7.5969632],[-80.359644,7.6002046],[-80.3610029,7.603499],[-80.3628118,7.6066797],[-80.3642508,7.6100492],[-80.3654558,7.6135197],[-80.3674093,7.616785],[-80.3706888,7.6192528],[-80.3749865,7.6203965],[-80.3788088,7.619617],[-80.3818902,7.6172767],[-80.3849615,7.6143419],[-80.3885489,7.6114215],[-80.3922956,7.6083806],[-80.3953298,7.6059409],[-80.3972268,7.603003],[-80.3983554,7.5999502],[-80.4003762,7.5983418],[-80.4034017,7.5985721],[-80.4076361,7.5994492],[-80.4127082,7.6002966],[-80.4172072,7.6010185],[-80.420841,7.6016398],[-80.4237486,7.6014622],[-80.4258563,7.6006551],[-80.4275175,7.6007445],[-80.4278413,7.6026681],[-80.4260661,7.6056848],[-80.4230753,7.6081923],[-80.4197817,7.6104766],[-80.4168247,7.6127183],[-80.4142761,7.6143838],[-80.4114607,7.61452],[-80.4086143,7.6133603],[-80.4059906,7.6118369],[-80.4032384,7.6111707],[-80.4005394,7.6114749],[-80.3980418,7.612151],[-80.3961022,7.6140603],[-80.3947936,7.6169219],[-80.3931444,7.6200653],[-80.3911397,7.62308],[-80.3895872,7.6262074],[-80.3891681,7.6296345],[-80.389641,7.6331696],[-80.3899714,7.636972],[-80.3901036,7.6409348],[-80.3899618,7.644947],[-80.3898203,7.6488799],[-80.3904589,7.6526136],[-80.3923231,7.6559093],[-80.3949265,7.6588531],[-80.3976938,7.6616958],[-80.4003712,7.6642436],[-80.4032386,7.665701],[-80.4060792,7.6655862],[-80.4085149,7.6646086],[-80.4109751,7.6643065],[-80.4133343,7.6653261],[-80.4159146,7.666478],[-80.418905,7.6664542],[-80.4219378,7.664929],[-80.424802,7.6624298],[-80.4276094,7.6596319],[-80.4302285,7.656751],[-80.4327553,7.6541467],[-80.435893,7.6523147],[-80.4395116,7.6509094],[-80.4433344,7.6485671],[-80.4463956,7.6458951],[-80.4479659,7.6428322],[-80.4478456,7.6396916],[-80.4459942,7.6368475],[-80.4432098,7.6342491],[-80.4400535,7.6319592],[-80.4370508,7.629858],[-80.4350917,7.6275552],[-80.4350105,7.6253371],[-80.43693,7.6238428],[-80.4398159,7.6226673],[-80.4425339,7.6209119],[-80.444152,7.6179898],[-80.4445778,7.6142385],[-80.4442325,7.6100344],[-80.4436081,7.6054815],[-80.4428932,7.6007429],[-80.4433813,7.5965012],[-80.4443926,7.5924733],[-80.445238,7.5884463],[-80.4457992,7.5844733],[-80.4463754,7.580729],[-80.4467627,7.5773341],[-80.4477118,7.5747366],[-80.4497954,7.5737023],[-80.4525927,7.5743041],[-80.4557363,7.575589],[-80.4588486,7.5772528],[-80.461702,7.5795181],[-80.4647655,7.5816322],[-80.4683466,7.5830031],[-80.4722652,7.5842764],[-80.4764572,7.5863548],[-80.4811167,7.5889841],[-80.4851827,7.5921164],[-80.4888145,7.5951712],[-80.492213,7.5966844],[-80.4954963,7.5977306],[-80.4984138,7.5993517],[-80.5004512,7.6015257],[-80.5007685,7.6041303],[-80.4993224,7.6064353],[-80.4965172,7.6080333],[-80.493217,7.6094868],[-80.4900843,7.6116386],[-80.4872783,7.6143926],[-80.4842383,7.6171729],[-80.4798478,7.6194155],[-80.4744738,7.6214071],[-80.4708454,7.6243092],[-80.4695654,7.628287],[-80.4703241,7.6328557],[-80.4733832,7.6364507],[-80.4771896,7.6386832],[-80.4809677,7.6399345],[-80.484313,7.6401461],[-80.4872242,7.6387182],[-80.4899641,7.6363912],[-80.4928408,7.6338617],[-80.4955742,7.6310735],[-80.4981896,7.6284691],[-80.4995574,7.6259775],[-80.5007796,7.6239697],[-80.502522,7.6233845],[-80.5041944,7.6247415],[-80.5054339,7.6272138],[-80.5059395,7.630056],[-80.5050944,7.6328331],[-80.5032556,7.6352127],[-80.5016872,7.6377441],[-80.5012077,7.6401023],[-80.5024582,7.6415305],[-80.50504,7.6415402],[-80.5083172,7.640911],[-80.5115418,7.6396273],[-80.5142799,7.6376151],[-80.516299,7.6351297],[-80.5177377,7.632466],[-80.5199496,7.6300403],[-80.5229883,7.6279514],[-80.5264454,7.626071],[-80.5297513,7.6239023],[-80.5325143,7.6213083],[-80.5346306,7.6184621],[-80.5363361,7.6154522],[-80.5392218,7.6126609],[-80.5439365,7.6104492],[-80.5489021,7.6082152],[-80.552557,7.6059549],[-80.5544059,7.6029024],[-80.5551557,7.5992252],[-80.5555006,7.5950708],[-80.5567439,7.5901008],[-80.5591771,7.5843679],[-80.5611806,7.5793602],[-80.5630894,7.5752424],[-80.5651441,7.5717124],[-80.5668385,7.5681441],[-80.5681804,7.5645076],[-80.5689941,7.5607419],[-80.5696371,7.5569665],[-80.5694583,7.5531697],[-80.5683226,7.5495709],[-80.5667379,7.5461782],[-80.5644419,7.5432395],[-80.5618632,7.5405569],[-80.5595795,7.5375248],[-80.5571209,7.5344588],[-80.5543358,7.5316985],[-80.5510696,7.5294792],[-80.5477078,7.5272244],[-80.5445375,7.5248696],[-80.541873,7.5225306],[-80.5405273,7.5198793],[-80.541045,7.5174253],[-80.5432295,7.5159154],[-80.5459697,7.5151317],[-80.5476618,7.513317],[-80.5483437,7.5106674],[-80.5485091,7.5078104],[-80.5476778,7.5053444],[-80.545866,7.5035408],[-80.5440781,7.5012631],[-80.5431796,7.4981779],[-80.5429805,7.4946768],[-80.5425582,7.4909042],[-80.5403497,7.4865513],[-80.5368734,7.4825863],[-80.533905,7.4790425],[-80.531576,7.4760157],[-80.5306618,7.4730383],[-80.53172,7.4704429],[-80.5347163,7.4688247],[-80.5391881,7.4679656],[-80.544894,7.4674735],[-80.5515788,7.4673202],[-80.5570637,7.4665342],[-80.5612952,7.4652531],[-80.5642712,7.4628824],[-80.5661,7.4596028],[-80.5674173,7.4559768],[-80.5689684,7.4524602],[-80.5708358,7.4491872],[-80.5722584,7.445508],[-80.573245,7.4414871],[-80.5743058,7.4372961],[-80.5758393,7.4330201],[-80.5778776,7.4285266],[-80.5801788,7.4238315],[-80.5822629,7.4199811],[-80.5849125,7.4149719]],[[-80.378863,7.6009954],[-80.3777981,7.6044587],[-80.3769026,7.6061224],[-80.3754089,7.6064706],[-80.3743312,7.6051643],[-80.3745934,7.6031026],[-80.3758233,7.601441],[-80.378863,7.6009954]],[[-80.4074052,7.553343],[-80.4065094,7.5546742],[-80.4057239,7.5548992],[-80.4056013,7.5542892],[-80.4074052,7.553343]],[[-80.4203771,7.5604262],[-80.421619,7.5611903],[-80.4219349,7.5621768],[-80.4212352,7.5629202],[-80.4203227,7.5625446],[-80.4203771,7.5604262]],[[-80.4254851,7.6178358],[-80.4248725,7.6201188],[-80.4240558,7.6204163],[-80.4238538,7.6196169],[-80.4254851,7.6178358]],[[-80.4413759,7.6108541],[-80.4404997,7.6133286],[-80.4388583,7.6145567],[-80.436258,7.6144544],[-80.4338197,7.6127896],[-80.4336348,7.6103481],[-80.4357959,7.6084676],[-80.4382961,7.6084032],[-80.4413759,7.6108541]],[[-80.4345211,7.5807801],[-80.432321,7.5813824],[-80.4316698,7.580855],[-80.4322575,7.5802399],[-80.4345211,7.5807801]],[[-80.510627,7.5160708],[-80.5091659,7.5175869],[-80.5073759,7.5187072],[-80.5050723,7.5190046],[-80.5033448,7.5180541],[-80.5032914,7.5162235],[-80.5047535,7.5146626],[-80.506998,7.5143662],[-80.510627,7.5160708]],[[-80.5203884,7.5307712],[-80.5209487,7.5328243],[-80.5200719,7.5336359],[-80.5188658,7.53336],[-80.5185687,7.5322607],[-80.5203884,7.5307712]]]}},{"type":"Feature","properties":{"nombre":"Corredor David-Chorcha","notas":"Los manglares de David son un área clave de biodiversidad para Panamá y forman por sí solos un corredor a lo largo del Golfo de Chiriquí. Se conecta cruzando la Panamericana hacia la meseta de Chorcha y las partes altas del río del mismo nombre, junto con el río Fonseca en la Comarca Ngäbe-Buglé.","cond_promedio":33.61,"area_ha":23298,"cat":"mediabaja","categoria_etiqueta":"Media-baja","es_mesoamericano":false},"geometry":{"type":"Polygon","coordinates":[[[-82.5531813,8.3112068],[-82.5531473,8.3093127],[-82.5526391,8.3070974],[-82.5512905,8.3043218],[-82.549382,8.3013513],[-82.5462395,8.298822],[-82.5417827,8.296822],[-82.5360583,8.2948857],[-82.5292461,8.2927301],[-82.5233996,8.2904706],[-82.5183446,8.2880869],[-82.513286,8.2858007],[-82.50782,8.2837629],[-82.5028106,8.2823006],[-82.4982241,8.2813222],[-82.4935938,8.281244],[-82.4886324,8.2817636],[-82.4834196,8.282917],[-82.4788771,8.2840177],[-82.4752027,8.2854638],[-82.4723907,8.2876521],[-82.4695733,8.2900491],[-82.4668817,8.2926811],[-82.4647739,8.2958301],[-82.4630035,8.2992117],[-82.4607872,8.3024879],[-82.4583269,8.3057515],[-82.455463,8.3087525],[-82.4521859,8.3111991],[-82.4487478,8.3129176],[-82.4451945,8.3131719],[-82.4415829,8.311257],[-82.4379091,8.3076952],[-82.4344695,8.3041293],[-82.4311621,8.3008907],[-82.4273234,8.2982844],[-82.4228205,8.2960928],[-82.417738,8.294089],[-82.4127421,8.2927162],[-82.4076387,8.2919783],[-82.4018677,8.2919257],[-82.3946366,8.2934114],[-82.3858888,8.2971126],[-82.3793489,8.3015131],[-82.3746102,8.3061602],[-82.370848,8.3100161],[-82.3676793,8.3134326],[-82.3644567,8.3162436],[-82.360843,8.3182645],[-82.357004,8.3197174],[-82.3531768,8.3206235],[-82.3497326,8.3213766],[-82.3469938,8.3230186],[-82.345186,8.3257122],[-82.3433405,8.3288305],[-82.3405772,8.331671],[-82.3371231,8.3336993],[-82.3338998,8.3336611],[-82.3309907,8.332439],[-82.3279181,8.3313911],[-82.3247433,8.3312934],[-82.3217163,8.3319872],[-82.3186784,8.3320729],[-82.315797,8.3305493],[-82.3128744,8.3277923],[-82.309533,8.3242313],[-82.305854,8.3201633],[-82.302525,8.3164977],[-82.2996113,8.3131851],[-82.2961071,8.3104464],[-82.2917335,8.3080198],[-82.2867713,8.3054124],[-82.282358,8.3028177],[-82.2784291,8.3003953],[-82.2744431,8.298629],[-82.2700525,8.2975794],[-82.2652026,8.2970169],[-82.2598342,8.2973783],[-82.255054,8.298326],[-82.2511154,8.3001249],[-82.2480507,8.3028191],[-82.245437,8.3059342],[-82.2434777,8.3095658],[-82.2419867,8.3135446],[-82.2406123,8.317672],[-82.2393809,8.3219041],[-82.2380656,8.3261676],[-82.2361992,8.3304269],[-82.2335758,8.3347624],[-82.2296528,8.3390583],[-82.2245037,8.3428684],[-82.2198327,8.3442497],[-82.2161732,8.3432215],[-82.213609,8.3404588],[-82.2118713,8.3367653],[-82.2103747,8.3326665],[-82.209184,8.3282292],[-82.2079927,8.3236403],[-82.2064771,8.3194147],[-82.2036993,8.3173246],[-82.199822,8.3176767],[-82.1953025,8.319753],[-82.1913617,8.3222211],[-82.1882147,8.3245176],[-82.1862156,8.3271385],[-82.1850428,8.3299855],[-82.1832834,8.3323638],[-82.1804167,8.3333514],[-82.1767786,8.3325403],[-82.1727932,8.3306124],[-82.1687084,8.329741],[-82.1644975,8.3302533],[-82.1598162,8.3314266],[-82.15435,8.33289],[-82.1478817,8.3342789],[-82.1415118,8.3355105],[-82.136572,8.3370487],[-82.1333745,8.3392953],[-82.1321127,8.3422321],[-82.132641,8.3452895],[-82.1343333,8.348155],[-82.1358752,8.3514579],[-82.1366097,8.3552257],[-82.1370608,8.3591932],[-82.1377284,8.3630805],[-82.1388463,8.3664986],[-82.141181,8.3689567],[-82.1445002,8.3702502],[-82.1482843,8.3705252],[-82.1520976,8.3703318],[-82.1558033,8.3707786],[-82.1590629,8.3721192],[-82.1616263,8.3740451],[-82.1639391,8.3759469],[-82.1667381,8.376709],[-82.1699608,8.376065],[-82.1732761,8.3745855],[-82.1766615,8.3731659],[-82.179577,8.3717365],[-82.1813358,8.3691426],[-82.1815192,8.3651202],[-82.1817916,8.3610235],[-82.1830564,8.3575806],[-82.1856886,8.3553764],[-82.1891885,8.3545923],[-82.1928749,8.3548946],[-82.1960557,8.3564061],[-82.1979157,8.3591256],[-82.1978588,8.3627225],[-82.1960185,8.3667282],[-82.1934937,8.3710201],[-82.1924151,8.3750719],[-82.19359,8.3785695],[-82.1962148,8.3801761],[-82.1993757,8.3800771],[-82.2027984,8.3798799],[-82.2059768,8.3807868],[-82.2082588,8.3830353],[-82.2093374,8.3861459],[-82.2097927,8.3893414],[-82.2108071,8.3917758],[-82.2125933,8.3925842],[-82.2143642,8.3912115],[-82.215503,8.3881191],[-82.2168595,8.3841036],[-82.2195211,8.3799525],[-82.2230041,8.3770675],[-82.2268598,8.3754279],[-82.2306606,8.3747115],[-82.2341601,8.3752974],[-82.2369874,8.3770032],[-82.2392524,8.378767],[-82.2416831,8.379306],[-82.2443377,8.3783775],[-82.2474931,8.3771901],[-82.2508624,8.3763973],[-82.2538575,8.3755949],[-82.2561576,8.3735682],[-82.2580104,8.3705282],[-82.2601572,8.3671809],[-82.2629296,8.3641177],[-82.2662929,8.3616843],[-82.2706425,8.360597],[-82.2757689,8.3610072],[-82.2803864,8.3622962],[-82.2846677,8.363336],[-82.289123,8.3627535],[-82.2928761,8.3606185],[-82.2964703,8.3577981],[-82.3009099,8.3551622],[-82.3064661,8.3533084],[-82.3117485,8.3528609],[-82.315456,8.3548071],[-82.3179236,8.3587543],[-82.3198939,8.3640093],[-82.3222533,8.3690451],[-82.325386,8.3732623],[-82.3287566,8.3753594],[-82.3318346,8.3755457],[-82.3337865,8.3745407],[-82.3338535,8.3730071],[-82.3326099,8.371568],[-82.3315933,8.3696304],[-82.3320949,8.3675903],[-82.334192,8.3664687],[-82.3369698,8.3665694],[-82.3395333,8.3676648],[-82.3414894,8.36878],[-82.3433344,8.3683813],[-82.3446297,8.3660469],[-82.3452797,8.3625219],[-82.3454839,8.3585303],[-82.3457039,8.3546292],[-82.3466465,8.3512944],[-82.3485912,8.3492248],[-82.3513394,8.3491357],[-82.35424,8.3506626],[-82.3567868,8.3530458],[-82.3587089,8.3556297],[-82.3591888,8.3586939],[-82.358431,8.3619324],[-82.3578245,8.3652849],[-82.3586986,8.3683726],[-82.3616452,8.3704311],[-82.3652706,8.3707759],[-82.3688036,8.369732],[-82.3720478,8.3679943],[-82.3748692,8.3655654],[-82.3778464,8.3630167],[-82.3806613,8.3601874],[-82.3828687,8.3568939],[-82.3844452,8.3532456],[-82.3864457,8.3496678],[-82.3899916,8.3466676],[-82.3939586,8.3449768],[-82.3978893,8.3446155],[-82.4016093,8.3454521],[-82.4049766,8.3481379],[-82.4078764,8.3522262],[-82.4099931,8.3560961],[-82.4121913,8.3588386],[-82.4151203,8.3598327],[-82.4186446,8.3596134],[-82.4225682,8.3592319],[-82.4265908,8.3589868],[-82.430489,8.3585355],[-82.4343079,8.3579218],[-82.4380984,8.35783],[-82.4415861,8.3588078],[-82.4443662,8.3610638],[-82.4464143,8.364015],[-82.4483283,8.3666363],[-82.4507414,8.367889],[-82.4532414,8.3675725],[-82.4549765,8.3658387],[-82.4555609,8.3631629],[-82.456303,8.3602494],[-82.4582648,8.3579311],[-82.4613093,8.3565949],[-82.4646476,8.3555646],[-82.4674762,8.3541575],[-82.4691812,8.3514226],[-82.4697114,8.3475511],[-82.4696701,8.3428942],[-82.4696885,8.3378242],[-82.4707962,8.3334768],[-82.4726243,8.3297852],[-82.4749967,8.326864],[-82.4776167,8.3248177],[-82.4804282,8.3241361],[-82.483167,8.3251836],[-82.4857851,8.3270141],[-82.4889526,8.3283414],[-82.4926597,8.3286724],[-82.4966291,8.3283723],[-82.5007676,8.32807],[-82.5049088,8.3275228],[-82.5089633,8.3265306],[-82.5128579,8.3245197],[-82.516739,8.3215357],[-82.5208628,8.3191049],[-82.5253871,8.3173988],[-82.5304261,8.3162366],[-82.5361,8.3157266],[-82.5413448,8.3153828],[-82.5460053,8.3145189],[-82.5531813,8.3112068]],[[-82.1700143,8.3681334],[-82.1671242,8.368783],[-82.1648492,8.3683862],[-82.1628631,8.3668794],[-82.1617649,8.3642872],[-82.1620509,8.3614897],[-82.1638333,8.3596121],[-82.1663947,8.3594841],[-82.1686808,8.3610855],[-82.1699608,8.3636387],[-82.1700143,8.3681334]],[[-82.3013488,8.3278579],[-82.2998885,8.3302816],[-82.2980954,8.3324821],[-82.2957424,8.3348868],[-82.2933261,8.3369646],[-82.2910331,8.3376496],[-82.2896496,8.3363096],[-82.2897808,8.3336631],[-82.2913387,8.330823],[-82.2940004,8.3287056],[-82.2969529,8.3276059],[-82.3013488,8.3278579]]]}},{"type":"Feature","properties":{"nombre":"Corredor del Canal de Panamá","notas":"Este corredor interoceánico de norte a sur comienza en los bosques de la ciudad de Panamá en el Parque Natural Metropolitano y sigue por las áreas protegidas a ambos lados del Canal de Panamá: Camino de Cruces, Soberanía, los bosques en la ribera oeste del Canal de Panamá y la isla Barro Colorado. En la parte norte conecta con el parque Chagres y los otros bosques del Corredor Biológico Mesoamericano. La conectividad entre el este y oeste del país ocurre por las islas del lago Gatún y las esclusas de Agua Clara hacia el bosque de San Lorenzo y la Costa Abajo de Colón.","cond_promedio":45.47,"area_ha":107940,"cat":"mediana","categoria_etiqueta":"Mediana","es_mesoamericano":false},"geometry":{"type":"Polygon","coordinates":[[[-79.5444797,9.0384699],[-79.5438673,9.0383808],[-79.5437783,9.0383804],[-79.5437437,9.0383803],[-79.5433453,9.0378305],[-79.5433418,9.037827],[-79.5433018,9.0377031],[-79.5428028,9.0370145],[-79.5427727,9.0369843],[-79.542084,9.0364827],[-79.5419597,9.036442],[-79.5419562,9.0364385],[-79.5412675,9.0359369],[-79.5409601,9.0358363],[-79.5407288,9.0356679],[-79.5405479,9.0352286],[-79.5404514,9.0350475],[-79.5400673,9.0345457],[-79.5400576,9.034536],[-79.5400584,9.0343244],[-79.5400324,9.034157],[-79.5397719,9.0333488],[-79.5396818,9.0332244],[-79.539671,9.0331496],[-79.5396652,9.0331394],[-79.5396282,9.0330313],[-79.5394287,9.0326029],[-79.5393606,9.0324642],[-79.5392426,9.0322953],[-79.5390369,9.0320646],[-79.5388216,9.0318392],[-79.5386666,9.03172],[-79.5384489,9.0315862],[-79.5381186,9.0314043],[-79.537951,9.0313429],[-79.5377172,9.0312806],[-79.5373165,9.0311997],[-79.5372659,9.0311973],[-79.5372585,9.0311899],[-79.537232,9.0311907],[-79.5372259,9.0311822],[-79.5372425,9.0311739],[-79.5372416,9.031173],[-79.5373503,9.0310952],[-79.5378548,9.0305977],[-79.5379383,9.0304843],[-79.5382653,9.0298527],[-79.5387094,9.0295346],[-79.5388174,9.0294281],[-79.539297,9.0287906],[-79.5395698,9.0280422],[-79.5396123,9.0272472],[-79.5394208,9.0264743],[-79.5390119,9.0257898],[-79.5384207,9.0252529],[-79.5377087,9.0249147],[-79.5376866,9.0249079],[-79.5375939,9.0248938],[-79.537632,9.0246146],[-79.5376324,9.0245184],[-79.5375428,9.02382],[-79.5375407,9.0238122],[-79.5372723,9.0231606],[-79.5372051,9.0230728],[-79.537273,9.0229856],[-79.5375466,9.0223362],[-79.5375488,9.0223284],[-79.5376242,9.0217761],[-79.5376355,9.0217607],[-79.5379026,9.0209546],[-79.5379077,9.020923],[-79.5379098,9.0204109],[-79.5379138,9.0204054],[-79.5380151,9.0200998],[-79.5381889,9.019864],[-79.5382298,9.0197405],[-79.5382333,9.019737],[-79.5387379,9.0190524],[-79.5387811,9.018922],[-79.5392016,9.0183817],[-79.5394752,9.0177323],[-79.5394774,9.0177245],[-79.5394895,9.0176357],[-79.5397517,9.0172988],[-79.5400253,9.0166494],[-79.5400275,9.0166416],[-79.5400577,9.0164204],[-79.5401131,9.0163452],[-79.5401541,9.0162216],[-79.5401576,9.0162182],[-79.5406621,9.0155335],[-79.5407634,9.0152279],[-79.5409372,9.0149921],[-79.5409781,9.0148686],[-79.5409816,9.0148651],[-79.5414862,9.0141805],[-79.5415874,9.0138748],[-79.5417612,9.013639],[-79.5418624,9.0133334],[-79.5420362,9.0130976],[-79.5421375,9.0127919],[-79.5421399,9.0127887],[-79.5425948,9.0126035],[-79.5427652,9.0124746],[-79.5428902,9.0124348],[-79.5435828,9.0119387],[-79.5440874,9.011254],[-79.5443544,9.0104479],[-79.5443578,9.0095992],[-79.5440972,9.008791],[-79.5440728,9.0087428],[-79.5439651,9.0084087],[-79.5439538,9.0083932],[-79.5438829,9.0078404],[-79.5438808,9.0078325],[-79.5436948,9.0073811],[-79.5436144,9.0067542],[-79.5436123,9.0067464],[-79.5434742,9.0064111],[-79.5434866,9.0063734],[-79.5435125,9.0061839],[-79.543515,9.0055608],[-79.5434906,9.0053711],[-79.5434401,9.0052144],[-79.5434405,9.005108],[-79.5434488,9.0030331],[-79.543449,9.002985],[-79.5436291,9.0025577],[-79.5436312,9.0025499],[-79.5437264,9.0018523],[-79.5437304,9.000864],[-79.5437306,9.000816],[-79.5439106,9.0003887],[-79.5439127,9.0003809],[-79.544008,8.9996832],[-79.5440149,8.9979594],[-79.5439252,8.997261],[-79.5439231,8.9972532],[-79.5437465,8.9968245],[-79.5437467,8.9967765],[-79.5437496,8.9960595],[-79.54366,8.9953611],[-79.5436579,8.9953533],[-79.5436031,8.9952203],[-79.543811,8.9945928],[-79.543814,8.9938442],[-79.5438025,8.9937072],[-79.5437595,8.9935741],[-79.5437596,8.9935494],[-79.5437777,8.9935277],[-79.5437777,8.9935274],[-79.5437786,8.9935266],[-79.5441358,8.9930973],[-79.5442471,8.9928915],[-79.5444623,8.9924075],[-79.5444775,8.9923631],[-79.5445012,8.992222],[-79.5445477,8.9918969],[-79.5447717,8.991593],[-79.5448955,8.9913251],[-79.5451024,8.9907004],[-79.5451238,8.9905695],[-79.5451238,8.9905574],[-79.5452304,8.9904128],[-79.5453055,8.990359],[-79.5453677,8.9902746],[-79.5454941,8.9901499],[-79.5455795,8.9900888],[-79.5456416,8.9900044],[-79.5456932,8.9899536],[-79.5458178,8.9899139],[-79.5465104,8.9894177],[-79.5465887,8.9893404],[-79.5466741,8.9892793],[-79.5467363,8.9891949],[-79.5468626,8.9890703],[-79.546948,8.9890091],[-79.5470102,8.9889247],[-79.5471366,8.9888001],[-79.5472219,8.9887389],[-79.5472841,8.9886545],[-79.5474105,8.9885299],[-79.5474959,8.9884687],[-79.547558,8.9883843],[-79.5476844,8.9882597],[-79.5477698,8.9881985],[-79.547832,8.9881142],[-79.5479583,8.9879895],[-79.5480437,8.9879283],[-79.5481059,8.987844],[-79.5482323,8.9877193],[-79.5483176,8.9876582],[-79.5483798,8.9875738],[-79.5484582,8.9874965],[-79.5489627,8.9868118],[-79.5490639,8.9865062],[-79.5492377,8.9862704],[-79.5492409,8.9862606],[-79.5492523,8.9862524],[-79.5492703,8.9862096],[-79.549344,8.9861367],[-79.5497363,8.9856043],[-79.5500735,8.9853627],[-79.5501519,8.9852854],[-79.5502372,8.9852243],[-79.5502994,8.9851399],[-79.5503778,8.9850626],[-79.5508823,8.984378],[-79.5510672,8.9838196],[-79.5513545,8.9836137],[-79.5514872,8.9834824],[-79.551492,8.9834943],[-79.5515049,8.9834769],[-79.5517121,8.98398],[-79.5518104,8.9841084],[-79.5518986,8.9843819],[-79.5523977,8.9850705],[-79.5524263,8.9850992],[-79.5525172,8.9852247],[-79.5525936,8.9853136],[-79.553257,8.9857968],[-79.5540678,8.9860623],[-79.5549214,8.9860656],[-79.5557343,8.9858065],[-79.5564269,8.9853104],[-79.5564273,8.98531],[-79.5565126,8.9852489],[-79.5565748,8.9851645],[-79.5567012,8.9850398],[-79.5567865,8.9849787],[-79.5568487,8.9848943],[-79.5569271,8.984817],[-79.5574315,8.9841323],[-79.5574392,8.9841092],[-79.5574577,8.984087],[-79.5574584,8.9840853],[-79.5574613,8.9840826],[-79.5578108,8.9836626],[-79.5579326,8.9834381],[-79.5581369,8.9829787],[-79.5581541,8.9829289],[-79.5581909,8.982713],[-79.5582371,8.9823903],[-79.5584532,8.9820969],[-79.5587202,8.9812908],[-79.5587236,8.9804421],[-79.5584778,8.97968],[-79.5585011,8.9796633],[-79.5585515,8.9796635],[-79.5592539,8.9795744],[-79.5592618,8.9795723],[-79.5599171,8.9793054],[-79.5604839,8.9788765],[-79.5605154,8.9788454],[-79.5605526,8.9788456],[-79.5605526,8.9788575],[-79.5607374,8.9788582],[-79.5608285,8.9788467],[-79.560843,8.9788467],[-79.5609148,8.9788357],[-79.5614398,8.9787691],[-79.5614477,8.978767],[-79.562103,8.9785001],[-79.5626498,8.9780864],[-79.5627812,8.9780445],[-79.5634738,8.9775483],[-79.5635521,8.977471],[-79.5636375,8.9774098],[-79.5636997,8.9773254],[-79.563778,8.9772481],[-79.5639621,8.9769983],[-79.5639928,8.977014],[-79.563996,8.97701],[-79.5640219,8.9770289],[-79.5643061,8.9771743],[-79.5645602,8.9777909],[-79.5649916,8.9783544],[-79.5650528,8.9784158],[-79.5651144,8.9785007],[-79.5651992,8.9785625],[-79.5652856,8.9786491],[-79.5659743,8.9791506],[-79.5667851,8.979416],[-79.5668189,8.9794162],[-79.5668224,8.9794235],[-79.5668312,8.9794334],[-79.5668499,8.9794351],[-79.566912,8.979524],[-79.5671177,8.9797547],[-79.567333,8.97998],[-79.567488,8.9800992],[-79.5677057,8.980233],[-79.568036,8.9804149],[-79.5682036,8.9804762],[-79.5684373,8.9805385],[-79.568838,8.9806194],[-79.5689877,8.9806265],[-79.5692602,8.9806184],[-79.5693644,8.9806985],[-79.5700176,8.9809705],[-79.5700254,8.9809726],[-79.5707272,8.9810672],[-79.570891,8.9810679],[-79.570912,8.9810679],[-79.5709121,8.9810351],[-79.5713424,8.9810367],[-79.5721552,8.9807776],[-79.5728478,8.9802814],[-79.5733522,8.9795967],[-79.5736192,8.9787906],[-79.5736225,8.9779419],[-79.5733619,8.9771337],[-79.5732841,8.9770264],[-79.573285,8.9767867],[-79.5730244,8.9759785],[-79.5725253,8.97529],[-79.5724389,8.9752034],[-79.5723774,8.9751185],[-79.5722925,8.9750567],[-79.5721671,8.9749311],[-79.5721617,8.9749236],[-79.5721182,8.9745845],[-79.5721161,8.9745767],[-79.5718476,8.9739252],[-79.5717371,8.9737808],[-79.5717632,8.9737741],[-79.5717624,8.9737731],[-79.5717802,8.9737697],[-79.5720144,8.9737092],[-79.5721825,8.9736491],[-79.5725141,8.9734698],[-79.5727329,8.9733377],[-79.5728888,8.9732197],[-79.5731059,8.972996],[-79.5733134,8.972767],[-79.5734327,8.972599],[-79.5735019,8.9724608],[-79.5735088,8.9724462],[-79.5739717,8.9728022],[-79.5741531,8.9728995],[-79.5744868,8.9730385],[-79.5745807,8.973168],[-79.5745806,8.9732181],[-79.5745922,8.9733087],[-79.5745921,8.9733231],[-79.5746032,8.9733945],[-79.5746703,8.9739165],[-79.5746723,8.9739243],[-79.574849,8.974353],[-79.5748488,8.974401],[-79.574846,8.975118],[-79.5749357,8.9758164],[-79.5749378,8.9758243],[-79.5751759,8.9764023],[-79.5752053,8.9766313],[-79.5752074,8.9766391],[-79.5754759,8.9772907],[-79.5755455,8.9773816],[-79.5756779,8.9777921],[-79.5760367,8.9782871],[-79.5760195,8.978339],[-79.5760162,8.9791877],[-79.5762768,8.9799959],[-79.5767759,8.9806845],[-79.5769593,8.9808181],[-79.5771725,8.9811121],[-79.577484,8.981339],[-79.5776776,8.9817838],[-79.5780934,8.9822916],[-79.5782379,8.9824219],[-79.5786362,8.9827002],[-79.5786361,8.9827297],[-79.5786329,8.9835421],[-79.5787227,8.9842405],[-79.5787247,8.9842483],[-79.5789932,8.9848999],[-79.5794246,8.9854633],[-79.5794859,8.9855247],[-79.5795349,8.9855924],[-79.5795363,8.9856032],[-79.5795455,8.9856124],[-79.5795492,8.9856351],[-79.5797573,8.98614],[-79.5798537,8.9863211],[-79.5802112,8.986788],[-79.5803022,8.9868734],[-79.5809054,8.9873127],[-79.5810145,8.9873623],[-79.581751,8.9876034],[-79.5818304,8.9876162],[-79.5819776,8.9876644],[-79.5821153,8.9876769],[-79.5828683,8.9876798],[-79.5829559,8.9876519],[-79.5829901,8.9877579],[-79.5834892,8.9884465],[-79.583567,8.9885244],[-79.5835935,8.988561],[-79.5834395,8.9887389],[-79.5834131,8.9887875],[-79.5833976,8.9887926],[-79.5833905,8.9888081],[-79.5830293,8.9889685],[-79.5828222,8.9890776],[-79.5823868,8.9894444],[-79.5822273,8.9896125],[-79.5819069,8.9900933],[-79.5818186,8.990285],[-79.5816248,8.9909029],[-79.5816097,8.9909954],[-79.5815612,8.9911417],[-79.5815487,8.9912786],[-79.5815457,8.9920273],[-79.5818064,8.9928355],[-79.5823055,8.993524],[-79.5824555,8.9936743],[-79.582517,8.9937592],[-79.5826019,8.993821],[-79.5827273,8.9939466],[-79.5827888,8.9940315],[-79.5828737,8.9940933],[-79.5829991,8.994219],[-79.5830606,8.9943038],[-79.5831455,8.9943656],[-79.5832709,8.9944913],[-79.5833324,8.9945761],[-79.5834173,8.994638],[-79.5835427,8.9947636],[-79.5836042,8.9948485],[-79.5836891,8.9949103],[-79.5837402,8.9949615],[-79.5837802,8.9950854],[-79.5839521,8.9953225],[-79.584017,8.9955238],[-79.5840025,8.9955285],[-79.584004,8.995532],[-79.5838934,8.9955729],[-79.5838153,8.9956173],[-79.5833521,8.9959492],[-79.5831766,8.9960912],[-79.5831599,8.99611],[-79.5827972,8.9966024],[-79.5826749,8.9967963],[-79.5824765,8.9973954],[-79.5824244,8.9976135],[-79.5824234,8.9978676],[-79.5822403,8.9984322],[-79.5822457,8.9992917],[-79.5823804,8.9996898],[-79.5823778,9.0003448],[-79.5824038,9.0005122],[-79.5826645,9.0013204],[-79.5831636,9.0020089],[-79.5832414,9.0020868],[-79.5833029,9.0021717],[-79.5833878,9.0022335],[-79.5834655,9.0023114],[-79.5841542,9.0028129],[-79.5842853,9.0028558],[-79.5848289,9.0032738],[-79.5854821,9.0035458],[-79.58549,9.0035479],[-79.5860145,9.0036186],[-79.5861983,9.0036483],[-79.587052,9.0036515],[-79.5878649,9.0033924],[-79.5879327,9.0033438],[-79.5879808,9.0033788],[-79.5887917,9.0036442],[-79.5896215,9.0036474],[-79.5896749,9.0036429],[-79.5898004,9.0036237],[-79.5905096,9.0033976],[-79.5907267,9.0032833],[-79.5907867,9.0032403],[-79.5908846,9.0032716],[-79.5917492,9.0032662],[-79.5921778,9.0031229],[-79.5922936,9.0031233],[-79.5927679,9.0030631],[-79.5930314,9.0030209],[-79.5935392,9.002814],[-79.5937214,9.0027181],[-79.5939041,9.0025799],[-79.5940886,9.0027142],[-79.5948995,9.0029796],[-79.5957531,9.0029828],[-79.5965661,9.0027237],[-79.5971184,9.0023279],[-79.5971784,9.0023282],[-79.5972082,9.0023283],[-79.5976825,9.002268],[-79.597946,9.0022258],[-79.5984538,9.0020189],[-79.598636,9.001923],[-79.5991056,9.0015676],[-79.5991916,9.0014771],[-79.5996333,9.0008774],[-79.5996833,9.0007689],[-79.5997492,9.00057],[-79.5998485,9.0004423],[-79.600122,8.9997928],[-79.6001241,8.999785],[-79.6002193,8.9990873],[-79.6002202,8.998832],[-79.600221,8.9986323],[-79.600209,8.9986323],[-79.6002091,8.9986223],[-79.6004011,8.9981662],[-79.6004033,8.9981584],[-79.6004345,8.9979296],[-79.6006771,8.9973535],[-79.6006792,8.9973456],[-79.6007281,8.9969873],[-79.6008751,8.9969404],[-79.6015676,8.9964442],[-79.601635,8.9963777],[-79.6017822,8.9963782],[-79.6025951,8.996119],[-79.6032877,8.9956228],[-79.6037921,8.9949381],[-79.604059,8.9941319],[-79.6040605,8.9937236],[-79.6042398,8.9932978],[-79.604242,8.99329],[-79.6043131,8.9927685],[-79.6043468,8.9925617],[-79.6043501,8.991713],[-79.6043154,8.9914901],[-79.6042557,8.9910614],[-79.6042348,8.9909319],[-79.6042088,8.990855],[-79.6039949,8.9903791],[-79.6038852,8.9901732],[-79.6035162,8.9897404],[-79.6033472,8.9895817],[-79.6030656,8.9893963],[-79.6027498,8.9889607],[-79.6026721,8.9888828],[-79.6026105,8.9887979],[-79.6025257,8.9887361],[-79.6024479,8.9886582],[-79.6017592,8.9881568],[-79.6014518,8.9880561],[-79.6012145,8.9878834],[-79.6010903,8.9878427],[-79.6010868,8.9878392],[-79.6003981,8.9873378],[-79.6002913,8.9873028],[-79.600257,8.9871964],[-79.6001036,8.9869848],[-79.6000558,8.9868281],[-79.599969,8.9866357],[-79.5996523,8.9861525],[-79.5994941,8.9859832],[-79.5990615,8.985613],[-79.5988553,8.9855024],[-79.5983782,8.9852861],[-79.5983011,8.9852597],[-79.5982614,8.9852531],[-79.598259,8.9852507],[-79.5982512,8.9852495],[-79.5981736,8.985193],[-79.5981225,8.9851418],[-79.5980825,8.985018],[-79.5975834,8.9843294],[-79.5975056,8.9842515],[-79.5974441,8.9841667],[-79.5973592,8.9841048],[-79.5972338,8.9839792],[-79.5971723,8.9838943],[-79.5970874,8.9838325],[-79.5970097,8.9837546],[-79.5966743,8.9835104],[-79.596256,8.9829333],[-79.5961102,8.9827965],[-79.5959022,8.982645],[-79.5958748,8.9826177],[-79.5958133,8.9825328],[-79.5957386,8.9824784],[-79.5954505,8.982081],[-79.5954495,8.98208],[-79.5950521,8.9817906],[-79.5949979,8.9817159],[-79.594913,8.9816541],[-79.5948849,8.9816258],[-79.5948873,8.9810022],[-79.5946266,8.980194],[-79.5941275,8.9795054],[-79.5939775,8.9793551],[-79.593972,8.9793477],[-79.5939285,8.9790086],[-79.5939264,8.9790008],[-79.5937404,8.9785493],[-79.5936598,8.9779225],[-79.5936577,8.9779146],[-79.5934811,8.977486],[-79.5934813,8.9774379],[-79.5934819,8.9772635],[-79.5933922,8.9765651],[-79.5933901,8.9765572],[-79.5932041,8.9761058],[-79.5931235,8.9754789],[-79.5931215,8.9754711],[-79.5928833,8.9748931],[-79.5928538,8.9746641],[-79.5928517,8.9746563],[-79.5926136,8.9740783],[-79.5925841,8.9738492],[-79.592582,8.9738414],[-79.5923439,8.9732634],[-79.5923144,8.9730344],[-79.5923123,8.9730266],[-79.5920439,8.972375],[-79.5919123,8.9722032],[-79.5918974,8.9721738],[-79.5913987,8.9714859],[-79.5913977,8.9714849],[-79.5907096,8.9709838],[-79.5906274,8.9709417],[-79.5903666,8.9707518],[-79.5902355,8.9707089],[-79.5896919,8.9702909],[-79.5893393,8.9701441],[-79.5891384,8.9695212],[-79.5886393,8.9688327],[-79.5886358,8.9688292],[-79.5885958,8.9687053],[-79.5880967,8.9680168],[-79.5880666,8.9679866],[-79.587378,8.9674851],[-79.5870428,8.9673754],[-79.5869486,8.9673273],[-79.5869463,8.9673317],[-79.5868943,8.9672945],[-79.5860308,8.967037],[-79.5851301,8.9670734],[-79.5842905,8.9673996],[-79.5842318,8.9674344],[-79.584156,8.967495],[-79.5840628,8.9673664],[-79.583964,8.96706],[-79.5837921,8.9668228],[-79.5837597,8.9667225],[-79.5837843,8.9666982],[-79.5838696,8.966637],[-79.5839318,8.9665526],[-79.5840582,8.966428],[-79.5841435,8.9663668],[-79.5841983,8.9662925],[-79.5845979,8.9660061],[-79.5845989,8.9660051],[-79.5846577,8.9659253],[-79.5846818,8.9659176],[-79.5847031,8.9659023],[-79.5847279,8.9658779],[-79.5847539,8.965866],[-79.5852807,8.9654884],[-79.5854424,8.9653289],[-79.5858262,8.964808],[-79.5859222,8.9646053],[-79.5859808,8.9644282],[-79.5860726,8.9643102],[-79.5863461,8.9636608],[-79.5863482,8.963653],[-79.5864433,8.9629553],[-79.5864458,8.9623165],[-79.5863561,8.9616181],[-79.586354,8.9616103],[-79.5860855,8.9609588],[-79.5858351,8.9606317],[-79.5858285,8.9605823],[-79.5858282,8.9605819],[-79.5857799,8.9603514],[-79.5855613,8.9598493],[-79.5854505,8.9596568],[-79.5850923,8.9592194],[-79.5849479,8.9590891],[-79.584577,8.95883],[-79.5822298,8.9579946],[-79.5791885,8.9561626],[-79.5774842,8.953555],[-79.5774713,8.9507215],[-79.5793923,8.9484458],[-79.582712,8.9470798],[-79.5839853,8.946232],[-79.5845132,8.9455532],[-79.5847522,8.9451453],[-79.5849036,8.9447857],[-79.5854568,8.9431147],[-79.5854662,8.943057],[-79.5857928,8.9426137],[-79.5859377,8.9423077],[-79.5860779,8.9418844],[-79.5865756,8.940065],[-79.5865852,8.9399608],[-79.5865871,8.9394764],[-79.5865956,8.9394601],[-79.5866538,8.9393449],[-79.5868048,8.9390399],[-79.5869802,8.9383986],[-79.5872079,8.9377109],[-79.5873488,8.93451],[-79.5873746,8.9344234],[-79.5873452,8.9342341],[-79.5870004,8.9331651],[-79.5868047,8.9324274],[-79.5867605,8.9322964],[-79.5866376,8.9321277],[-79.5862812,8.9314254],[-79.5860879,8.9308262],[-79.5860892,8.9304885],[-79.586114,8.9304886],[-79.5861159,8.9299729],[-79.5861348,8.9298571],[-79.5861417,8.9280717],[-79.5865579,8.9275066],[-79.5867874,8.9268135],[-79.5870338,8.9266369],[-79.5874342,8.9262418],[-79.5876389,8.9260011],[-79.5889138,8.9242052],[-79.5891829,8.923637],[-79.5897632,8.9215158],[-79.5897834,8.9212963],[-79.5897865,8.9204841],[-79.5897466,8.92001],[-79.589784,8.9198733],[-79.5897285,8.9195157],[-79.5897873,8.9191554],[-79.5900367,8.9180513],[-79.5901642,8.9180719],[-79.5902075,8.9178066],[-79.5902435,8.9177371],[-79.5904672,8.9174333],[-79.5907313,8.9166355],[-79.5911538,8.9155099],[-79.5911539,8.9155092],[-79.5911902,8.9152134],[-79.5912142,8.9150663],[-79.5912163,8.9150511],[-79.5912103,8.9150501],[-79.5912486,8.9147383],[-79.5912601,8.9147301],[-79.5912718,8.9146442],[-79.5923203,8.9137125],[-79.5926801,8.9132742],[-79.5936824,8.9115629],[-79.5938883,8.9110354],[-79.594279,8.9092413],[-79.5942838,8.9079668],[-79.5942741,8.9078713],[-79.5942842,8.9078613],[-79.5942845,8.9078034],[-79.594254,8.907709],[-79.5954292,8.9065492],[-79.5963008,8.9062713],[-79.5966353,8.9060315],[-79.5967546,8.9061184],[-79.5968985,8.9060365],[-79.5969073,8.9060299],[-79.5982623,8.906981],[-79.5988337,8.9072486],[-79.6009668,8.9078256],[-79.6011876,8.9078456],[-79.6020043,8.9078487],[-79.6028284,8.9077801],[-79.6028577,8.9078095],[-79.6030164,8.9077851],[-79.6049152,8.9096877],[-79.6049454,8.9096579],[-79.6051907,8.90998],[-79.6054977,8.91026],[-79.6070871,8.9113612],[-79.6078676,8.9117604],[-79.6084586,8.9121907],[-79.6087153,8.912322],[-79.6090965,8.9125996],[-79.6097881,8.9128875],[-79.6109858,8.9132795],[-79.6116264,8.9133658],[-79.6118288,8.9134205],[-79.6121397,8.9134217],[-79.6123287,8.9134521],[-79.6124003,8.9134881],[-79.6126289,8.9136041],[-79.6131465,8.9141227],[-79.6149828,8.9154599],[-79.6153578,8.9156517],[-79.6154093,8.9156777],[-79.6162246,8.9160171],[-79.6174836,8.9164222],[-79.6178906,8.9165733],[-79.6178913,8.9165734],[-79.6181888,8.9166095],[-79.6183367,8.9166333],[-79.618352,8.9166354],[-79.618353,8.9166294],[-79.6185883,8.916658],[-79.6185868,8.916667],[-79.6189007,8.9167093],[-79.6190142,8.9167097],[-79.6195881,8.9167795],[-79.6196943,8.9167799],[-79.620202,8.9168617],[-79.6202574,8.9168901],[-79.62201,8.9174636],[-79.6235318,8.9176016],[-79.6245661,8.9176055],[-79.6246782,8.9175961],[-79.6258939,8.917277],[-79.6271858,8.9168649],[-79.6273344,8.9167903],[-79.6273626,8.9167813],[-79.6274091,8.9167579],[-79.6275415,8.9166664],[-79.6277595,8.9165776],[-79.6283092,8.9161836],[-79.6285488,8.9160633],[-79.629143,8.9156373],[-79.6293692,8.9155237],[-79.6299634,8.9150978],[-79.6301896,8.9149842],[-79.6307838,8.9145583],[-79.6317093,8.9140936],[-79.6317375,8.9140846],[-79.6322559,8.9138244],[-79.6322841,8.9138154],[-79.6326605,8.9136264],[-79.6332307,8.9132176],[-79.6334703,8.9130973],[-79.6340645,8.9126714],[-79.6349899,8.9122067],[-79.6350181,8.9121977],[-79.6355231,8.9119442],[-79.6355795,8.9119262],[-79.6364877,8.9114702],[-79.6382386,8.910215],[-79.6389834,8.9099773],[-79.6398354,8.9095495],[-79.6405283,8.909443],[-79.6405213,8.9093978],[-79.6413791,8.9092887],[-79.6431363,8.9085724],[-79.6437947,8.9080738],[-79.6458008,8.9074337],[-79.646871,8.9068963],[-79.6487172,8.9055727],[-79.6502992,8.9040109],[-79.6503882,8.903947],[-79.6511815,8.9028696],[-79.6512656,8.9027866],[-79.6519393,8.9023035],[-79.6522097,8.9020365],[-79.6522975,8.9019499],[-79.6524567,8.9017927],[-79.6526142,8.9016154],[-79.6526786,8.9015326],[-79.6535024,8.9004136],[-79.6543133,8.9008237],[-79.6551108,8.9010827],[-79.6554618,8.9012622],[-79.6563823,8.9019323],[-79.6568264,8.9020776],[-79.6568563,8.9020929],[-79.6570505,8.9022873],[-79.6571498,8.902483],[-79.6571799,8.9025763],[-79.6581504,8.9039147],[-79.6590086,8.9047744],[-79.6599345,8.9054484],[-79.6605793,8.9060943],[-79.6605827,8.906091],[-79.6606761,8.9062181],[-79.6612574,8.9067852],[-79.6619193,8.907698],[-79.6619738,8.9078055],[-79.6624022,8.9083963],[-79.6625165,8.9086213],[-79.6629449,8.9092121],[-79.6633405,8.9099912],[-79.6644802,8.9115631],[-79.6644796,8.9117295],[-79.6642558,8.9124063],[-79.6633567,8.913051],[-79.6627554,8.9136446],[-79.6615428,8.9152918],[-79.6611423,8.9154928],[-79.6606972,8.9156349],[-79.66039,8.9158552],[-79.6603198,8.9158904],[-79.6600527,8.9159315],[-79.6600548,8.915945],[-79.6593798,8.9160353],[-79.6591914,8.9160848],[-79.6589658,8.91616],[-79.6574283,8.9167868],[-79.6570163,8.9170214],[-79.6560319,8.9177669],[-79.6559731,8.9177257],[-79.6559199,8.9177689],[-79.6549637,8.9170727],[-79.6532578,8.9165147],[-79.6526105,8.9163397],[-79.6504602,8.9163319],[-79.6503666,8.9163316],[-79.6488234,8.916326],[-79.6484261,8.9162619],[-79.6480959,8.9161539],[-79.6472044,8.9160574],[-79.6466931,8.9160556],[-79.646466,8.9160666],[-79.6445165,8.9164712],[-79.6439845,8.9166721],[-79.6422561,8.917656],[-79.6418126,8.9180104],[-79.6404998,8.9194496],[-79.6404334,8.9195398],[-79.6401629,8.9199507],[-79.6401124,8.9200624],[-79.6400332,8.9201643],[-79.6399325,8.9203589],[-79.6396734,8.9204416],[-79.6378271,8.9217652],[-79.6376873,8.9219032],[-79.6374905,8.922002],[-79.63717,8.9222317],[-79.6364769,8.9229159],[-79.6362988,8.9231201],[-79.6351664,8.9246341],[-79.6349114,8.9251098],[-79.634278,8.9268884],[-79.6341753,8.9274177],[-79.6340973,8.929303],[-79.634156,8.9298389],[-79.6346403,8.9316632],[-79.6348553,8.9321581],[-79.6358589,8.9337594],[-79.636211,8.9341693],[-79.6364769,8.9343986],[-79.6365113,8.934446],[-79.6370289,8.9349646],[-79.6370539,8.9350588],[-79.637259,8.9352081],[-79.6378041,8.9368977],[-79.63782,8.9369288],[-79.6379076,8.9370811],[-79.6392016,8.9387708],[-79.6393483,8.9388997],[-79.6403585,8.9396764],[-79.6412372,8.9402163],[-79.6421751,8.9406066],[-79.6432404,8.9408069],[-79.6433275,8.9408704],[-79.6433191,8.9409218],[-79.6434206,8.9409381],[-79.6435179,8.941009],[-79.6442441,8.9417364],[-79.6440263,8.9423945],[-79.6438034,8.9440319],[-79.6438016,8.944504],[-79.6440125,8.9461431],[-79.644468,8.9475547],[-79.6449078,8.9484208],[-79.6450303,8.9488004],[-79.6461482,8.9503423],[-79.6462878,8.9505017],[-79.646547,8.9507613],[-79.6465484,8.9507724],[-79.6466033,8.9508124],[-79.6466019,8.9511883],[-79.6466017,8.9512446],[-79.6466164,8.9514807],[-79.6466329,8.9516089],[-79.6466542,8.9516987],[-79.6466888,8.9519209],[-79.6467064,8.9519182],[-79.6470194,8.9532358],[-79.647007,8.9532377],[-79.6470093,8.9532525],[-79.6470624,8.9534169],[-79.6473817,8.9547612],[-79.6476957,8.9553796],[-79.6477048,8.9554076],[-79.6477791,8.955554],[-79.6478333,8.955722],[-79.6475489,8.9565818],[-79.6474133,8.9575772],[-79.6474093,8.9586558],[-79.6475375,8.9596522],[-79.6481026,8.9614033],[-79.6483892,8.9619677],[-79.6485321,8.9624104],[-79.6490802,8.9631663],[-79.6497709,8.9653065],[-79.6497969,8.9653579],[-79.649796,8.9656085],[-79.6498313,8.9657413],[-79.6498733,8.9661869],[-79.6504857,8.9683629],[-79.6507695,8.9689436],[-79.6521117,8.9707671],[-79.652327,8.9710104],[-79.6528294,8.9714848],[-79.6528814,8.9715368],[-79.6530478,8.971658],[-79.6530456,8.9722603],[-79.6531513,8.9730815],[-79.6535403,8.974287],[-79.6535121,8.9744595],[-79.6535137,8.9745897],[-79.6535394,8.9746862],[-79.6535173,8.9748874],[-79.6535239,8.9754327],[-79.6535311,8.9755796],[-79.6539381,8.9775182],[-79.6541401,8.9780472],[-79.6551297,8.9797659],[-79.6554863,8.9802069],[-79.6569616,8.9815375],[-79.6574378,8.9818474],[-79.6585292,8.9823353],[-79.6587557,8.98355],[-79.6588752,8.9838933],[-79.6618539,8.9861993],[-79.6657691,8.9887042],[-79.6667997,8.989241],[-79.6668062,8.9892403],[-79.6669597,8.9893042],[-79.6670448,8.989277],[-79.6684577,8.9897391],[-79.6693757,8.9904073],[-79.6700675,8.9906951],[-79.6712655,8.9910869],[-79.6723185,8.9912286],[-79.6729212,8.9912307],[-79.672921,8.9912997],[-79.6730084,8.9913058],[-79.6732154,8.9913065],[-79.6737126,8.9913083],[-79.6742204,8.9913901],[-79.6747429,8.9916572],[-79.6747469,8.9916601],[-79.6755026,8.9919072],[-79.675984,8.9920373],[-79.675994,8.99204],[-79.6772124,8.9923619],[-79.6772895,8.9923686],[-79.6783743,8.9923725],[-79.6783742,8.9924102],[-79.6785176,8.9924107],[-79.6786754,8.9923736],[-79.6789273,8.9923745],[-79.679509,8.9923005],[-79.6794905,8.9921821],[-79.6802896,8.9919944],[-79.6802915,8.9920067],[-79.6812768,8.9918552],[-79.6819727,8.9923616],[-79.6824169,8.9925069],[-79.6824468,8.9925222],[-79.6824693,8.9925447],[-79.6831907,8.9935393],[-79.6832699,8.9936186],[-79.6833722,8.9937598],[-79.6838392,8.9942274],[-79.6849757,8.9950545],[-79.6851685,8.9952476],[-79.6854762,8.9956718],[-79.6873132,8.9970088],[-79.6875087,8.9971087],[-79.6875828,8.9971626],[-79.6897455,8.9978698],[-79.6899422,8.9979015],[-79.6908265,8.9981906],[-79.6923799,8.9983313],[-79.6928666,8.998333],[-79.6932528,8.9983008],[-79.6953782,8.9977427],[-79.6953957,8.9977371],[-79.6958481,8.9975293],[-79.6968361,8.996821],[-79.6984792,8.9973581],[-79.6991836,8.9974716],[-79.7014602,8.9974797],[-79.7018161,8.9974249],[-79.7026501,8.9976975],[-79.7034538,8.9977703],[-79.7043752,8.9977735],[-79.7043749,8.9978508],[-79.7044431,8.9978451],[-79.7044393,8.9989187],[-79.7045113,8.9993815],[-79.7050668,9.001102],[-79.7053012,9.0015633],[-79.7066329,9.0033991],[-79.7072337,9.0040007],[-79.7071297,9.0043152],[-79.7071128,9.0043769],[-79.7070656,9.0046088],[-79.7068428,9.0062463],[-79.7068411,9.0067185],[-79.7070523,9.0083575],[-79.7070979,9.0085897],[-79.7071143,9.0086516],[-79.7074751,9.0097689],[-79.7075561,9.0099283],[-79.7075974,9.010194],[-79.7076297,9.010189],[-79.7077505,9.0109646],[-79.7077769,9.0110376],[-79.7087044,9.0130333],[-79.7090649,9.0135491],[-79.7106231,9.0151091],[-79.7111393,9.0154712],[-79.7131402,9.0164072],[-79.7132135,9.0164341],[-79.7139928,9.0165596],[-79.7139876,9.0165916],[-79.714833,9.0167278],[-79.7158313,9.0170541],[-79.7159912,9.0170756],[-79.7180776,9.0170829],[-79.7182377,9.0170625],[-79.7190356,9.0168078],[-79.7199092,9.0170934],[-79.7205102,9.0171742],[-79.7206442,9.0171746],[-79.7206712,9.017179],[-79.7214003,9.0171815],[-79.7214,9.0172491],[-79.7216729,9.0172501],[-79.7216732,9.0171825],[-79.7217628,9.0171828],[-79.7219438,9.0172119],[-79.7219459,9.017212],[-79.7219458,9.017251],[-79.7222063,9.0172519],[-79.7224283,9.0172527],[-79.7227645,9.0172539],[-79.7227646,9.0172148],[-79.7238184,9.0172185],[-79.7244948,9.0171323],[-79.7256678,9.0167579],[-79.7274881,9.0167642],[-79.7287212,9.0164403],[-79.7298257,9.0160878],[-79.729897,9.016055],[-79.7304752,9.0156404],[-79.7309905,9.0155693],[-79.7316467,9.015397],[-79.7322183,9.0152912],[-79.7327374,9.0151111],[-79.7345703,9.0141453],[-79.7350418,9.0137882],[-79.736465,9.0122879],[-79.736796,9.0117991],[-79.7371196,9.0110957],[-79.7371992,9.0108416],[-79.7372229,9.0107957],[-79.7372552,9.0107324],[-79.7374669,9.0103129],[-79.7376877,9.0096339],[-79.7387398,9.0082805],[-79.738772,9.008204],[-79.7387741,9.008207],[-79.7390492,9.0075534],[-79.7402305,9.0088668],[-79.7406716,9.0092244],[-79.7423934,9.0102205],[-79.742924,9.0104251],[-79.7448712,9.0108435],[-79.7454395,9.0108751],[-79.7474214,9.0106748],[-79.7477023,9.010624],[-79.7486793,9.0103674],[-79.7490573,9.0100963],[-79.7492902,9.0099793],[-79.7503529,9.00964],[-79.7521993,9.0083159],[-79.7525431,9.0079764],[-79.7526911,9.0080514],[-79.7532525,9.0084599],[-79.7540467,9.0088656],[-79.7546142,9.0092783],[-79.7550518,9.0095019],[-79.756218,9.0103503],[-79.7574553,9.0108647],[-79.7576804,9.0109415],[-79.7580528,9.0110421],[-79.758286,9.011089],[-79.7599333,9.0113103],[-79.7604082,9.0113119],[-79.7620569,9.0111017],[-79.7621106,9.0110913],[-79.7620245,9.0111763],[-79.762123,9.0111448],[-79.7618098,9.0115705],[-79.7612857,9.0120879],[-79.7611897,9.0121568],[-79.7599879,9.0137895],[-79.7596207,9.0146625],[-79.7592856,9.015676],[-79.7591914,9.0163693],[-79.7591328,9.0165839],[-79.7591317,9.0169023],[-79.7591176,9.0169891],[-79.7589657,9.0171953],[-79.7589475,9.0172619],[-79.7587116,9.0177604],[-79.758132,9.019882],[-79.7580748,9.0205075],[-79.7582601,9.0226982],[-79.7583141,9.0230089],[-79.7586101,9.0241224],[-79.7586313,9.0241879],[-79.7587221,9.024313],[-79.7587305,9.0243295],[-79.7586995,9.0245196],[-79.7586918,9.026783],[-79.7587521,9.0271704],[-79.7587504,9.0276862],[-79.7587519,9.0276862],[-79.7586635,9.0277496],[-79.7586446,9.0278189],[-79.7575935,9.0292246],[-79.7573385,9.0297004],[-79.7567054,9.0314793],[-79.7566028,9.0320087],[-79.7565254,9.033894],[-79.7565843,9.0344299],[-79.7570693,9.0362542],[-79.7572845,9.0367491],[-79.7582889,9.0383502],[-79.7586412,9.03876],[-79.7600757,9.0399956],[-79.760534,9.040284],[-79.760915,9.0404508],[-79.7617389,9.0422229],[-79.7620996,9.0427387],[-79.7636581,9.0442984],[-79.7641745,9.0446605],[-79.7661756,9.0455963],[-79.7662909,9.0456384],[-79.7671071,9.0457698],[-79.7671018,9.0458018],[-79.7673688,9.0458448],[-79.7675665,9.0459457],[-79.7676433,9.0460016],[-79.7679849,9.0461132],[-79.7688486,9.0463464],[-79.7690145,9.0463643],[-79.7700406,9.0466413],[-79.7706699,9.0466981],[-79.7726603,9.0465317],[-79.7742513,9.0460238],[-79.7748405,9.0457278],[-79.7752858,9.0455856],[-79.7771324,9.0442613],[-79.7772722,9.0441233],[-79.7775002,9.0440088],[-79.7775284,9.0439998],[-79.777849,9.0438388],[-79.7780787,9.0437654],[-79.7784944,9.0432306],[-79.7791357,9.041706],[-79.7792426,9.0409194],[-79.7794103,9.0410415],[-79.7813031,9.0416598],[-79.7832954,9.0416664],[-79.7851922,9.0410606],[-79.786808,9.0399019],[-79.7879647,9.0383302],[-79.7880074,9.0382339],[-79.7883959,9.0370584],[-79.7884531,9.0370401],[-79.7886342,9.0376007],[-79.7897999,9.0392068],[-79.7914079,9.0403762],[-79.7933006,9.0409945],[-79.7947292,9.0409992],[-79.7947291,9.041009],[-79.795275,9.0410108],[-79.795275,9.041001],[-79.795293,9.041001],[-79.795573,9.0409579],[-79.7963217,9.0409603],[-79.7965661,9.0409152],[-79.7982408,9.0403803],[-79.7991753,9.0416643],[-79.7993775,9.0418661],[-79.7997571,9.0430405],[-79.7997955,9.0431232],[-79.8009172,9.0446685],[-79.8009719,9.0447232],[-79.802519,9.0458483],[-79.8026019,9.0458871],[-79.804441,9.0464877],[-79.8050387,9.0465838],[-79.8053793,9.0466951],[-79.8054496,9.0467064],[-79.8065292,9.0474915],[-79.808422,9.0481096],[-79.8104144,9.0481161],[-79.8109565,9.047943],[-79.8110065,9.0479353],[-79.812476,9.0484152],[-79.8128777,9.0485236],[-79.8143785,9.0485284],[-79.814955,9.0484802],[-79.8158632,9.0481901],[-79.8163132,9.0482624],[-79.8164823,9.0483176],[-79.8184747,9.048324],[-79.8203715,9.0477181],[-79.8219872,9.0465592],[-79.823112,9.0450307],[-79.8232176,9.0447969],[-79.8237853,9.0430791],[-79.8238425,9.0427269],[-79.823847,9.0413704],[-79.8239679,9.0406269],[-79.8240375,9.0404164],[-79.8240436,9.0385145],[-79.8240262,9.0383812],[-79.8237116,9.0374079],[-79.8243205,9.0355651],[-79.824326,9.0338799],[-79.8248332,9.0340455],[-79.8268255,9.0340519],[-79.8287223,9.0334459],[-79.8287785,9.0334056],[-79.8286846,9.0339005],[-79.8286845,9.0339288],[-79.8285589,9.0347011],[-79.8284757,9.0349529],[-79.8284693,9.0369334],[-79.8290789,9.038819],[-79.8302447,9.040425],[-79.8318528,9.0415943],[-79.8320354,9.0416539],[-79.832027,9.0416794],[-79.8320576,9.0416931],[-79.8320185,9.0420512],[-79.8320133,9.0436672],[-79.8320224,9.0437105],[-79.8326229,9.0455677],[-79.8337888,9.0471738],[-79.8353969,9.048343],[-79.8362937,9.0488008],[-79.8381866,9.0494188],[-79.840179,9.0494251],[-79.8420759,9.0488191],[-79.8436915,9.0476601],[-79.8448677,9.0460615],[-79.8454894,9.0441798],[-79.8454957,9.0421993],[-79.8454763,9.0420752],[-79.8449725,9.0405172],[-79.8451543,9.039967],[-79.8457078,9.0397901],[-79.8473233,9.0386311],[-79.8479887,9.0377267],[-79.848023,9.0377379],[-79.848342,9.0387244],[-79.8485115,9.0390886],[-79.8495613,9.0405346],[-79.849616,9.0405893],[-79.8511924,9.0417355],[-79.8530429,9.0423396],[-79.8531466,9.042378],[-79.8535158,9.0424226],[-79.8535382,9.0424262],[-79.8535383,9.0424253],[-79.8536116,9.0424341],[-79.8544952,9.0436511],[-79.8561034,9.0448203],[-79.8579963,9.0454382],[-79.8599887,9.0454444],[-79.8618855,9.0448383],[-79.862693,9.0442589],[-79.862703,9.0442726],[-79.8628092,9.0443498],[-79.8628356,9.0443306],[-79.8629355,9.0444416],[-79.8638818,9.0451295],[-79.8645653,9.0455247],[-79.8657352,9.0459065],[-79.8664524,9.0460604],[-79.8666871,9.0460611],[-79.8668667,9.0466166],[-79.8680328,9.0482225],[-79.868222,9.0484118],[-79.8683305,9.048625],[-79.8687421,9.0491918],[-79.8688633,9.04943],[-79.8689851,9.0495978],[-79.8687931,9.0498588],[-79.8681715,9.0517405],[-79.8681653,9.053721],[-79.8687751,9.0556066],[-79.8699413,9.0572125],[-79.8715496,9.0583816],[-79.8734426,9.0589995],[-79.8735051,9.0590095],[-79.8738427,9.0591197],[-79.8743109,9.0591211],[-79.8739504,9.0602125],[-79.8739495,9.0602198],[-79.8739472,9.0609305],[-79.8739231,9.061079],[-79.8736642,9.0614123],[-79.8730232,9.0629371],[-79.8728843,9.0639614],[-79.8728814,9.063961],[-79.872783,9.0645662],[-79.8727768,9.0665468],[-79.8733867,9.0684323],[-79.8745529,9.0700382],[-79.8761613,9.0712073],[-79.8764857,9.0713729],[-79.8770107,9.071898],[-79.8755935,9.0723509],[-79.8743452,9.0732465],[-79.8737725,9.0730596],[-79.8729031,9.0729813],[-79.871582,9.0729772],[-79.8713767,9.0730312],[-79.8696491,9.0735833],[-79.8693938,9.0737116],[-79.8692669,9.0737993],[-79.8691276,9.0738561],[-79.8675622,9.0749793],[-79.8673511,9.0751878],[-79.8661749,9.0767864],[-79.8659112,9.0775845],[-79.8655639,9.0785113],[-79.8655191,9.0788783],[-79.8655154,9.0789005],[-79.8655163,9.0789006],[-79.8653833,9.0799885],[-79.8653827,9.0801925],[-79.865382,9.0803922],[-79.8654388,9.0803924],[-79.865438,9.0806637],[-79.8653812,9.0806635],[-79.8653806,9.0808632],[-79.8653796,9.0811607],[-79.8653795,9.0812061],[-79.8654363,9.0812063],[-79.8654353,9.0815183],[-79.8654403,9.0815505],[-79.865438,9.0823],[-79.8660478,9.0841856],[-79.867214,9.0857915],[-79.8682226,9.0865246],[-79.8680046,9.0871845],[-79.8679956,9.087283],[-79.8679896,9.0891915],[-79.8685995,9.091077],[-79.8697657,9.092683],[-79.8699119,9.0928292],[-79.8715203,9.0939983],[-79.8734135,9.0946162],[-79.8754062,9.0946223],[-79.8755668,9.094571],[-79.8760409,9.0944979],[-79.877938,9.0938917],[-79.8782243,9.0936862],[-79.8782669,9.0937448],[-79.8783229,9.0937854],[-79.8783398,9.0937758],[-79.8784398,9.0938485],[-79.878489,9.0939056],[-79.8795724,9.0946899],[-79.879981,9.0949469],[-79.880882,9.0952378],[-79.8803508,9.0968459],[-79.8803446,9.0988265],[-79.8809546,9.100712],[-79.8813422,9.1012457],[-79.8813366,9.1030399],[-79.8819301,9.1048747],[-79.882009,9.1050115],[-79.8829865,9.1063574],[-79.8833951,9.1067253],[-79.883436,9.1067662],[-79.8839469,9.1071375],[-79.8845382,9.1077288],[-79.8846094,9.1078268],[-79.8862179,9.1089959],[-79.8881113,9.1096137],[-79.890104,9.1096198],[-79.8920011,9.1090136],[-79.8935677,9.1078896],[-79.8936528,9.1078056],[-79.894725,9.1063482],[-79.8948495,9.1060849],[-79.8950857,9.1053698],[-79.8952802,9.1053398],[-79.8954712,9.1053404],[-79.8961515,9.1054496],[-79.8967516,9.1056454],[-79.8975172,9.1057683],[-79.8995099,9.1057743],[-79.9005485,9.1056141],[-79.901475,9.1056169],[-79.9033721,9.1050105],[-79.9034461,9.1049574],[-79.9035858,9.1051497],[-79.9051945,9.1063187],[-79.9070878,9.1069364],[-79.9090806,9.1069424],[-79.9109777,9.1063361],[-79.9125934,9.1051767],[-79.9137695,9.1035779],[-79.9138504,9.1033331],[-79.9139798,9.1030825],[-79.9140751,9.1029884],[-79.9148033,9.1019985],[-79.9148267,9.1019753],[-79.9160028,9.1003765],[-79.9166243,9.0984947],[-79.9166303,9.0965141],[-79.9160201,9.0946286],[-79.9153566,9.0937151],[-79.9153423,9.0936239],[-79.9148374,9.0920636],[-79.9146985,9.0917273],[-79.9145994,9.0915555],[-79.9140635,9.0908178],[-79.9139316,9.090677],[-79.9137162,9.0903962],[-79.9136379,9.090307],[-79.9135917,9.0902608],[-79.9134352,9.0901471],[-79.9131145,9.0898047],[-79.9126757,9.0894858],[-79.911298,9.0887486],[-79.9109004,9.0886188],[-79.9092533,9.0883435],[-79.9088983,9.0883424],[-79.907216,9.0886133],[-79.9068769,9.0887217],[-79.9055692,9.0894114],[-79.9055623,9.0893854],[-79.9045586,9.0901056],[-79.9042704,9.0904974],[-79.9035998,9.0895741],[-79.9019913,9.0884051],[-79.900098,9.0877874],[-79.899423,9.0877853],[-79.8995696,9.0875861],[-79.9001911,9.0857043],[-79.9001948,9.0844985],[-79.9001596,9.0844938],[-79.9000977,9.0839467],[-79.9001964,9.083947],[-79.9001966,9.0838818],[-79.9002182,9.0838853],[-79.9002181,9.0839353],[-79.9003534,9.0839357],[-79.9006182,9.0839365],[-79.9010369,9.0839377],[-79.901037,9.0839048],[-79.9023188,9.0839086],[-79.9042158,9.0833023],[-79.9058314,9.082143],[-79.9070075,9.0805441],[-79.9076289,9.0786623],[-79.9076297,9.0784137],[-79.9087817,9.0784172],[-79.9091245,9.0783538],[-79.9106894,9.0778535],[-79.910958,9.0777134],[-79.912319,9.0767367],[-79.9125234,9.0765348],[-79.9135142,9.0751878],[-79.9136567,9.0749217],[-79.9140274,9.0737992],[-79.9142919,9.0739914],[-79.9161851,9.074609],[-79.9181072,9.0746147],[-79.9182114,9.0746042],[-79.9200746,9.0740085],[-79.9203004,9.073895],[-79.9212719,9.0738979],[-79.9231688,9.0732914],[-79.9232948,9.073228],[-79.9249103,9.0720686],[-79.9260863,9.0704697],[-79.9267076,9.0685879],[-79.9267124,9.0669686],[-79.9267593,9.0669222],[-79.9275301,9.0665347],[-79.9278598,9.0664293],[-79.9294752,9.0652699],[-79.9305627,9.0637912],[-79.9307243,9.0634494],[-79.9311228,9.0622425],[-79.932372,9.0613459],[-79.9325118,9.0611558],[-79.9328233,9.0615845],[-79.9331288,9.06189],[-79.9334003,9.0624235],[-79.9334015,9.0624251],[-79.9334043,9.0624314],[-79.9334132,9.0624488],[-79.9345144,9.0639648],[-79.9346248,9.0640874],[-79.9359651,9.0650613],[-79.9363202,9.0652665],[-79.9376357,9.0656955],[-79.9383173,9.0658416],[-79.9394032,9.0658448],[-79.940395,9.0657441],[-79.9410783,9.0655256],[-79.940905,9.0660506],[-79.9408992,9.0680312],[-79.9415094,9.0699167],[-79.9426759,9.0715224],[-79.9442845,9.0726912],[-79.9447685,9.0728491],[-79.9455386,9.0739091],[-79.9457287,9.0742827],[-79.9458861,9.0747688],[-79.9470526,9.0763746],[-79.9486613,9.0775434],[-79.9505546,9.0781609],[-79.9525473,9.0781666],[-79.9544441,9.07756],[-79.9560596,9.0764004],[-79.9572355,9.0748014],[-79.9573956,9.0743162],[-79.9578908,9.073357],[-79.9579824,9.0732324],[-79.9586036,9.0713505],[-79.9586081,9.0697919],[-79.9587654,9.0701005],[-79.9590257,9.0709047],[-79.9593069,9.0714572],[-79.959564,9.0722515],[-79.9595588,9.0740827],[-79.9601691,9.0759681],[-79.9613357,9.0775738],[-79.9621912,9.078429],[-79.9622155,9.078405],[-79.9624285,9.0786846],[-79.9627466,9.078975],[-79.9634118,9.0794355],[-79.9635885,9.0807996],[-79.9642204,9.0823282],[-79.9648699,9.0831746],[-79.964844,9.0832805],[-79.9647336,9.0832975],[-79.9647424,9.0833534],[-79.9639089,9.0834726],[-79.963868,9.0834788],[-79.9637784,9.0835066],[-79.9625509,9.0840731],[-79.9621216,9.084282],[-79.9611331,9.085155],[-79.9607282,9.0855381],[-79.9600563,9.0866208],[-79.9597654,9.0871444],[-79.9594438,9.0883414],[-79.9593178,9.0889615],[-79.9593552,9.0901678],[-79.9594263,9.0908309],[-79.9597247,9.0917182],[-79.9596807,9.0919888],[-79.9595459,9.0923971],[-79.9595432,9.0933419],[-79.9592731,9.0935358],[-79.95882,9.0941519],[-79.9588133,9.094147],[-79.9569199,9.0935296],[-79.9549272,9.0935239],[-79.9530302,9.0941305],[-79.9514147,9.09529],[-79.9505591,9.0964533],[-79.9495604,9.0967727],[-79.9494772,9.096811],[-79.9479228,9.0979266],[-79.9478678,9.097981],[-79.9467363,9.0995194],[-79.9466973,9.0996019],[-79.9466735,9.0996741],[-79.9456303,9.0992411],[-79.9454016,9.0991952],[-79.9452223,9.0991153],[-79.9451205,9.0990878],[-79.9445645,9.0990134],[-79.9445706,9.0989756],[-79.9444697,9.0989594],[-79.9443231,9.0988128],[-79.9434424,9.098173],[-79.9433948,9.0980795],[-79.9432516,9.0976369],[-79.942085,9.0960311],[-79.9416537,9.0956],[-79.940045,9.0944312],[-79.9381516,9.0938136],[-79.9361589,9.0938078],[-79.9359984,9.0938591],[-79.934994,9.0940142],[-79.9344904,9.0940128],[-79.9338099,9.0940998],[-79.9321888,9.0946181],[-79.9315786,9.0949248],[-79.931317,9.0950085],[-79.9297014,9.0961679],[-79.9285254,9.0977668],[-79.927904,9.0996486],[-79.9278981,9.1016292],[-79.9285083,9.1035147],[-79.9296748,9.1051204],[-79.9302364,9.1055285],[-79.9302804,9.1055725],[-79.9304425,9.1058909],[-79.9304761,9.1059948],[-79.9309479,9.1066443],[-79.9295921,9.1076172],[-79.9284159,9.1092161],[-79.9277945,9.111098],[-79.9277913,9.1121814],[-79.9269933,9.1132662],[-79.9263719,9.1151481],[-79.9263659,9.1171287],[-79.92649,9.1179222],[-79.9265329,9.1179156],[-79.9266177,9.1185382],[-79.9266643,9.1187995],[-79.927316,9.1202922],[-79.9273601,9.1203749],[-79.9284462,9.1216981],[-79.9294677,9.1224101],[-79.9290263,9.1237467],[-79.9290204,9.1257273],[-79.9296306,9.1276128],[-79.9296913,9.1276963],[-79.9290962,9.1294982],[-79.9290922,9.1308394],[-79.9286964,9.1320379],[-79.9286919,9.1320792],[-79.9285546,9.132495],[-79.928522,9.1326957],[-79.9285165,9.1345454],[-79.9291267,9.1364309],[-79.9302934,9.1380367],[-79.9305496,9.1382228],[-79.9312798,9.1389528],[-79.9315424,9.1393143],[-79.9331513,9.1404832],[-79.93382,9.1407013],[-79.9346264,9.1411126],[-79.934883,9.141299],[-79.9367766,9.1419166],[-79.9380981,9.1419205],[-79.9378023,9.1431291],[-79.9378011,9.1435336],[-79.9378005,9.143721],[-79.9371126,9.1446562],[-79.9364911,9.146538],[-79.9364879,9.1476189],[-79.9364239,9.1476187],[-79.9364239,9.1476366],[-79.9364235,9.1477568],[-79.9357539,9.1482431],[-79.9352017,9.1488016],[-79.9343807,9.1492142],[-79.9327649,9.1503736],[-79.9315886,9.1519725],[-79.9309671,9.1538544],[-79.9309631,9.1551992],[-79.9309412,9.1551991],[-79.9309407,9.1553518],[-79.9309623,9.1554426],[-79.9309612,9.1558253],[-79.9309641,9.1558539],[-79.9310166,9.1561896],[-79.9311361,9.1561712],[-79.9316264,9.1582278],[-79.9319254,9.1588151],[-79.9323084,9.1599986],[-79.9323325,9.1600503],[-79.9333861,9.1615003],[-79.9336238,9.161738],[-79.935095,9.1628068],[-79.9354794,9.1630028],[-79.9360472,9.1634154],[-79.9362612,9.1635245],[-79.9363763,9.1636396],[-79.9363748,9.1641542],[-79.9362899,9.164238],[-79.9351136,9.1658369],[-79.9348536,9.1663403],[-79.9347891,9.166428],[-79.9341676,9.1683098],[-79.9341617,9.1702904],[-79.9342237,9.1706873],[-79.934834,9.1725728],[-79.9360008,9.1741786],[-79.9361105,9.1742582],[-79.9365958,9.1747434],[-79.9375921,9.1754672],[-79.9379499,9.1758248],[-79.9395589,9.1769937],[-79.9413307,9.1775715],[-79.9414909,9.1777316],[-79.9430999,9.1789005],[-79.9435786,9.1791446],[-79.9456355,9.1796417],[-79.9456159,9.1797626],[-79.9459945,9.1798233],[-79.9467505,9.1803725],[-79.9477142,9.1806868],[-79.9478383,9.1808108],[-79.9494474,9.1819797],[-79.9513413,9.1825972],[-79.9533345,9.182603],[-79.9552319,9.1819964],[-79.9553578,9.1819061],[-79.9561435,9.1815112],[-79.9578952,9.1801835],[-79.9581442,9.1798631],[-79.9590515,9.1784014],[-79.9592504,9.1779282],[-79.9596384,9.1758808],[-79.9596385,9.1758576],[-79.9596942,9.1755145],[-79.9599959,9.1746008],[-79.960048,9.174028],[-79.9600524,9.1725361],[-79.9599458,9.1721361],[-79.9594421,9.1705806],[-79.9593812,9.1704609],[-79.9593821,9.1701594],[-79.9593875,9.1701261],[-79.9598865,9.1685523],[-79.9599638,9.1680758],[-79.9599683,9.1665316],[-79.9608443,9.1659031],[-79.9610205,9.165729],[-79.9611422,9.1656416],[-79.9613565,9.1654299],[-79.9617301,9.164922],[-79.9622572,9.1644012],[-79.9631652,9.1631669],[-79.9639916,9.1643041],[-79.9643097,9.164622],[-79.9659188,9.1657908],[-79.9678126,9.1664083],[-79.9698057,9.1664139],[-79.9717031,9.1658073],[-79.9733189,9.1646477],[-79.9741109,9.163571],[-79.9743205,9.1634656],[-79.9746111,9.1635122],[-79.9766043,9.1635178],[-79.9785016,9.1629111],[-79.9801174,9.1617515],[-79.9811624,9.1603307],[-79.9814874,9.1600095],[-79.9815975,9.1599305],[-79.9827736,9.1583314],[-79.9833949,9.1564495],[-79.9834324,9.1562185],[-79.9845581,9.1558585],[-79.9841599,9.1584601],[-79.9838608,9.1620897],[-79.9830536,9.165705],[-79.9819002,9.1692146],[-79.9809762,9.1727691],[-79.9798951,9.1761845],[-79.9777622,9.1791087],[-79.974579,9.1812988],[-79.9708686,9.1829523],[-79.9672276,9.1844949],[-79.9642955,9.1865232],[-79.9626958,9.1894611],[-79.9622969,9.1930359],[-79.9619594,9.1970367],[-79.960778,9.2013231],[-79.9587599,9.205952],[-79.9563525,9.2110359],[-79.9552962,9.2131472],[-79.9553003,9.2117832],[-79.9552239,9.2112948],[-79.9552374,9.2112114],[-79.9552635,9.2111417],[-79.9553084,9.2107746],[-79.955312,9.2107524],[-79.9553111,9.2107523],[-79.9553983,9.2100382],[-79.955516,9.209313],[-79.9555422,9.2092433],[-79.955587,9.2088763],[-79.9555906,9.2088541],[-79.9555897,9.2088539],[-79.9557225,9.207766],[-79.9557231,9.2075892],[-79.9557955,9.2071434],[-79.9558216,9.2070737],[-79.9558664,9.2067066],[-79.95587,9.2066844],[-79.9558691,9.2066843],[-79.9559563,9.2059702],[-79.956076,9.2052336],[-79.9560818,9.203253],[-79.9559647,9.2025046],[-79.9559497,9.2024581],[-79.9563054,9.2022028],[-79.9571134,9.2014047],[-79.95712,9.2014],[-79.9582963,9.199801],[-79.9589178,9.1979191],[-79.9589236,9.1959385],[-79.9583132,9.1940531],[-79.9571869,9.1925034],[-79.9569893,9.1923334],[-79.955537,9.1912785],[-79.9550323,9.1910211],[-79.9531384,9.1904036],[-79.9529021,9.1903657],[-79.9527389,9.1902825],[-79.9526545,9.1902402],[-79.9521151,9.1899751],[-79.9516028,9.1897188],[-79.9515325,9.1896832],[-79.9515306,9.1896824],[-79.95153,9.1896819],[-79.9512423,9.1895364],[-79.9508521,9.1891463],[-79.9506716,9.1887919],[-79.9506626,9.1887639],[-79.9506422,9.1887238],[-79.9506077,9.1885035],[-79.9504143,9.187906],[-79.9503399,9.1874303],[-79.9497295,9.1855448],[-79.9485626,9.1839391],[-79.9469535,9.1827702],[-79.9450596,9.1821527],[-79.9430664,9.1821468],[-79.9427829,9.1821906],[-79.9427829,9.1821836],[-79.9425053,9.1821828],[-79.9414373,9.1821796],[-79.9411022,9.1821787],[-79.9409456,9.1818711],[-79.9408262,9.1815023],[-79.9396594,9.1798965],[-79.9380503,9.1787276],[-79.9377417,9.1785702],[-79.9377199,9.1785591],[-79.9366442,9.1780157],[-79.9366298,9.1780084],[-79.9362528,9.1778192],[-79.9359111,9.1774776],[-79.9343021,9.1763087],[-79.9339266,9.1761172],[-79.9339091,9.1761084],[-79.9338455,9.176082],[-79.9338251,9.1760664],[-79.9334486,9.1758789],[-79.9316105,9.1752894],[-79.931379,9.1752523],[-79.9310382,9.1751411],[-79.9301511,9.1749988],[-79.9295509,9.174803],[-79.9293295,9.1747675],[-79.9292019,9.1747025],[-79.9274925,9.1741449],[-79.9268074,9.1740833],[-79.925315,9.1740789],[-79.9234176,9.1746853],[-79.9218015,9.1758446],[-79.9217907,9.1758554],[-79.921382,9.175986],[-79.9212011,9.1745886],[-79.9205693,9.17306],[-79.920274,9.1726752],[-79.9201871,9.1725044],[-79.9197524,9.1711611],[-79.9185857,9.1695553],[-79.9169768,9.1683863],[-79.9151382,9.1677866],[-79.9150539,9.1677685],[-79.9145,9.1677669],[-79.9143808,9.1676028],[-79.9127719,9.1664338],[-79.9108782,9.1658161],[-79.9108371,9.1658095],[-79.9098659,9.1654927],[-79.9098043,9.1653716],[-79.9086377,9.1637658],[-79.9070288,9.1625968],[-79.9051351,9.161979],[-79.9031421,9.161973],[-79.9012447,9.1625793],[-79.8997563,9.163647],[-79.8994873,9.1639306],[-79.8991549,9.1643823],[-79.8985199,9.1644803],[-79.8980646,9.1644789],[-79.8961672,9.1650852],[-79.8945511,9.1662444],[-79.8939411,9.1668469],[-79.8927911,9.16769],[-79.8922641,9.1682327],[-79.8913439,9.1691414],[-79.8912478,9.1692103],[-79.8900713,9.170809],[-79.8894496,9.1726908],[-79.889448,9.1731882],[-79.8894395,9.1732407],[-79.8884132,9.1746353],[-79.8870057,9.1756448],[-79.8858292,9.1772435],[-79.8852074,9.1791252],[-79.885181,9.1792875],[-79.884527,9.180176],[-79.8844558,9.180187],[-79.8844669,9.1802578],[-79.8844601,9.180267],[-79.8844042,9.1803222],[-79.8842155,9.1803666],[-79.8837057,9.178791],[-79.882688,9.1773898],[-79.8824563,9.1769346],[-79.8824382,9.1768785],[-79.8820879,9.1761901],[-79.8818926,9.1755863],[-79.8818278,9.1751715],[-79.8818281,9.1750827],[-79.8818583,9.1748966],[-79.8818645,9.1729161],[-79.8818597,9.1728854],[-79.8818496,9.1728541],[-79.8827517,9.1716283],[-79.8833735,9.1697466],[-79.8833797,9.1677661],[-79.8827697,9.1658805],[-79.8816638,9.1643581],[-79.881281,9.1631748],[-79.8809303,9.162692],[-79.8811894,9.1623399],[-79.881232,9.1622436],[-79.8818308,9.1604315],[-79.8818609,9.1602464],[-79.8819115,9.1601485],[-79.8822659,9.1596669],[-79.8828877,9.1577852],[-79.8828923,9.1563022],[-79.8828345,9.1556211],[-79.8824741,9.1545071],[-79.8824391,9.1542832],[-79.8824401,9.1539675],[-79.882388,9.1539674],[-79.8823896,9.1538674],[-79.8801082,9.1517064],[-79.8770647,9.1505598],[-79.8737356,9.1510374],[-79.8706908,9.1531757],[-79.8695679,9.1546954],[-79.8696403,9.1549193],[-79.8699069,9.1552864],[-79.8702474,9.1556268],[-79.8702962,9.1557228],[-79.8703306,9.155943],[-79.8703296,9.1562578],[-79.8702938,9.1564778],[-79.8702444,9.1565734],[-79.8701757,9.1566413],[-79.8700145,9.1568603],[-79.8699941,9.1569016],[-79.8698956,9.1570405],[-79.8698601,9.1571477],[-79.8697402,9.1575872],[-79.8697102,9.1577712],[-79.8697088,9.1582239],[-79.869776,9.1586542],[-79.8697759,9.1586978],[-79.8697401,9.1589178],[-79.8696907,9.1590134],[-79.8695291,9.159173],[-79.8694228,9.1592461],[-79.869405,9.1592675],[-79.8692148,9.1595122],[-79.8689882,9.160051],[-79.8689517,9.1603072],[-79.8689517,9.160323],[-79.8689159,9.160543],[-79.8687988,9.1607697],[-79.8687812,9.1609624],[-79.8688958,9.1613166],[-79.8699841,9.1628151],[-79.8692564,9.1638038],[-79.8686346,9.1656855],[-79.8686283,9.1676661],[-79.8691435,9.1692588],[-79.8693972,9.1693184],[-79.869566,9.1693327],[-79.8697659,9.1693019],[-79.8698097,9.169302],[-79.8700311,9.1693376],[-79.87032,9.169485],[-79.8703424,9.1695013],[-79.870397,9.1695191],[-79.8706725,9.1696597],[-79.8707488,9.169736],[-79.8707976,9.1698319],[-79.870832,9.1700521],[-79.8708319,9.1700957],[-79.8708061,9.1702544],[-79.8708046,9.1707071],[-79.8708295,9.170866],[-79.8708285,9.1711809],[-79.8707927,9.1714008],[-79.8707433,9.1714965],[-79.8706665,9.1715723],[-79.8705699,9.1716208],[-79.8703901,9.1716485],[-79.8702179,9.1717036],[-79.8700434,9.17182],[-79.8698988,9.1718864],[-79.869268,9.1725093],[-79.8692603,9.1725198],[-79.8692424,9.172574],[-79.8691009,9.1728479],[-79.8690241,9.1729237],[-79.8689275,9.1729722],[-79.8687059,9.1730063],[-79.8685094,9.1730057],[-79.8676676,9.1733926],[-79.8673455,9.1737107],[-79.8671984,9.1738161],[-79.8670168,9.1739955],[-79.8669124,9.1741975],[-79.8665618,9.1745437],[-79.8664652,9.1745923],[-79.8662436,9.1746264],[-79.8661998,9.1746263],[-79.8659784,9.1745907],[-79.8659221,9.174562],[-79.8657667,9.1745683],[-79.8656211,9.1745526],[-79.8649014,9.1747022],[-79.8642634,9.1750656],[-79.864086,9.1752601],[-79.8637994,9.1754944],[-79.8637168,9.1755288],[-79.8637063,9.1755605],[-79.8636804,9.1757193],[-79.863631,9.175815],[-79.8635542,9.1758908],[-79.8634577,9.1759393],[-79.8632361,9.1759735],[-79.8629192,9.1759725],[-79.8626979,9.1759369],[-79.8626016,9.1758878],[-79.8622532,9.1755394],[-79.8621134,9.1752647],[-79.8620958,9.1752104],[-79.8618292,9.1748433],[-79.8611654,9.1741795],[-79.8611576,9.174164],[-79.8610042,9.1740508],[-79.8591754,9.1746349],[-79.8575592,9.1757939],[-79.8563826,9.1773925],[-79.8557606,9.1792741],[-79.8557543,9.1812547],[-79.8563642,9.1831402],[-79.8575169,9.1847274],[-79.8577476,9.1847282],[-79.857969,9.1847637],[-79.8580652,9.1848128],[-79.8581335,9.1848811],[-79.8585013,9.1851484],[-79.8589341,9.1852896],[-79.8590593,9.1853098],[-79.8591556,9.1853589],[-79.8595041,9.1857073],[-79.8595529,9.1858033],[-79.8595872,9.1860235],[-79.8595859,9.186455],[-79.8595857,9.1865186],[-79.8595845,9.1868809],[-79.8595487,9.1871009],[-79.8594485,9.1872948],[-79.859384,9.1874899],[-79.8593218,9.1879481],[-79.8593054,9.1880289],[-79.8593049,9.1881776],[-79.8593073,9.188193],[-79.8593071,9.1882365],[-79.8592714,9.1884565],[-79.8591675,9.1886575],[-79.859076,9.1889344],[-79.8590049,9.1894579],[-79.8590042,9.189661],[-79.859029,9.1898199],[-79.8590289,9.1898634],[-79.8589931,9.1900834],[-79.8588929,9.1902774],[-79.8588284,9.1904725],[-79.8587662,9.1909306],[-79.8587497,9.1910114],[-79.8587493,9.1911601],[-79.8587517,9.1911755],[-79.8587515,9.1912191],[-79.8587157,9.191439],[-79.8585674,9.1917261],[-79.858551,9.1917484],[-79.8585331,9.1918026],[-79.8583915,9.1920764],[-79.8583148,9.1921522],[-79.8582182,9.1922007],[-79.8581514,9.192211],[-79.8581651,9.1922534],[-79.8593316,9.1938594],[-79.8609404,9.1950286],[-79.8628341,9.1956466],[-79.8631395,9.1956957],[-79.8636808,9.1958723],[-79.865674,9.1958786],[-79.8675716,9.1952725],[-79.868202,9.1948205],[-79.8682014,9.1949992],[-79.8688113,9.1968847],[-79.8693593,9.1976391],[-79.8682547,9.1991398],[-79.8676327,9.2010215],[-79.8676264,9.203002],[-79.8682364,9.2048876],[-79.8682641,9.2049421],[-79.8682632,9.2052186],[-79.8682629,9.2053315],[-79.868389,9.2064202],[-79.8683882,9.2064203],[-79.8683916,9.2064426],[-79.8684342,9.2068099],[-79.8684599,9.2068798],[-79.8684706,9.2069485],[-79.8685912,9.2071812],[-79.868609,9.2072354],[-79.8687677,9.2075417],[-79.8688013,9.2077564],[-79.8688011,9.2077999],[-79.8687653,9.2080199],[-79.8686856,9.2081742],[-79.8685248,9.2088306],[-79.8685246,9.2088843],[-79.8684888,9.2091042],[-79.8684091,9.2092585],[-79.8682483,9.2099149],[-79.8682481,9.2099686],[-79.8682123,9.2101886],[-79.8681629,9.2102842],[-79.8680942,9.2103521],[-79.8678252,9.2107175],[-79.867683,9.2111476],[-79.8676628,9.211272],[-79.8675831,9.2114263],[-79.8674751,9.2118669],[-79.8674217,9.2122606],[-79.8674204,9.2126524],[-79.8674203,9.212679],[-79.8674173,9.2126977],[-79.8674166,9.2127084],[-79.8674153,9.2130937],[-79.8674505,9.2133655],[-79.8675752,9.2138891],[-79.867654,9.2140439],[-79.8676883,9.2142641],[-79.8676877,9.2144713],[-79.8677109,9.214589],[-79.8677149,9.2146202],[-79.8681539,9.2152246],[-79.8681207,9.2154289],[-79.8679857,9.2158372],[-79.8679816,9.2171354],[-79.8679523,9.2171353],[-79.867952,9.2172017],[-79.8679509,9.217564],[-79.8679506,9.2176535],[-79.86795,9.2178298],[-79.8679488,9.2182205],[-79.8679598,9.2182205],[-79.8679553,9.2196335],[-79.8685653,9.2215191],[-79.8697277,9.2231192],[-79.8697435,9.2231335],[-79.8712984,9.2242634],[-79.8714403,9.2243267],[-79.8732348,9.2249122],[-79.8735735,9.2249666],[-79.8755669,9.2249728],[-79.876252,9.224754],[-79.8768035,9.224669],[-79.8771409,9.2246701],[-79.8773747,9.2246708],[-79.877576,9.2246714],[-79.8776608,9.2248381],[-79.877691,9.2249313],[-79.8788576,9.2265372],[-79.8803986,9.2276569],[-79.881009,9.227942],[-79.882596,9.2284392],[-79.8828151,9.2284744],[-79.8829102,9.2285217],[-79.8847977,9.2291191],[-79.8867787,9.2291116],[-79.8886616,9.2285],[-79.8902644,9.2273433],[-79.8914322,9.2257535],[-79.8915721,9.2254827],[-79.8915814,9.2254645],[-79.8916633,9.2253049],[-79.8919582,9.2253523],[-79.8921985,9.2254307],[-79.8925032,9.2255861],[-79.8929242,9.225892],[-79.8947039,9.2264725],[-79.8950574,9.2265106],[-79.896653,9.2265155],[-79.8971119,9.22642],[-79.8985105,9.2259733],[-79.8990462,9.2256681],[-79.9001097,9.2249054],[-79.9003518,9.2246399],[-79.9003543,9.2247117],[-79.9005967,9.2243823],[-79.9005938,9.225314],[-79.901204,9.2271995],[-79.9023707,9.2288054],[-79.9039799,9.2299745],[-79.9058738,9.2305923],[-79.9078673,9.2305983],[-79.9090154,9.2304212],[-79.9094139,9.2303756],[-79.9094192,9.2303742],[-79.9101699,9.2302783],[-79.9115337,9.2297832],[-79.9116192,9.2297402],[-79.9116474,9.2297312],[-79.9121662,9.2294705],[-79.9121944,9.2294615],[-79.9123417,9.2293875],[-79.9131526,9.2291284],[-79.9131911,9.2291091],[-79.9146598,9.2280557],[-79.9148394,9.2278783],[-79.9149174,9.2277723],[-79.9149725,9.2277255],[-79.9157499,9.2266692],[-79.9160181,9.2262479],[-79.9166058,9.2244692],[-79.9166118,9.2224887],[-79.9160016,9.2206032],[-79.9148348,9.2189973],[-79.9137884,9.2179514],[-79.9121793,9.2167824],[-79.9117347,9.2166374],[-79.911415,9.2164743],[-79.9112502,9.2163932],[-79.9111053,9.2163245],[-79.9095618,9.2158575],[-79.9091178,9.2157981],[-79.9090318,9.2157749],[-79.9088336,9.2157757],[-79.9080916,9.2156566],[-79.9062633,9.2156273],[-79.904502,9.2161151],[-79.9029526,9.2170798],[-79.9029339,9.2171008],[-79.9025359,9.2158707],[-79.9013691,9.2142649],[-79.8997869,9.2131153],[-79.89969,9.2130729],[-79.8978662,9.212478],[-79.897588,9.2124333],[-79.8961657,9.2119693],[-79.8957473,9.2118566],[-79.893816,9.2118506],[-79.8937288,9.211858],[-79.8935895,9.2118794],[-79.8934767,9.2118791],[-79.8934728,9.2118791],[-79.8932718,9.2118785],[-79.8932716,9.2119349],[-79.8931251,9.2119345],[-79.8929041,9.2117649],[-79.8926772,9.2116133],[-79.8915089,9.2111282],[-79.8912801,9.2110823],[-79.8911008,9.2110023],[-79.8909989,9.2109748],[-79.8904427,9.2109003],[-79.8904489,9.2108625],[-79.8899358,9.2107802],[-79.8885366,9.2103465],[-79.8878573,9.2102555],[-79.8871121,9.2102569],[-79.8870377,9.2102449],[-79.8869967,9.2102448],[-79.8869967,9.2102313],[-79.8864506,9.2102296],[-79.8864506,9.2102431],[-79.8856314,9.2102406],[-79.8856315,9.2102341],[-79.8856724,9.2102407],[-79.8854742,9.2101396],[-79.8851682,9.2099172],[-79.8847236,9.2097722],[-79.884114,9.2094612],[-79.8840584,9.209352],[-79.8839678,9.2092272],[-79.8842694,9.2092281],[-79.8842696,9.2091662],[-79.8853679,9.2091696],[-79.885643,9.2090817],[-79.8864099,9.2089634],[-79.8870007,9.2089653],[-79.8870008,9.2089303],[-79.8870963,9.2089306],[-79.8873692,9.2089744],[-79.8887345,9.2089786],[-79.8893315,9.2090745],[-79.889831,9.2092374],[-79.8916847,9.2092431],[-79.8921298,9.2091261],[-79.8922209,9.2091168],[-79.893252,9.2087875],[-79.8935115,9.2088292],[-79.8938523,9.2089404],[-79.8946831,9.2090737],[-79.8966764,9.2090798],[-79.8985741,9.2084736],[-79.8994503,9.2078451],[-79.8995197,9.2078103],[-79.9001141,9.2073839],[-79.9009274,9.2069753],[-79.9009363,9.2069798],[-79.9037904,9.2076602],[-79.9044107,9.2076621],[-79.904753,9.2076632],[-79.9047531,9.2076282],[-79.9052992,9.2076299],[-79.9052991,9.2076648],[-79.9055859,9.2076657],[-79.9073572,9.20823],[-79.9074232,9.2082406],[-79.9085865,9.2086201],[-79.9091919,9.2087011],[-79.9099378,9.2087034],[-79.9099376,9.2087641],[-79.9101963,9.2087649],[-79.9103329,9.2088346],[-79.9103692,9.2088529],[-79.9113243,9.2093325],[-79.9118803,9.2097364],[-79.9122558,9.2099279],[-79.9122738,9.209937],[-79.9123624,9.2099738],[-79.9124497,9.2100242],[-79.912634,9.210115],[-79.9141085,9.2105847],[-79.91499,9.21103],[-79.9150044,9.2110373],[-79.9156153,9.2113441],[-79.9161855,9.2117583],[-79.9163616,9.2119343],[-79.9163773,9.2120347],[-79.9163802,9.2120342],[-79.9165128,9.2130594],[-79.9171447,9.2145881],[-79.9173823,9.2148978],[-79.9173823,9.2149114],[-79.9176427,9.216722],[-79.9184132,9.218383],[-79.9196296,9.2197559],[-79.9211901,9.2207259],[-79.9229647,9.2212122],[-79.9248052,9.2211741],[-79.9251109,9.2211232],[-79.925205,9.2211712],[-79.9252793,9.2212252],[-79.9271733,9.2218429],[-79.92774,9.2219338],[-79.9283403,9.2221295],[-79.9283792,9.2221358],[-79.9298393,9.2226119],[-79.930595,9.2227332],[-79.9306652,9.2227591],[-79.9310346,9.2228037],[-79.931057,9.2228073],[-79.9310571,9.2228064],[-79.9317759,9.2228931],[-79.9325057,9.2230101],[-79.9325758,9.2230361],[-79.9329452,9.2230807],[-79.9329676,9.2230842],[-79.9329678,9.2230834],[-79.9336865,9.22317],[-79.9341103,9.223238],[-79.9355703,9.2237141],[-79.9363261,9.2238354],[-79.9363963,9.2238613],[-79.9367657,9.2239059],[-79.936788,9.2239095],[-79.9367882,9.2239086],[-79.9378831,9.2240406],[-79.9379483,9.2240408],[-79.9380611,9.2240412],[-79.9381284,9.224052],[-79.9401583,9.2240521],[-79.9420852,9.2234179],[-79.9426561,9.2231227],[-79.944137,9.2226494],[-79.9443728,9.2225309],[-79.9444774,9.2224975],[-79.9460936,9.2213381],[-79.94642,9.2208945],[-79.9470633,9.2202591],[-79.947065,9.2202582],[-79.9474896,9.2201927],[-79.947486,9.2201695],[-79.9477216,9.2201425],[-79.9477218,9.2201433],[-79.9477442,9.2201399],[-79.9481138,9.2200975],[-79.9481842,9.220072],[-79.948891,9.2199628],[-79.949463,9.2199645],[-79.9504701,9.2196995],[-79.9514152,9.2193975],[-79.9514305,9.2193904],[-79.9520824,9.2189398],[-79.9517139,9.2195586],[-79.9493916,9.2230849],[-79.9476648,9.226816],[-79.9466249,9.2308388],[-79.9460834,9.2351044],[-79.9456053,9.239627],[-79.9444292,9.2445166],[-79.942398,9.2496351],[-79.9400604,9.2539371],[-79.9372042,9.2571243],[-79.9336963,9.2591208],[-79.9298118,9.2603435],[-79.9256517,9.2607313],[-79.9213961,9.2605999],[-79.9171716,9.2603914],[-79.9129733,9.2606691],[-79.9087737,9.2613422],[-79.9045836,9.2625535],[-79.9002871,9.2642211],[-79.8957801,9.2666323],[-79.8933021,9.2683997],[-79.8938167,9.2677007],[-79.8952054,9.2663297],[-79.8952014,9.2663257],[-79.8953342,9.2662288],[-79.8961492,9.2653978],[-79.896681,9.2648728],[-79.8969383,9.2647436],[-79.8985999,9.2635394],[-79.8991018,9.2630338],[-79.8995311,9.2627385],[-79.8995684,9.2627017],[-79.9003859,9.2619457],[-79.9008798,9.2613516],[-79.9014474,9.2603044],[-79.9017467,9.2596305],[-79.9018804,9.258841],[-79.9019185,9.2587015],[-79.9019639,9.2583828],[-79.9019691,9.2583836],[-79.9021231,9.2574363],[-79.9024054,9.2565822],[-79.9024429,9.2563521],[-79.9025548,9.2560135],[-79.9026545,9.2553999],[-79.9026752,9.2553599],[-79.9027035,9.2553045],[-79.9029151,9.254885],[-79.9031596,9.2541328],[-79.9032256,9.2540051],[-79.9032349,9.2539869],[-79.9034249,9.2536165],[-79.9035326,9.2535101],[-79.9047094,9.2519113],[-79.9053312,9.2500296],[-79.9053374,9.248049],[-79.9047272,9.2461635],[-79.9039605,9.2451083],[-79.9035548,9.2445864],[-79.9034654,9.2444887],[-79.9029022,9.2440796],[-79.9018139,9.2429916],[-79.9015368,9.2426102],[-79.8999276,9.2414411],[-79.8980336,9.2408233],[-79.8960401,9.2408172],[-79.8954105,9.2409143],[-79.8951069,9.2409133],[-79.8950021,9.2408086],[-79.895003,9.2405318],[-79.8950061,9.2395334],[-79.8946472,9.2374192],[-79.8935985,9.2355452],[-79.8919805,9.2341266],[-79.8899785,9.2333259],[-79.8878224,9.233235],[-79.8870906,9.2334583],[-79.8864222,9.2335614],[-79.8860848,9.2335603],[-79.8860324,9.2335602],[-79.8858313,9.2335596],[-79.8858312,9.233616],[-79.8855581,9.2336152],[-79.8855583,9.2335587],[-79.8852405,9.2335577],[-79.8845529,9.2334473],[-79.8823621,9.2334747],[-79.8803102,9.2342377],[-79.8786398,9.2356462],[-79.8775483,9.2375336],[-79.8771648,9.2396767],[-79.8771642,9.2398574],[-79.8770647,9.2399074],[-79.8750486,9.2394198],[-79.8750679,9.2393012],[-79.8741242,9.2391497],[-79.874054,9.2391237],[-79.8736846,9.2390791],[-79.8736623,9.2390755],[-79.8736621,9.2390764],[-79.8729434,9.2389896],[-79.8723265,9.2388906],[-79.8712336,9.2385339],[-79.8692401,9.2385277],[-79.8687532,9.2386027],[-79.8677648,9.2382802],[-79.8676007,9.2382582],[-79.8658025,9.2382525],[-79.8656383,9.2382735],[-79.8638134,9.2388562],[-79.8632869,9.2387716],[-79.8612934,9.2387653],[-79.8593956,9.2393713],[-79.8577791,9.2405303],[-79.8566022,9.2421288],[-79.85598,9.2440105],[-79.8559737,9.2459855],[-79.8559758,9.2460045],[-79.8559759,9.2460053],[-79.8563363,9.2471195],[-79.8563582,9.2472597],[-79.8562239,9.2475225],[-79.8561987,9.247615],[-79.8561118,9.247777],[-79.8557898,9.2487655],[-79.855322,9.2481216],[-79.8549598,9.2478583],[-79.8544495,9.2473481],[-79.8540186,9.2460159],[-79.8538163,9.2455814],[-79.8528598,9.2442645],[-79.8526247,9.2440294],[-79.8517324,9.243381],[-79.8517189,9.2432643],[-79.8517198,9.2432641],[-79.8517163,9.2432419],[-79.8516738,9.2428746],[-79.8516481,9.2428047],[-79.8515694,9.2423008],[-79.8510493,9.2406928],[-79.8508498,9.2402642],[-79.8499776,9.2390634],[-79.8495383,9.2386241],[-79.8484346,9.2378221],[-79.8477221,9.2374892],[-79.8462901,9.2370218],[-79.8457348,9.2369326],[-79.8437414,9.2369262],[-79.8418435,9.2375321],[-79.8418168,9.2375513],[-79.8412804,9.235893],[-79.8401139,9.234287],[-79.838505,9.2331177],[-79.8378628,9.232908],[-79.8377598,9.2328554],[-79.8369787,9.2326005],[-79.8361884,9.2321972],[-79.8359983,9.2320591],[-79.8341045,9.2314409],[-79.8338311,9.231397],[-79.8332898,9.2312203],[-79.8312964,9.2312138],[-79.8306516,9.2314196],[-79.8298912,9.2326838],[-79.8277172,9.2358713],[-79.8258098,9.2392981],[-79.8243068,9.2418845],[-79.8243697,9.2418946],[-79.8248669,9.2421483],[-79.8252608,9.2425422],[-79.8255129,9.2430378],[-79.8256197,9.2437222],[-79.8254995,9.2444605],[-79.8254967,9.2453092],[-79.825758,9.2461174],[-79.825944,9.2463735],[-79.8263186,9.2471099],[-79.8264254,9.2477943],[-79.8263141,9.248478],[-79.8260587,9.248972],[-79.8256622,9.2493633],[-79.8251634,9.2496138],[-79.8244744,9.2497199],[-79.8237862,9.2496093],[-79.823289,9.2493555],[-79.8228951,9.2489616],[-79.822643,9.248466],[-79.8225362,9.2477816],[-79.8226564,9.2470434],[-79.8226574,9.2467613],[-79.8212031,9.2457043],[-79.8210879,9.2456564],[-79.8190646,9.2449959],[-79.8188812,9.2448627],[-79.8186175,9.2449056],[-79.8145888,9.2451577],[-79.8098629,9.2460789],[-79.8064021,9.2472132],[-79.8063836,9.2473271],[-79.8061282,9.247821],[-79.8057316,9.2482123],[-79.8052328,9.2484628],[-79.804253,9.2486136],[-79.8042532,9.2486147],[-79.8039093,9.248654],[-79.803785,9.2486991],[-79.8030016,9.2488197],[-79.8023333,9.249033],[-79.8021261,9.2491238],[-79.8015457,9.2495398],[-79.8014769,9.2496009],[-79.8010058,9.2502406],[-79.8009869,9.2502729],[-79.8007383,9.2510244],[-79.800724,9.2510899],[-79.8007212,9.251916],[-79.8007543,9.252128],[-79.8007539,9.2522435],[-79.8006298,9.2530051],[-79.8005613,9.2531375],[-79.8002946,9.2539438],[-79.8002917,9.2547926],[-79.8004562,9.2558472],[-79.8003448,9.2565309],[-79.8003331,9.2565535],[-79.8000664,9.2573599],[-79.800051,9.2574543],[-79.7998537,9.2580507],[-79.7998401,9.258134],[-79.7998714,9.2582012],[-79.8003451,9.2588534],[-79.8010331,9.2609814],[-79.8013053,9.2615167],[-79.8026383,9.2633523],[-79.8029447,9.2636587],[-79.8014167,9.2647539],[-79.8014053,9.264765],[-79.800731,9.2652483],[-79.8001946,9.2657776],[-79.8001162,9.2658841],[-79.8000085,9.2659613],[-79.7998658,9.2661021],[-79.7997099,9.2662854],[-79.7993926,9.2665985],[-79.7989614,9.2671839],[-79.798756,9.2676176],[-79.7983855,9.2681395],[-79.7982686,9.2683866],[-79.7978983,9.2695058],[-79.7975916,9.2706275],[-79.7975846,9.2726941],[-79.7976563,9.2729157],[-79.797838,9.274081],[-79.7978369,9.2744007],[-79.7980423,9.2751726],[-79.7981102,9.2753255],[-79.7981248,9.2754153],[-79.7983135,9.2759739],[-79.799286,9.2777959],[-79.7996454,9.2782646],[-79.8006301,9.2791869],[-79.8009686,9.2791348],[-79.8010849,9.2791352],[-79.8018515,9.2792584],[-79.8024048,9.2795408],[-79.803214,9.279805],[-79.8037124,9.2800593],[-79.8041063,9.2804533],[-79.8043584,9.2809489],[-79.8044773,9.2817113],[-79.8044773,9.2817113],[-79.8046015,9.2818556],[-79.8050116,9.2822087],[-79.8066165,9.2832179],[-79.8071132,9.2834352],[-79.8089463,9.2839297],[-79.8094854,9.2839918],[-79.8110334,9.2839395],[-79.811284,9.2838137],[-79.8117296,9.2836715],[-79.8124225,9.2831749],[-79.8127998,9.2828026],[-79.8133133,9.2825448],[-79.8140961,9.282295],[-79.8144916,9.2820965],[-79.8145198,9.2820875],[-79.8146661,9.2820141],[-79.8153551,9.281908],[-79.8160433,9.2820186],[-79.8161891,9.282093],[-79.8161969,9.282097],[-79.8171465,9.2825778],[-79.8173559,9.28273],[-79.8179653,9.28257],[-79.8185392,9.2823064],[-79.8189218,9.2820421],[-79.8197848,9.2835384],[-79.8201418,9.2839793],[-79.8215058,9.2852076],[-79.8218742,9.2854753],[-79.8220957,9.2856192],[-79.8221712,9.2856529],[-79.8221749,9.2856668],[-79.8223203,9.285741],[-79.8223447,9.2858974],[-79.8228074,9.2873281],[-79.8233278,9.2884463],[-79.8238315,9.2891398],[-79.8251243,9.2904326],[-79.8253088,9.2905667],[-79.8253631,9.2907344],[-79.8260578,9.2922216],[-79.8264232,9.2927405],[-79.8280027,9.2943062],[-79.8285258,9.2946681],[-79.8304106,9.2955322],[-79.8289012,9.2957747],[-79.8285032,9.2959075],[-79.8288213,9.2960113],[-79.8296758,9.2960141],[-79.8304893,9.2957545],[-79.8311065,9.2954446],[-79.8311347,9.2954356],[-79.8312809,9.2953622],[-79.8316761,9.2953014],[-79.8324897,9.2950417],[-79.8332941,9.2946379],[-79.8333223,9.2946289],[-79.8334685,9.2945555],[-79.8341575,9.2944494],[-79.8350935,9.2945998],[-79.8354344,9.294711],[-79.8362653,9.2948445],[-79.8371198,9.2948473],[-79.8379333,9.2945877],[-79.8386262,9.294091],[-79.8392556,9.29347],[-79.8397545,9.2932195],[-79.8405219,9.2931013],[-79.8406383,9.2931017],[-79.8407823,9.2931248],[-79.8412709,9.2925893],[-79.8415827,9.2921157],[-79.8421403,9.2908824],[-79.8424181,9.2900426],[-79.8424575,9.2898009],[-79.8425008,9.2897155],[-79.842569,9.2895774],[-79.8426382,9.2894334],[-79.8431147,9.28788],[-79.8431228,9.2878207],[-79.843136,9.2878107],[-79.8432026,9.2875936],[-79.8433293,9.287594],[-79.8433294,9.2875564],[-79.8443974,9.2875599],[-79.8445024,9.2875511],[-79.8463375,9.287069],[-79.8467647,9.2869326],[-79.8470738,9.2867906],[-79.8488126,9.2855442],[-79.8497114,9.2846571],[-79.8504403,9.2836674],[-79.8512849,9.2828338],[-79.8513147,9.2828188],[-79.8522314,9.2826776],[-79.8543697,9.281995],[-79.8545548,9.2820247],[-79.8550436,9.2821842],[-79.8563477,9.2821884],[-79.8562875,9.2818029],[-79.8563988,9.2811191],[-79.8566542,9.2806252],[-79.8570507,9.2802338],[-79.8575496,9.2799833],[-79.8582386,9.2798771],[-79.8589269,9.2799877],[-79.8594241,9.2802414],[-79.8598181,9.2806353],[-79.8600703,9.2811309],[-79.8601772,9.2818153],[-79.8600699,9.2824742],[-79.8614126,9.2824785],[-79.8619132,9.2823186],[-79.8625337,9.282223],[-79.8647029,9.2815305],[-79.8649125,9.2813802],[-79.864946,9.2814772],[-79.8650293,9.2814298],[-79.8650761,9.2815301],[-79.8654371,9.2820458],[-79.866997,9.2836053],[-79.8675138,9.2839673],[-79.8695166,9.2849027],[-79.8696045,9.2849348],[-79.8706067,9.2851159],[-79.870601,9.2851505],[-79.8708745,9.2851944],[-79.8713099,9.2854146],[-79.8717198,9.2855251],[-79.8715148,9.2849151],[-79.8714081,9.2847054],[-79.8713012,9.284021],[-79.8714124,9.2833372],[-79.8716678,9.2828433],[-79.8720643,9.2824519],[-79.8725632,9.2822013],[-79.8732522,9.2820952],[-79.8739405,9.2822057],[-79.8744377,9.2824593],[-79.8746052,9.2826268],[-79.8752083,9.2830649],[-79.8751856,9.2831336],[-79.8751829,9.2839824],[-79.8751908,9.2840332],[-79.8751839,9.2840761],[-79.8749519,9.2842909],[-79.8726479,9.2870169],[-79.8707631,9.2899233],[-79.8684576,9.2925639],[-79.8659926,9.294697],[-79.8643679,9.2967326],[-79.8644472,9.2984906],[-79.8669354,9.2992135],[-79.8711768,9.2990642],[-79.8754051,9.2993694],[-79.878971,9.3009174],[-79.8818497,9.3033816],[-79.8846164,9.3058369],[-79.8876362,9.3074368],[-79.8910397,9.3075372],[-79.8945609,9.3066287],[-79.8980921,9.3054373],[-79.9011648,9.3036017],[-79.9032952,9.3007258],[-79.9044767,9.2971171],[-79.9053543,9.2932736],[-79.9068908,9.2896091],[-79.9093102,9.2864497],[-79.9099831,9.2858466],[-79.9101163,9.2869949],[-79.9101099,9.2869958],[-79.9101353,9.2871583],[-79.9101697,9.2874551],[-79.9101905,9.2875115],[-79.9102968,9.2881922],[-79.9104067,9.2885315],[-79.9105973,9.2897511],[-79.9106261,9.2897467],[-79.9106533,9.2899808],[-79.9106469,9.2899818],[-79.9106723,9.2901443],[-79.9107067,9.290441],[-79.9108767,9.2909031],[-79.9109878,9.2912463],[-79.9111359,9.2921945],[-79.9111648,9.29219],[-79.911192,9.2924242],[-79.9111856,9.2924252],[-79.911211,9.2925876],[-79.9112454,9.2928844],[-79.9112662,9.2929408],[-79.9113161,9.2932605],[-79.9113158,9.2933661],[-79.9114584,9.2945954],[-79.911452,9.2945964],[-79.9114774,9.2947589],[-79.9115118,9.2950556],[-79.9115326,9.2951121],[-79.9116704,9.2959943],[-79.9116993,9.2959899],[-79.9117265,9.296224],[-79.9117201,9.296225],[-79.9117455,9.2963875],[-79.9117732,9.2966263],[-79.911744,9.296865],[-79.9117176,9.2970273],[-79.911724,9.2970284],[-79.9115738,9.2982568],[-79.9115738,9.2982605],[-79.9119938,9.3000221],[-79.9119814,9.300024],[-79.9121069,9.3008265],[-79.9123003,9.3014241],[-79.9123151,9.3015186],[-79.9125921,9.3023745],[-79.9126555,9.3027799],[-79.9126531,9.3035472],[-79.9126499,9.3035472],[-79.9126483,9.304063],[-79.9125263,9.3048138],[-79.9124736,9.304973],[-79.912467,9.307125],[-79.9126365,9.3077614],[-79.9131641,9.3093913],[-79.91345,9.3097848],[-79.9134492,9.3100472],[-79.913445,9.3114201],[-79.9134433,9.31196],[-79.9134681,9.31196],[-79.9134656,9.3127739],[-79.9134408,9.3127739],[-79.9134401,9.3130184],[-79.9133774,9.3134036],[-79.9130951,9.3142578],[-79.9130799,9.3143512],[-79.9130719,9.3143674],[-79.9130189,9.31448],[-79.9129791,9.3146567],[-79.9128826,9.3149486],[-79.9128029,9.3154386],[-79.9123336,9.3175215],[-79.9123298,9.3187606],[-79.9123282,9.3192549],[-79.9122435,9.3197757],[-79.9122343,9.3198036],[-79.9118431,9.3196089],[-79.9110861,9.3193661],[-79.9109652,9.3193045],[-79.9109159,9.3192796],[-79.9106167,9.3191298],[-79.9106016,9.3190831],[-79.9104496,9.31902],[-79.9104424,9.3189996],[-79.909637,9.3171878],[-79.9093282,9.3167122],[-79.9079985,9.3152363],[-79.9075569,9.3148789],[-79.9058332,9.3138833],[-79.905302,9.3136789],[-79.9033529,9.3132611],[-79.9027841,9.3132297],[-79.9010948,9.3134008],[-79.899826,9.313806],[-79.8992606,9.3138931],[-79.8986832,9.3139592],[-79.8986822,9.3139528],[-79.8985186,9.3139781],[-79.8982199,9.3140122],[-79.898163,9.3140329],[-79.8975127,9.3141331],[-79.8971414,9.314132],[-79.8965876,9.3142775],[-79.896341,9.314309],[-79.8958815,9.3144298],[-79.8943424,9.3150574],[-79.8939827,9.3152622],[-79.8937374,9.3154381],[-79.8926804,9.3162385],[-79.8922937,9.3167637],[-79.8911805,9.3178626],[-79.8901794,9.3185802],[-79.8895374,9.3192139],[-79.888576,9.3199031],[-79.8881395,9.3201224],[-79.8873284,9.3203813],[-79.886414,9.3208405],[-79.8863575,9.3208585],[-79.8861428,9.3209664],[-79.8845593,9.3214719],[-79.8844751,9.3215065],[-79.8840763,9.3217357],[-79.8840028,9.3217884],[-79.8827194,9.3227729],[-79.8825381,9.3229321],[-79.8822119,9.3232596],[-79.8818089,9.3238068],[-79.8808841,9.3238039],[-79.8803354,9.323979],[-79.8800648,9.3240207],[-79.8778953,9.3247134],[-79.8777043,9.3248503],[-79.8772529,9.3250769],[-79.876734,9.3254489],[-79.876276,9.3254475],[-79.8761739,9.3254561],[-79.8749978,9.3257651],[-79.8749521,9.3257697],[-79.8744747,9.3258952],[-79.8737076,9.3261404],[-79.8735593,9.326215],[-79.8732745,9.326214],[-79.8727502,9.3261299],[-79.8724134,9.32602],[-79.8719204,9.3259539],[-79.8716827,9.3259377],[-79.8716095,9.3259375],[-79.8713129,9.3259607],[-79.8692632,9.3262901],[-79.8687008,9.3264778],[-79.8668665,9.3274441],[-79.8663947,9.3278013],[-79.8649705,9.329302],[-79.8646393,9.3297909],[-79.8637763,9.3316666],[-79.8636751,9.3319446],[-79.8635096,9.3325506],[-79.8634452,9.3326141],[-79.8634446,9.3327968],[-79.8631547,9.3330829],[-79.8618093,9.3349098],[-79.8616632,9.3353515],[-79.8612897,9.336074],[-79.8610238,9.3368779],[-79.8610108,9.3369031],[-79.8598859,9.3384305],[-79.8597398,9.3388722],[-79.8595755,9.3391898],[-79.8595504,9.3392388],[-79.8592755,9.3397805],[-79.8591818,9.3399721],[-79.8591288,9.3400847],[-79.8586046,9.3424095],[-79.858535,9.3423983],[-79.8583584,9.3434832],[-79.8582773,9.3438427],[-79.8578012,9.3439947],[-79.8573203,9.3440687],[-79.857214,9.3440684],[-79.8569184,9.3441022],[-79.8562522,9.3443994],[-79.8560015,9.344207],[-79.8559763,9.3442099],[-79.8559753,9.3442035],[-79.8558727,9.3442193],[-79.8549956,9.3434996],[-79.8532804,9.3427478],[-79.8531465,9.3420168],[-79.8526672,9.340857],[-79.8519348,9.3396612],[-79.8515041,9.3390999],[-79.8510797,9.3387743],[-79.8501976,9.3378924],[-79.8483583,9.336556],[-79.8461933,9.3358496],[-79.8458143,9.3357887],[-79.8454945,9.3356843],[-79.8446595,9.3350776],[-79.844637,9.3350551],[-79.8445935,9.3349697],[-79.8434629,9.3334133],[-79.8429374,9.332888],[-79.8415501,9.33188],[-79.8415427,9.3318654],[-79.8415125,9.3317722],[-79.8405404,9.330434],[-79.8396808,9.3295746],[-79.8386494,9.3288252],[-79.838281,9.3286531],[-79.8378453,9.3283479],[-79.8378194,9.3283347],[-79.8376971,9.3282459],[-79.8371322,9.327982],[-79.8349962,9.327406],[-79.8343664,9.3273492],[-79.8321608,9.3275336],[-79.8318871,9.3275806],[-79.8307134,9.3279551],[-79.8305793,9.3280224],[-79.8305001,9.3280346],[-79.8291643,9.3284608],[-79.8281696,9.3288968],[-79.8276907,9.3292034],[-79.8274674,9.3294019],[-79.8275184,9.3297287],[-79.827407,9.3304124],[-79.8271515,9.3309064],[-79.8264809,9.3315681],[-79.8263091,9.3316543],[-79.8256161,9.3321509],[-79.8251115,9.3326487],[-79.8247884,9.3328109],[-79.8246359,9.3332018],[-79.8242148,9.3351376],[-79.8241972,9.3354502],[-79.824196,9.3358285],[-79.8242971,9.3368156],[-79.824274,9.3368452],[-79.8243139,9.3369685],[-79.8240481,9.3373293],[-79.8239647,9.3374116],[-79.822852,9.3389221],[-79.8227256,9.3391666],[-79.822103,9.3410481],[-79.822012,9.3416067],[-79.8220054,9.3435872],[-79.8220926,9.3441464],[-79.8227025,9.346032],[-79.8229594,9.346537],[-79.8238833,9.3478089],[-79.8241039,9.3479692],[-79.8241846,9.3480499],[-79.8242276,9.3481343],[-79.8242955,9.3483441],[-79.8243801,9.3485261],[-79.8252533,9.349728],[-79.8262376,9.3507122],[-79.8271438,9.3513707],[-79.8281741,9.351852],[-79.8296713,9.3523406],[-79.8296875,9.3523432],[-79.8300454,9.3525236],[-79.8315845,9.3530217],[-79.8318962,9.3531807],[-79.8319376,9.3532017],[-79.8322251,9.3533461],[-79.8339884,9.3546273],[-79.834586,9.3549322],[-79.8353895,9.3555161],[-79.8354539,9.355715],[-79.8358006,9.3564599],[-79.8365297,9.3574635],[-79.8375141,9.3584477],[-79.8386191,9.3592506],[-79.8390843,9.3594679],[-79.8397287,9.3596781],[-79.8398109,9.3597201],[-79.8398318,9.3597307],[-79.8400787,9.3598557],[-79.8418029,9.3611084],[-79.8421111,9.3612524],[-79.8425375,9.3613915],[-79.8443698,9.3618855],[-79.8444748,9.361895],[-79.8448407,9.3618962],[-79.8454452,9.3625005],[-79.8467946,9.3634799],[-79.8471343,9.3636532],[-79.8490289,9.3642714],[-79.8495913,9.3643617],[-79.8515855,9.3643682],[-79.8521486,9.3642815],[-79.8540471,9.3636756],[-79.8544134,9.3634917],[-79.8557738,9.3625071],[-79.8560374,9.3622442],[-79.8567115,9.3615791],[-79.8571124,9.3612918],[-79.8571201,9.361358],[-79.8571784,9.3613005],[-79.8573765,9.3625164],[-79.8575654,9.363075],[-79.8585234,9.3648691],[-79.8586391,9.3650283],[-79.858898,9.3653656],[-79.8601369,9.3665255],[-79.8601428,9.3665475],[-79.8602339,9.3666137],[-79.8602776,9.3668939],[-79.8602773,9.3670097],[-79.8606971,9.3687714],[-79.8606847,9.3687733],[-79.8607686,9.3693104],[-79.860761,9.3693565],[-79.8603652,9.3705531],[-79.8601923,9.3710141],[-79.860156,9.3713106],[-79.8601296,9.3714729],[-79.860136,9.3714739],[-79.8601166,9.3716324],[-79.8591107,9.372998],[-79.8589574,9.3732945],[-79.8582755,9.3753558],[-79.8582457,9.3755386],[-79.8582387,9.3777083],[-79.8582985,9.3780919],[-79.8589629,9.3801452],[-79.8590587,9.3803333],[-79.8603295,9.3820823],[-79.8606076,9.3822843],[-79.861291,9.3829674],[-79.8631305,9.3843037],[-79.8634808,9.3844824],[-79.8636048,9.3845442],[-79.8640421,9.3847568],[-79.8647739,9.3849879],[-79.8648597,9.3850317],[-79.864909,9.3850566],[-79.8658487,9.385527],[-79.8658417,9.3876857],[-79.8660009,9.3887055],[-79.8661107,9.3890448],[-79.8662133,9.3897018],[-79.866213,9.3898075],[-79.8662498,9.3901251],[-79.8659228,9.3900218],[-79.865105,9.3899122],[-79.8646749,9.3899121],[-79.8646537,9.3898829],[-79.8628917,9.3886029],[-79.862433,9.3879751],[-79.8615876,9.3871301],[-79.8602,9.3861386],[-79.8600211,9.3860551],[-79.8599884,9.3860299],[-79.8592326,9.3856543],[-79.8586845,9.3852561],[-79.8585767,9.3852012],[-79.8567767,9.3838935],[-79.8560859,9.3835412],[-79.85607,9.3834921],[-79.855005,9.3820263],[-79.8543659,9.3813874],[-79.8528969,9.3803202],[-79.8522368,9.3799835],[-79.8515466,9.3794821],[-79.8502715,9.3790661],[-79.8502509,9.3790454],[-79.849912,9.3786038],[-79.8494116,9.3782199],[-79.8480698,9.3773973],[-79.8470814,9.3769869],[-79.8458026,9.3767472],[-79.8458142,9.376676],[-79.8451492,9.3765692],[-79.8439838,9.3761889],[-79.8433822,9.3761082],[-79.8424911,9.3761053],[-79.8424914,9.3760335],[-79.8422962,9.3760328],[-79.8422868,9.376034],[-79.842068,9.3760476],[-79.8404175,9.3762579],[-79.8399815,9.3763724],[-79.83998,9.376373],[-79.8399799,9.3763728],[-79.8399579,9.3763786],[-79.8396443,9.3765064],[-79.8395411,9.3762693],[-79.8392538,9.3758119],[-79.8380192,9.3743776],[-79.8376089,9.3740246],[-79.8360035,9.3730154],[-79.8355067,9.3727982],[-79.8336731,9.3723038],[-79.8331338,9.3722416],[-79.8312349,9.3723059],[-79.8307012,9.3724044],[-79.8289058,9.3730217],[-79.828425,9.373272],[-79.8273346,9.3740657],[-79.8272353,9.3742029],[-79.8259681,9.375453],[-79.8248601,9.376957],[-79.8244725,9.3764302],[-79.8236449,9.3756028],[-79.8221624,9.3745656],[-79.8221142,9.3745425],[-79.8219248,9.3739567],[-79.8218438,9.3737638],[-79.8216245,9.3733935],[-79.8215078,9.3732328],[-79.8205172,9.3719863],[-79.8203503,9.3718035],[-79.8200696,9.3715353],[-79.8193309,9.3709985],[-79.8193155,9.3709832],[-79.8174907,9.3696572],[-79.8166499,9.3693135],[-79.8155785,9.3689638],[-79.8154464,9.3689373],[-79.8141341,9.3687612],[-79.8129851,9.3687574],[-79.8118285,9.3689047],[-79.8099635,9.3694996],[-79.8091787,9.3698504],[-79.809122,9.3698788],[-79.8090977,9.3698866],[-79.8086956,9.3700663],[-79.8081991,9.3703946],[-79.8066744,9.3718107],[-79.8063113,9.3722806],[-79.8053291,9.37411],[-79.8051384,9.3746712],[-79.8048039,9.3767177],[-79.8047928,9.3768583],[-79.8047923,9.3769934],[-79.8047901,9.3769934],[-79.8047854,9.3783498],[-79.8048535,9.3783501],[-79.8048526,9.3786213],[-79.8047845,9.3786211],[-79.8047828,9.3791369],[-79.8047307,9.3794562],[-79.8047096,9.3795125],[-79.8046732,9.379809],[-79.8046467,9.3799713],[-79.8046532,9.3799724],[-79.8046245,9.3802063],[-79.8045956,9.3802017],[-79.804452,9.381083],[-79.8044308,9.3811393],[-79.8043945,9.3814358],[-79.804368,9.3815981],[-79.8043744,9.3815992],[-79.8043041,9.3821722],[-79.8042727,9.3823651],[-79.8041688,9.382566],[-79.8041182,9.3826346],[-79.8037254,9.3838216],[-79.8034058,9.3849898],[-79.8033997,9.3867705],[-79.8034319,9.3871506],[-79.8035731,9.3875871],[-79.8035915,9.3877053],[-79.8035675,9.3878527],[-79.8035614,9.3896401],[-79.8036732,9.3904671],[-79.8042328,9.3921974],[-79.8042494,9.392304],[-79.8049464,9.394459],[-79.8052826,9.3949219],[-79.8052804,9.3955773],[-79.8053731,9.3962954],[-79.8059168,9.3979769],[-79.8060437,9.3982838],[-79.8068871,9.399445],[-79.807116,9.3998948],[-79.8079743,9.4010764],[-79.808094,9.4013117],[-79.8083455,9.4020893],[-79.8084653,9.4023247],[-79.8078395,9.4027785],[-79.8069623,9.4036644],[-79.8056574,9.4054685],[-79.8051209,9.4071055],[-79.8050458,9.4072507],[-79.8046301,9.4078148],[-79.8044371,9.4081878],[-79.8044109,9.408239],[-79.8043897,9.4082893],[-79.8043586,9.4083423],[-79.8041929,9.4086706],[-79.8039875,9.4093013],[-79.8038429,9.409444],[-79.8037571,9.4095285],[-79.8036088,9.4096749],[-79.8032938,9.4097753],[-79.8029134,9.409942],[-79.8024345,9.4102485],[-79.8009478,9.4115687],[-79.8005876,9.4120072],[-79.7995845,9.413719],[-79.7993785,9.4142465],[-79.7989697,9.4161245],[-79.7989662,9.4171462],[-79.7989791,9.4172727],[-79.7989657,9.41729],[-79.7989651,9.4174718],[-79.7989662,9.4174794],[-79.7989162,9.4175472],[-79.7986753,9.4177848],[-79.7973292,9.4196113],[-79.797183,9.420053],[-79.7970186,9.4203706],[-79.7970079,9.4203914],[-79.796884,9.4206328],[-79.7967004,9.4208139],[-79.7966147,9.4208984],[-79.7964263,9.4210842],[-79.7963405,9.4211688],[-79.7961521,9.4213546],[-79.795878,9.4216249],[-79.7957922,9.4217095],[-79.7956038,9.4218953],[-79.7956001,9.4218989],[-79.7955141,9.4219421],[-79.7939466,9.4230648],[-79.7934175,9.4235865],[-79.7924021,9.4249643],[-79.7923697,9.4249805],[-79.7923132,9.4249985],[-79.7913352,9.4254892],[-79.7912112,9.4255597],[-79.7910343,9.4256935],[-79.7907858,9.4258075],[-79.7897457,9.4265524],[-79.7887343,9.4275498],[-79.7879014,9.4286798],[-79.7878447,9.4287357],[-79.7876563,9.4289215],[-79.7875706,9.4290061],[-79.7873822,9.4291919],[-79.787331,9.4292423],[-79.7857025,9.4304086],[-79.7855964,9.4305003],[-79.7855418,9.4305542],[-79.7850548,9.4312149],[-79.7837229,9.4316467],[-79.7825954,9.432226],[-79.7825695,9.4322408],[-79.7825562,9.4322462],[-79.7824924,9.432279],[-79.782467,9.4322871],[-79.78209,9.4324762],[-79.782018,9.4325277],[-79.7813662,9.4323149],[-79.7804651,9.4321939],[-79.7787219,9.4321879],[-79.7783779,9.4322408],[-79.7762075,9.4329327],[-79.7761335,9.4329698],[-79.7756876,9.4331119],[-79.7743275,9.434086],[-79.7741723,9.4340353],[-79.7741239,9.4340719],[-79.7727905,9.4339514],[-79.7723032,9.4339497],[-79.7719166,9.4339819],[-79.7697885,9.4345401],[-79.769771,9.4345457],[-79.769318,9.4347535],[-79.7689903,9.4349882],[-79.7687345,9.4351165],[-79.7682254,9.4351947],[-79.7679792,9.4351939],[-79.7679789,9.4352657],[-79.7670878,9.4352626],[-79.7664855,9.4353392],[-79.7645593,9.4359532],[-79.7639158,9.4362759],[-79.7638594,9.4362939],[-79.7638243,9.4363115],[-79.763745,9.4363237],[-79.761696,9.4369768],[-79.7614608,9.4370725],[-79.7613625,9.4371218],[-79.759668,9.4383351],[-79.7593616,9.4381124],[-79.759344,9.4381051],[-79.7592893,9.4380668],[-79.7589555,9.4378964],[-79.7586146,9.4376487],[-79.756942,9.4371025],[-79.7563443,9.4369412],[-79.7541698,9.4369335],[-79.7537656,9.4369956],[-79.7533619,9.4369307],[-79.7511873,9.436923],[-79.7505884,9.43708],[-79.748912,9.4376143],[-79.7470631,9.4389381],[-79.7469076,9.4390913],[-79.7466794,9.4392058],[-79.7466511,9.4392148],[-79.7462742,9.4394038],[-79.7450841,9.4402559],[-79.7447546,9.4404211],[-79.7432986,9.4408851],[-79.742959,9.4410289],[-79.7429427,9.4410388],[-79.7420718,9.4416623],[-79.7410934,9.4424689],[-79.7409032,9.4426504],[-79.7408852,9.4426703],[-79.7406502,9.442989],[-79.7406295,9.4429889],[-79.7406296,9.4429643],[-79.7403564,9.4429633],[-79.7403563,9.4429879],[-79.7398996,9.4429863],[-79.7395938,9.4430333],[-79.7395297,9.443033],[-79.7391513,9.4430811],[-79.7389174,9.4431264],[-79.7386806,9.4431885],[-79.7383819,9.4432953],[-79.7363719,9.4442172],[-79.7358524,9.4445756],[-79.7343439,9.4460625],[-79.7342718,9.4461603],[-79.7337046,9.4461583],[-79.7324699,9.446482],[-79.731364,9.4468344],[-79.7312926,9.4468671],[-79.7306489,9.4473279],[-79.7304576,9.4473573],[-79.7304621,9.447386],[-79.7303768,9.4473957],[-79.7296311,9.4463688],[-79.7289033,9.4456408],[-79.7275351,9.4446462],[-79.7273955,9.444581],[-79.7269881,9.4444479],[-79.7262448,9.4440685],[-79.7248134,9.4436009],[-79.7226297,9.4434032],[-79.7219994,9.4434557],[-79.7198587,9.4440169],[-79.7197819,9.4440521],[-79.7195246,9.4441196],[-79.7193433,9.4442493],[-79.7192611,9.4442906],[-79.7191669,9.444305],[-79.7169964,9.4449965],[-79.7167991,9.4450954],[-79.7166889,9.4451123],[-79.7154416,9.4455097],[-79.7141032,9.4461234],[-79.7135837,9.4464818],[-79.7120124,9.4480305],[-79.7116476,9.4485437],[-79.7110197,9.449868],[-79.7107031,9.4508233],[-79.7098794,9.4518811],[-79.7092472,9.4533806],[-79.7091289,9.4538129],[-79.7089742,9.4549466],[-79.708963,9.4549576],[-79.7089623,9.4549624],[-79.7089471,9.4549733],[-79.7086467,9.4552694],[-79.7084417,9.4555101],[-79.7071651,9.4573062],[-79.7068956,9.4578744],[-79.7063146,9.4599957],[-79.7062571,9.4606212],[-79.7063423,9.4616315],[-79.7056064,9.461784],[-79.7050736,9.4619848],[-79.7033425,9.4629687],[-79.7028983,9.4633231],[-79.7017459,9.4645843],[-79.7012522,9.4652537],[-79.7012459,9.4652633],[-79.701233,9.4652918],[-79.7011904,9.4654204],[-79.7010659,9.4656608],[-79.7010012,9.4658035],[-79.7007606,9.4665296],[-79.7005579,9.466921],[-79.7001496,9.4674745],[-79.7000159,9.4677326],[-79.6999004,9.4680811],[-79.6993282,9.465605],[-79.6992468,9.4622503],[-79.7006116,9.4590656],[-79.7029735,9.4558609],[-79.7057962,9.4520648],[-79.7092299,9.4477728],[-79.7137636,9.444478],[-79.7182896,9.442336],[-79.7225598,9.4408688],[-79.7266821,9.4397999],[-79.7307738,9.4389687],[-79.7348906,9.4374322],[-79.739052,9.4348571],[-79.7433918,9.4314446],[-79.7477501,9.4284793],[-79.7521805,9.4260892],[-79.7562072,9.4238195],[-79.7581549,9.4212469],[-79.7580986,9.4183437],[-79.7576482,9.4151757],[-79.7582252,9.4120492],[-79.7602437,9.4095638],[-79.7631761,9.4080239],[-79.7661905,9.407054],[-79.768547,9.4054243],[-79.7697845,9.4025852],[-79.7700644,9.3989437],[-79.7701476,9.3948835],[-79.7712149,9.3904774],[-79.7736133,9.3859274],[-79.7763546,9.3819613],[-79.7794301,9.3788022],[-79.7826961,9.3763879],[-79.7861596,9.3749285],[-79.7896629,9.3745645],[-79.7928173,9.3745262],[-79.7954592,9.3734906],[-79.7976276,9.3712376],[-79.7993012,9.3683007],[-79.8007907,9.3652749],[-79.8028942,9.363033],[-79.8057922,9.3623813],[-79.8090272,9.3633342],[-79.8125277,9.3648974],[-79.8161894,9.3662173],[-79.8196134,9.3669137],[-79.8223568,9.3664413],[-79.8236081,9.3650934],[-79.8227014,9.3631915],[-79.8204203,9.3609538],[-79.817769,9.3581958],[-79.8150565,9.3552154],[-79.812086,9.3524801],[-79.8110227,9.3517781],[-79.8108913,9.351844],[-79.8101237,9.3519621],[-79.8097342,9.3519608],[-79.8089002,9.3518267],[-79.8082162,9.3516035],[-79.8073616,9.3516006],[-79.8069253,9.3516678],[-79.8064894,9.3515977],[-79.8056348,9.3515948],[-79.8049494,9.3518135],[-79.8044259,9.351894],[-79.8036122,9.3521535],[-79.8035376,9.352207],[-79.802694,9.3526303],[-79.8019265,9.3527484],[-79.8012638,9.3527462],[-79.800497,9.3526229],[-79.8003513,9.3525485],[-79.8003328,9.3525392],[-79.7997874,9.352266],[-79.7997721,9.3522584],[-79.7995461,9.352147],[-79.7994137,9.352092],[-79.7986947,9.3518627],[-79.7983146,9.3518017],[-79.7978174,9.3515479],[-79.7974234,9.3511539],[-79.7971713,9.3506583],[-79.7970231,9.3497081],[-79.7968475,9.3491652],[-79.7965512,9.34861],[-79.7963647,9.3483533],[-79.7960459,9.3480546],[-79.7955721,9.3477103],[-79.7950999,9.3474693],[-79.79457,9.3469394],[-79.7942929,9.346558],[-79.7940857,9.3464074],[-79.7935694,9.3460456],[-79.7927914,9.3457917],[-79.7919368,9.3457888],[-79.7911023,9.3459171],[-79.7904139,9.3458064],[-79.7899167,9.3455527],[-79.7896955,9.3453315],[-79.7890059,9.3448302],[-79.788194,9.3445652],[-79.787414,9.3444398],[-79.7869168,9.344186],[-79.7865228,9.343792],[-79.7860777,9.342917],[-79.7860749,9.3429083],[-79.785575,9.34222],[-79.7848854,9.3417187],[-79.7840735,9.3414536],[-79.783219,9.3414507],[-79.7824053,9.3417102],[-79.7817122,9.3422067],[-79.7813751,9.3425393],[-79.7808761,9.3427897],[-79.7801085,9.3429077],[-79.7799922,9.3429073],[-79.7792254,9.342784],[-79.7787282,9.3425302],[-79.7783343,9.3421362],[-79.7780822,9.3416406],[-79.7779633,9.3408782],[-79.7779637,9.3407627],[-79.7780879,9.3400011],[-79.7783434,9.3395073],[-79.7784065,9.3394451],[-79.7789117,9.3387591],[-79.7791784,9.3379516],[-79.7791805,9.3371017],[-79.7789177,9.3362929],[-79.7784159,9.3356046],[-79.7777242,9.3351042],[-79.7772102,9.3348435],[-79.7765958,9.3346442],[-79.7758805,9.3345796],[-79.7756969,9.3345792],[-79.7748538,9.3348004],[-79.7747362,9.334838],[-79.7740741,9.3351702],[-79.773385,9.3352761],[-79.7726967,9.3351654],[-79.7721994,9.3349116],[-79.7718055,9.3345176],[-79.7714427,9.3338042],[-79.7713725,9.3335757],[-79.770947,9.3329319],[-79.7703566,9.3324328],[-79.7696487,9.3321186],[-79.7688805,9.3320146],[-79.7688173,9.332015],[-79.7680648,9.3318939],[-79.767565,9.3316388],[-79.7668801,9.331141],[-79.7660683,9.3308759],[-79.7652138,9.3308729],[-79.7646712,9.3310459],[-79.7637613,9.3311858],[-79.7636449,9.3311854],[-79.7625627,9.3310113],[-79.7623508,9.3309421],[-79.7615879,9.3309395],[-79.7614316,9.3309597],[-79.7606826,9.3311986],[-79.7604163,9.3313322],[-79.7596334,9.3315818],[-79.7596106,9.3315933],[-79.758843,9.3317113],[-79.7587267,9.3317109],[-79.75796,9.3315875],[-79.7574628,9.3313337],[-79.7570689,9.3309397],[-79.7568168,9.3304441],[-79.756698,9.3296817],[-79.7566984,9.3295661],[-79.7568226,9.3288046],[-79.7570782,9.3283108],[-79.7576265,9.32777],[-79.7581312,9.327085],[-79.7583981,9.3262787],[-79.7584719,9.3258262],[-79.7584836,9.3258036],[-79.7587505,9.3249973],[-79.7587719,9.3248666],[-79.7587749,9.3240178],[-79.7585137,9.3232097],[-79.7580138,9.3225212],[-79.7573243,9.3220199],[-79.757253,9.3219967],[-79.7564048,9.3215637],[-79.7560109,9.3211697],[-79.7557589,9.320674],[-79.7556523,9.3199896],[-79.7557638,9.3193059],[-79.7560193,9.318812],[-79.7565528,9.3182858],[-79.7569369,9.3180107],[-79.7570885,9.3178049],[-79.7574527,9.3172921],[-79.7577085,9.3165195],[-79.7577115,9.3156707],[-79.7575823,9.3148419],[-79.7576938,9.3141582],[-79.7579493,9.3136643],[-79.758346,9.3132731],[-79.758845,9.3130227],[-79.7596257,9.3129027],[-79.7604393,9.3126432],[-79.7611324,9.3121467],[-79.7616291,9.3116568],[-79.7621281,9.3114064],[-79.7628956,9.3112884],[-79.763103,9.3112891],[-79.7634038,9.3112429],[-79.7636241,9.3112428],[-79.7641623,9.31116],[-79.7645697,9.3109556],[-79.7647361,9.3108347],[-79.7649051,9.3107499],[-79.7655039,9.3101593],[-79.7658974,9.3093987],[-79.7659715,9.3090884],[-79.7659823,9.3090543],[-79.7660046,9.3089172],[-79.7660238,9.3089203],[-79.7661823,9.307948],[-79.7664378,9.3074542],[-79.7671085,9.3067926],[-79.7676075,9.3065422],[-79.768375,9.3064242],[-79.7684913,9.3064246],[-79.769258,9.3065479],[-79.7700066,9.3069301],[-79.7700613,9.3069528],[-79.7710124,9.3071831],[-79.7710074,9.3072137],[-79.7719862,9.3073712],[-79.7723999,9.3075823],[-79.7727977,9.3077122],[-79.7729051,9.3077412],[-79.7731468,9.3077788],[-79.773332,9.3078393],[-79.7740925,9.3078419],[-79.7748797,9.3075909],[-79.7755727,9.3070943],[-79.7760513,9.3066222],[-79.776556,9.3059373],[-79.7768228,9.305131],[-79.7768937,9.3046958],[-79.7769688,9.3044689],[-79.7769718,9.3036201],[-79.7767105,9.302812],[-79.7762107,9.3021236],[-79.7755211,9.3016224],[-79.7747094,9.3013573],[-79.7738549,9.3013543],[-79.7737765,9.3013664],[-79.7730882,9.3012557],[-79.772591,9.3010019],[-79.7722961,9.3007069],[-79.7716066,9.3002056],[-79.7707948,9.2999406],[-79.7699404,9.2999376],[-79.7691268,9.3001971],[-79.7690008,9.3002873],[-79.768186,9.3006962],[-79.7674185,9.3008143],[-79.7673603,9.3008141],[-79.7673603,9.300826],[-79.7670872,9.300825],[-79.7670872,9.3008131],[-79.7670291,9.3008129],[-79.7662624,9.3006896],[-79.7657653,9.3004358],[-79.7653714,9.3000418],[-79.7651193,9.2995462],[-79.7650126,9.2988617],[-79.7651241,9.298178],[-79.7654151,9.2976156],[-79.765682,9.2968093],[-79.765685,9.2959605],[-79.7654237,9.2951524],[-79.7649239,9.294464],[-79.7642344,9.2939627],[-79.7634227,9.2936976],[-79.7625682,9.2936946],[-79.7622543,9.2937429],[-79.7621379,9.2937425],[-79.7618042,9.2936888],[-79.7609498,9.2936858],[-79.7606941,9.2937252],[-79.7598668,9.293592],[-79.7593194,9.2934133],[-79.758465,9.2934103],[-79.7582371,9.2934453],[-79.7575489,9.2933346],[-79.7570517,9.2930808],[-79.7558493,9.291878],[-79.75149,9.2919272],[-79.7472609,9.2912358],[-79.7435214,9.2903804],[-79.7399621,9.2904646],[-79.7366378,9.2919132],[-79.7335392,9.2943505],[-79.7309056,9.2977975],[-79.7289451,9.3023364],[-79.7268222,9.3064945],[-79.7244085,9.3099063],[-79.7221258,9.3126343],[-79.7209716,9.3151457],[-79.7216651,9.317669],[-79.7233676,9.3201674],[-79.724589,9.3228771],[-79.7241823,9.3257108],[-79.7222088,9.328289],[-79.7194834,9.3309068],[-79.716678,9.33453],[-79.7133623,9.3389029],[-79.7096572,9.3428448],[-79.7060446,9.3466414],[-79.7038368,9.3505209],[-79.7024622,9.3544822],[-79.7010965,9.3583398],[-79.6995998,9.3619968],[-79.6972955,9.3650377],[-79.6939444,9.3670983],[-79.6898044,9.3682979],[-79.6853775,9.3691895],[-79.6818384,9.3709408],[-79.678414,9.372946],[-79.674825,9.3747944],[-79.6711186,9.3764425],[-79.6675951,9.3784623],[-79.6643893,9.3809884],[-79.6611689,9.38363],[-79.6577225,9.3861863],[-79.6541611,9.3892524],[-79.6501791,9.392344],[-79.6464199,9.3942589],[-79.642763,9.3942583],[-79.6392788,9.3927081],[-79.6356869,9.3916418],[-79.6319819,9.3912155],[-79.628234,9.3909288],[-79.6245178,9.3912176],[-79.6209925,9.3919138],[-79.6180218,9.3934591],[-79.6158225,9.3957109],[-79.6140354,9.3980911],[-79.6115512,9.3996809],[-79.6084046,9.3998703],[-79.605079,9.3990825],[-79.602176,9.3973733],[-79.6004671,9.3946989],[-79.6004367,9.3914052],[-79.6016425,9.3879997],[-79.6032602,9.384703],[-79.6042273,9.3814277],[-79.6039903,9.378367],[-79.6029281,9.3763249],[-79.6007483,9.3772719],[-79.5970767,9.3787631],[-79.5936115,9.3803691],[-79.5900782,9.3812916],[-79.5868124,9.3811093],[-79.5842837,9.3795604],[-79.5827158,9.3769188],[-79.5811386,9.3739591],[-79.5794683,9.3711233],[-79.5786352,9.3678624],[-79.5788346,9.3642888],[-79.5800042,9.3608217],[-79.5821513,9.3579311],[-79.5852381,9.3559807],[-79.5866528,9.355347],[-79.5861927,9.3545363],[-79.5860018,9.3541999],[-79.5860018,9.3541999],[-79.5859119,9.3540415],[-79.58596,9.3539091],[-79.5861853,9.3536871],[-79.5874527,9.3519691],[-79.5875979,9.3516631],[-79.5877383,9.3512398],[-79.588237,9.3494205],[-79.5882413,9.3493731],[-79.5882464,9.3493666],[-79.5882471,9.3491866],[-79.5894052,9.3476167],[-79.5894801,9.3476412],[-79.589541,9.3474966],[-79.5902818,9.3477389],[-79.5908441,9.3478297],[-79.592838,9.3478376],[-79.593401,9.3477513],[-79.5952998,9.3471468],[-79.5958084,9.346892],[-79.5971115,9.3459595],[-79.597289,9.3457188],[-79.5981173,9.3449027],[-79.5981938,9.3448479],[-79.5988036,9.3440212],[-79.5988138,9.3440246],[-79.5989676,9.3440494],[-79.5994563,9.3442092],[-79.601735,9.3442182],[-79.6018588,9.3441788],[-79.6029107,9.3448829],[-79.6034591,9.345111],[-79.6049832,9.3454184],[-79.6052463,9.3456098],[-79.6053551,9.3456392],[-79.6056388,9.3458456],[-79.6061454,9.3461045],[-79.6080392,9.3467239],[-79.6086016,9.3468146],[-79.6105954,9.3468224],[-79.6111585,9.3467361],[-79.6130572,9.3461315],[-79.6135658,9.3458767],[-79.6151835,9.3447189],[-79.6154015,9.3445355],[-79.6155878,9.3443519],[-79.6158082,9.3441347],[-79.6159659,9.3439574],[-79.6165594,9.3431954],[-79.6169033,9.34253],[-79.6173224,9.3419618],[-79.6177929,9.3405424],[-79.6181577,9.3404262],[-79.6200064,9.3391031],[-79.6202717,9.3387434],[-79.6206587,9.338362],[-79.6209223,9.3381023],[-79.6216518,9.3371131],[-79.6220299,9.3367405],[-79.6224571,9.3364347],[-79.6227683,9.3360128],[-79.6233803,9.3354096],[-79.6243977,9.3340301],[-79.62462,9.3339593],[-79.6262051,9.3328248],[-79.626427,9.3328974],[-79.6271078,9.3329592],[-79.6285513,9.3329648],[-79.6304784,9.3324598],[-79.6307136,9.3323849],[-79.6312202,9.3321527],[-79.6314798,9.3319736],[-79.6329073,9.3309518],[-79.6330255,9.3307916],[-79.6335494,9.3307936],[-79.6343012,9.3306982],[-79.6356818,9.3302585],[-79.6358418,9.330234],[-79.6362637,9.3302356],[-79.6371858,9.329994],[-79.6374707,9.3298693],[-79.6380456,9.329758],[-79.638703,9.3294905],[-79.6407758,9.3281263],[-79.6410525,9.3279025],[-79.6410873,9.3278682],[-79.6411159,9.3278721],[-79.6412007,9.3277571],[-79.6428233,9.3277632],[-79.6429685,9.3277448],[-79.643523,9.3275682],[-79.6436306,9.3276465],[-79.6436498,9.3276428],[-79.6439509,9.3275639],[-79.6446874,9.3277629],[-79.6449682,9.3278157],[-79.6469502,9.3280302],[-79.6475192,9.3280028],[-79.6494711,9.3275984],[-79.6500037,9.3273977],[-79.6517342,9.3264141],[-79.6521782,9.3260597],[-79.653518,9.324593],[-79.6536301,9.324423],[-79.6536987,9.324405],[-79.6544779,9.3242802],[-79.6550404,9.324093],[-79.6568751,9.3231278],[-79.6573471,9.3227709],[-79.65856,9.3214943],[-79.6586165,9.3214713],[-79.6587571,9.3212806],[-79.6597321,9.32097],[-79.6615806,9.3196466],[-79.6616174,9.3196104],[-79.6618257,9.3195059],[-79.6619616,9.3194623],[-79.6636221,9.3182548],[-79.6639605,9.3179213],[-79.6646446,9.3169688],[-79.6648594,9.3168989],[-79.6648857,9.3168619],[-79.6650942,9.3168072],[-79.6653791,9.3166825],[-79.6657379,9.316613],[-79.666303,9.3164291],[-79.6666113,9.3163036],[-79.6675699,9.3156726],[-79.6685815,9.3149322],[-79.6687785,9.3147331],[-79.6689515,9.3146464],[-79.669008,9.3146284],[-79.669568,9.3143476],[-79.6706317,9.3140087],[-79.6716069,9.3133104],[-79.6723372,9.3133131],[-79.6738892,9.3129063],[-79.6746555,9.3126621],[-79.6748458,9.3125748],[-79.6753919,9.3121838],[-79.6754916,9.3121685],[-79.6758104,9.3121697],[-79.6759889,9.3121228],[-79.6762278,9.3120925],[-79.6773956,9.3117204],[-79.6774947,9.3117052],[-79.6777139,9.311706],[-79.6778937,9.311735],[-79.677941,9.3117226],[-79.6781717,9.3117475],[-79.6797754,9.3117535],[-79.6814784,9.3114005],[-79.682011,9.3111997],[-79.6837413,9.3102159],[-79.6841854,9.3098614],[-79.6854117,9.3085187],[-79.685767,9.3087002],[-79.6876609,9.3093191],[-79.6882232,9.3094097],[-79.6902169,9.309417],[-79.6907798,9.3093306],[-79.6926783,9.3087256],[-79.6930881,9.30852],[-79.6946884,9.3073741],[-79.6949535,9.3070144],[-79.6949843,9.306984],[-79.6950704,9.3069409],[-79.6956412,9.3065321],[-79.6958513,9.3064267],[-79.6962136,9.3063113],[-79.6971687,9.3058877],[-79.6976587,9.3055677],[-79.6991697,9.3041879],[-79.6995319,9.3037298],[-79.7005229,9.3019445],[-79.7007197,9.3013957],[-79.701088,9.2993901],[-79.701099,9.2988077],[-79.7008063,9.2967897],[-79.7006303,9.2962341],[-79.6997071,9.2944132],[-79.6993624,9.2939419],[-79.6979044,9.2925071],[-79.6974268,9.2921691],[-79.696511,9.2917214],[-79.6960197,9.2915659],[-79.6955495,9.2912549],[-79.6955495,9.2912549],[-79.6955168,9.2912334],[-79.6955168,9.2912334],[-79.6954355,9.2911796],[-79.695396,9.2912385],[-79.695216,9.291117],[-79.6952544,9.2910598],[-79.6951766,9.2910084],[-79.6951868,9.2910011],[-79.6950981,9.2909456],[-79.6954723,9.2906468],[-79.6968118,9.28918],[-79.6971237,9.2887066],[-79.6972363,9.2884578],[-79.6973337,9.2881638],[-79.6974458,9.2879472],[-79.6976221,9.2878209],[-79.6980363,9.2876132],[-79.6997584,9.2870643],[-79.7001835,9.2868692],[-79.7015111,9.2859184],[-79.7021519,9.2852865],[-79.7032278,9.2838267],[-79.7033308,9.2836278],[-79.7036857,9.2828788],[-79.7042395,9.2812063],[-79.7043412,9.2804603],[-79.7043456,9.27925],[-79.704352,9.27925],[-79.7043523,9.2791451],[-79.7043462,9.2790973],[-79.7043475,9.2787276],[-79.7042814,9.278214],[-79.7042665,9.278118],[-79.704221,9.278125],[-79.7041111,9.2772719],[-79.70339,9.2755245],[-79.7033353,9.2754531],[-79.7033397,9.2742456],[-79.703446,9.2741015],[-79.7035391,9.2740718],[-79.703685,9.2737253],[-79.7049514,9.2726506],[-79.7053069,9.2722433],[-79.7063232,9.2706493],[-79.706542,9.270156],[-79.7070403,9.2683352],[-79.707103,9.2677997],[-79.7070389,9.265914],[-79.7069399,9.2653839],[-79.7063192,9.2636007],[-79.7060673,9.2631232],[-79.7053787,9.2621891],[-79.7053768,9.2621877],[-79.7045786,9.2613889],[-79.7043997,9.2608703],[-79.7040759,9.260174],[-79.7037152,9.2596582],[-79.7021562,9.258098],[-79.7016396,9.2577359],[-79.6996375,9.2567996],[-79.6994701,9.2567383],[-79.6984702,9.2565572],[-79.6984746,9.25653],[-79.6983141,9.2565042],[-79.698079,9.2563236],[-79.6976944,9.2561637],[-79.6977068,9.2561468],[-79.6971355,9.2559092],[-79.6971557,9.2558688],[-79.6977656,9.2538976],[-79.6978451,9.2533137],[-79.6977848,9.2512523],[-79.6976712,9.250674],[-79.6969471,9.2487414],[-79.6966525,9.24823],[-79.6953415,9.2466311],[-79.6948971,9.246241],[-79.6931384,9.2451456],[-79.6925913,9.2449182],[-79.6905716,9.2444425],[-79.6899799,9.2444018],[-79.6884736,9.2445437],[-79.6884053,9.2444754],[-79.688189,9.2441932],[-79.6881019,9.2442556],[-79.6881014,9.2442549],[-79.6880481,9.24415],[-79.6872411,9.2430379],[-79.6867085,9.2425049],[-79.6866014,9.2424269],[-79.6865237,9.2423199],[-79.6859911,9.2417868],[-79.6848777,9.2409769],[-79.6847726,9.2409232],[-79.6844078,9.2406579],[-79.6840424,9.2402922],[-79.6830466,9.2395678],[-79.6818651,9.2383852],[-79.6808693,9.2376608],[-79.6796584,9.2364489],[-79.6789366,9.2354542],[-79.6786821,9.2351994],[-79.6785295,9.2348992],[-79.6784859,9.2346189],[-79.6783942,9.234633],[-79.6782924,9.2344326],[-79.6781531,9.2338465],[-79.6781654,9.2338446],[-79.6780977,9.2334091],[-79.6781913,9.2332267],[-79.6782187,9.2331896],[-79.6782186,9.2331894],[-79.6783873,9.2329519],[-79.6786566,9.2323836],[-79.6792371,9.2302623],[-79.6792946,9.2296368],[-79.6791099,9.2274462],[-79.6790559,9.2271355],[-79.6788922,9.2265194],[-79.6787173,9.2259778],[-79.6785639,9.2256758],[-79.6785203,9.2253955],[-79.6784418,9.2254075],[-79.6780845,9.2239044],[-79.6786727,9.2231062],[-79.6787213,9.2230124],[-79.6793425,9.2221695],[-79.6808174,9.2211131],[-79.6809688,9.2209821],[-79.6810278,9.2209239],[-79.6811364,9.2208018],[-79.682353,9.2191509],[-79.6826605,9.2182223],[-79.6829359,9.2176901],[-79.6834065,9.2162689],[-79.6836055,9.2141007],[-79.6835527,9.2134748],[-79.683085,9.2117146],[-79.6831386,9.211674],[-79.6830938,9.2115355],[-79.6837092,9.21109],[-79.6839048,9.2108931],[-79.6839574,9.2108667],[-79.6858052,9.2095431],[-79.6862981,9.2090569],[-79.6863746,9.2090022],[-79.6877202,9.207176],[-79.687935,9.2067609],[-79.6879457,9.2067401],[-79.6880697,9.2064987],[-79.6883176,9.2062542],[-79.6896632,9.204428],[-79.690161,9.203466],[-79.6903488,9.2032112],[-79.6908126,9.2018103],[-79.6910612,9.2009018],[-79.6910679,9.1990761],[-79.6911658,9.1987803],[-79.6915943,9.1979521],[-79.6916589,9.1978645],[-79.6919507,9.196983],[-79.6923717,9.1954445],[-79.6923769,9.1940239],[-79.6923774,9.1940239],[-79.692378,9.1938786],[-79.6923547,9.1935839],[-79.6923235,9.1933913],[-79.6922556,9.1925869],[-79.6922016,9.1922762],[-79.6921061,9.1919166],[-79.6920712,9.191838],[-79.6920241,9.191548],[-79.6918356,9.1909894],[-79.6908639,9.1891671],[-79.6905047,9.1886984],[-79.6889951,9.1872832],[-79.6885033,9.186954],[-79.6875199,9.186507],[-79.68641,9.1861442],[-79.6862996,9.1859855],[-79.6862721,9.1859781],[-79.686099,9.1858048],[-79.685824,9.1855789],[-79.6837624,9.1841993],[-79.6831073,9.1839268],[-79.6825335,9.1838112],[-79.6822497,9.1836844],[-79.6821133,9.1836476],[-79.68188,9.1836006],[-79.6806994,9.1834418],[-79.6806713,9.1834361],[-79.6805093,9.1834196],[-79.6805097,9.1834162],[-79.6803915,9.1834003],[-79.6801309,9.1833994],[-79.6801306,9.183467],[-79.6798576,9.183466],[-79.6798579,9.1833984],[-79.6795973,9.1833974],[-79.6790643,9.1833955],[-79.6789056,9.1833949],[-79.6777386,9.1835278],[-79.6773563,9.1832341],[-79.6771827,9.1831107],[-79.6766587,9.1828531],[-79.674675,9.1822472],[-79.6740874,9.1821681],[-79.6720129,9.182228],[-79.671431,9.1823408],[-79.6694859,9.1830601],[-79.6689713,9.1833528],[-79.6673622,9.1846551],[-79.6669696,9.1850966],[-79.6658671,9.1868438],[-79.6657154,9.1872039],[-79.6655955,9.1875659],[-79.6653401,9.1886362],[-79.6639805,9.1885129],[-79.6633506,9.1885654],[-79.6614493,9.189064],[-79.661355,9.1886551],[-79.6611301,9.18811],[-79.6600408,9.1863547],[-79.6596515,9.1859103],[-79.6580521,9.1845961],[-79.6575397,9.1842996],[-79.6556002,9.1835659],[-79.655019,9.1834488],[-79.6529451,9.1833736],[-79.6523569,9.1834483],[-79.6503687,9.1840395],[-79.6498359,9.1842981],[-79.6498313,9.1843014],[-79.6498093,9.1843072],[-79.6496721,9.1843246],[-79.6495049,9.1844444],[-79.6491285,9.184443],[-79.6489313,9.1845058],[-79.6482895,9.1840388],[-79.646126,9.1833313],[-79.6460869,9.183325],[-79.6455664,9.1829462],[-79.6454807,9.1829024],[-79.6450699,9.1824911],[-79.6432323,9.1811539],[-79.6427878,9.1810086],[-79.6425912,9.1809081],[-79.6418105,9.1806528],[-79.6416503,9.1805709],[-79.6416294,9.1805603],[-79.6414982,9.1804937],[-79.6411584,9.1800254],[-79.6410427,9.1799095],[-79.6408643,9.1797528],[-79.6395489,9.1787419],[-79.6391383,9.1785043],[-79.6376044,9.1778662],[-79.6373793,9.1777893],[-79.6367386,9.1776161],[-79.6364274,9.177615],[-79.6356317,9.1774866],[-79.635575,9.1774656],[-79.6352766,9.1774294],[-79.6351133,9.1774031],[-79.6351123,9.1774094],[-79.6338763,9.1772593],[-79.6337176,9.1772587],[-79.6335322,9.177258],[-79.6332664,9.177257],[-79.6326019,9.1767734],[-79.6321575,9.1766281],[-79.6318137,9.1764524],[-79.6318081,9.1764349],[-79.6315462,9.1759193],[-79.6315372,9.1758913],[-79.6315233,9.1758639],[-79.6311823,9.1748073],[-79.6298505,9.1729712],[-79.6291517,9.1722715],[-79.6291301,9.1722405],[-79.6290777,9.1721974],[-79.6289507,9.1720702],[-79.6289381,9.1720827],[-79.6275929,9.1709771],[-79.6263614,9.1704362],[-79.6265064,9.1695484],[-79.6266185,9.1692099],[-79.6267229,9.1685709],[-79.6269967,9.167744],[-79.6270742,9.1671763],[-79.6270785,9.1660586],[-79.6269093,9.1647425],[-79.6268965,9.1646773],[-79.6265999,9.1637584],[-79.6268913,9.1628788],[-79.6270031,9.1620585],[-79.6270078,9.1608526],[-79.6271478,9.1605726],[-79.6276198,9.1591136],[-79.6277145,9.1589306],[-79.6281181,9.158383],[-79.6282198,9.1581416],[-79.6283046,9.1580222],[-79.6284217,9.1577752],[-79.6287923,9.1566562],[-79.6290993,9.1555346],[-79.6291072,9.1534682],[-79.6290357,9.1532465],[-79.6288522,9.1520661],[-79.628854,9.1515928],[-79.628767,9.1513234],[-79.6291181,9.1502634],[-79.6291375,9.1500872],[-79.6293346,9.1493669],[-79.6293423,9.1473493],[-79.6293256,9.1472414],[-79.6293411,9.1472203],[-79.6293398,9.147205],[-79.6295719,9.1463572],[-79.6299251,9.1452908],[-79.6300163,9.1447323],[-79.6300238,9.1427519],[-79.6299369,9.1421928],[-79.6295773,9.1410786],[-79.6295765,9.1410789],[-79.6295536,9.1410111],[-79.6295554,9.1410106],[-79.6293283,9.140307],[-79.6290718,9.1398019],[-79.6290516,9.1397741],[-79.6290087,9.13967],[-79.6286093,9.1391194],[-79.6284951,9.1388944],[-79.6280665,9.1383035],[-79.6276708,9.1375244],[-79.6272596,9.1369573],[-79.6269661,9.1363795],[-79.6268581,9.136045],[-79.6267485,9.1353395],[-79.626639,9.1350002],[-79.6265804,9.1346234],[-79.6258849,9.1324682],[-79.6253013,9.1316636],[-79.6252631,9.1315882],[-79.6251845,9.1310827],[-79.6251854,9.1308382],[-79.625139,9.1308381],[-79.6251411,9.1302955],[-79.6251875,9.1302957],[-79.625188,9.1301633],[-79.6251431,9.1297736],[-79.6251444,9.1294351],[-79.6251022,9.1291637],[-79.6250734,9.1291681],[-79.6250464,9.128934],[-79.6250528,9.128933],[-79.6250275,9.1287705],[-79.6249934,9.1284738],[-79.6249726,9.1284173],[-79.6249665,9.1283779],[-79.624271,9.1262227],[-79.6229395,9.1243866],[-79.6224797,9.1239262],[-79.6217583,9.1229315],[-79.6204162,9.1215874],[-79.6203728,9.121502],[-79.6199443,9.1209111],[-79.6196576,9.1203465],[-79.6194067,9.1195688],[-79.6192071,9.1191759],[-79.6191981,9.1191479],[-79.6189362,9.1186323],[-79.6189272,9.1186043],[-79.6188461,9.1184445],[-79.6185951,9.1176668],[-79.6185762,9.1176297],[-79.6183253,9.116852],[-79.6181974,9.1166002],[-79.6177862,9.1160332],[-79.6176652,9.1157949],[-79.6163337,9.1139588],[-79.6143665,9.1119886],[-79.6133712,9.1112641],[-79.6122648,9.110156],[-79.6122614,9.1101593],[-79.6121679,9.1100322],[-79.611967,9.1098362],[-79.6119458,9.1097945],[-79.6110888,9.1086127],[-79.6110327,9.1085022],[-79.6110049,9.1083229],[-79.6110067,9.1078497],[-79.610967,9.1077267],[-79.6109675,9.1077261],[-79.6116795,9.1055763],[-79.6117413,9.1051982],[-79.61175,9.1029349],[-79.6115909,9.1019113],[-79.6108955,9.0997561],[-79.6095641,9.09792],[-79.609424,9.0977796],[-79.6085278,9.0965933],[-79.6084272,9.0965002],[-79.6083566,9.0960458],[-79.6076822,9.0939554],[-79.6076478,9.093872],[-79.6063454,9.0920758],[-79.606321,9.092048],[-79.6057615,9.0916407],[-79.6056668,9.0914542],[-79.6056578,9.0914262],[-79.6054331,9.0909837],[-79.6053622,9.0908606],[-79.605336,9.0908263],[-79.6051619,9.0904515],[-79.6047479,9.0898806],[-79.6032401,9.0881989],[-79.6020426,9.0873271],[-79.6018003,9.0872137],[-79.6017358,9.0871641],[-79.6010806,9.0868291],[-79.6010392,9.0868081],[-79.6001028,9.0863369],[-79.5995241,9.0859156],[-79.5993534,9.0858283],[-79.5986641,9.0853265],[-79.5969649,9.0847705],[-79.596863,9.0847202],[-79.5957627,9.0843685],[-79.5948104,9.0834147],[-79.5945119,9.0830029],[-79.5931047,9.0819784],[-79.5929119,9.0817853],[-79.5926042,9.0813609],[-79.5921797,9.0810519],[-79.5918048,9.0806763],[-79.5910836,9.0796815],[-79.5903373,9.0789339],[-79.5898515,9.0782639],[-79.5897189,9.0781311],[-79.5897168,9.0781292],[-79.5879584,9.076849],[-79.5878695,9.0768035],[-79.5870609,9.0765389],[-79.587037,9.0765267],[-79.5863146,9.0762903],[-79.5845665,9.0750175],[-79.5835722,9.0745091],[-79.5835435,9.0744972],[-79.5802528,9.0736984],[-79.5801261,9.0736979],[-79.5795745,9.0736088],[-79.5790276,9.0734298],[-79.5767838,9.0734211],[-79.5765875,9.073446],[-79.5764352,9.0734694],[-79.5763987,9.073481],[-79.5755484,9.0723081],[-79.5746901,9.0714482],[-79.5736601,9.0706982],[-79.5735001,9.0706233],[-79.5733673,9.0705211],[-79.5729569,9.0702835],[-79.5724201,9.07006],[-79.571438,9.0698216],[-79.5719569,9.0685901],[-79.5720732,9.0677379],[-79.5721186,9.0677452],[-79.5723467,9.066349],[-79.5723344,9.066347],[-79.5725292,9.065554],[-79.572673,9.0655772],[-79.572817,9.0646961],[-79.5728381,9.0646397],[-79.5728746,9.0643433],[-79.5729011,9.064181],[-79.5728947,9.06418],[-79.5729235,9.0639461],[-79.5729523,9.0639507],[-79.5729966,9.0636796],[-79.5729979,9.0633411],[-79.5730458,9.0629518],[-79.5730464,9.0628194],[-79.573,9.0628193],[-79.573002,9.0623233],[-79.5730096,9.0622768],[-79.5730485,9.0622769],[-79.5730495,9.0620324],[-79.5731791,9.0612389],[-79.5731881,9.0589756],[-79.572993,9.0577195],[-79.5729945,9.0573498],[-79.5729721,9.0571757],[-79.5729067,9.0569729],[-79.5728021,9.0562993],[-79.5723196,9.0548033],[-79.572689,9.0536293],[-79.5727809,9.052956],[-79.5727808,9.0528337],[-79.5701777,9.0497427],[-79.5673491,9.0464602],[-79.5642811,9.0435258],[-79.5622766,9.0421984],[-79.5616663,9.042196],[-79.5616664,9.0421583],[-79.5607044,9.0421546],[-79.558932,9.0425702],[-79.5589301,9.0425579],[-79.5588526,9.0425698],[-79.5588282,9.0425362],[-79.5569916,9.0411986],[-79.5564957,9.040945],[-79.5562414,9.0406901],[-79.5552464,9.0399655],[-79.5550977,9.0398166],[-79.5537471,9.0397459],[-79.5505822,9.0403551],[-79.5475086,9.0402762],[-79.5446859,9.0387227],[-79.5445026,9.0384737],[-79.5444797,9.0384699]],[[-79.6339256,9.0122791],[-79.6336382,9.0120265],[-79.6336408,9.0113281],[-79.63338,9.0105199],[-79.6328991,9.0098566],[-79.6328102,9.00978],[-79.6326847,9.0096886],[-79.6326726,9.0096765],[-79.6321091,9.0092433],[-79.6314558,9.0089714],[-79.6314479,9.0089693],[-79.6313508,9.0089562],[-79.6308778,9.0086119],[-79.6306034,9.0085221],[-79.6304749,9.0084234],[-79.6298216,9.0081515],[-79.6298138,9.0081494],[-79.6295836,9.0081184],[-79.629004,9.0078772],[-79.6289962,9.007875],[-79.6282944,9.0077805],[-79.6281976,9.0077802],[-79.6274951,9.0078694],[-79.6274872,9.0078715],[-79.6268319,9.0081385],[-79.626659,9.0082694],[-79.6266295,9.0082842],[-79.6264183,9.0084355],[-79.6257373,9.0084398],[-79.6249178,9.008714],[-79.6248335,9.008758],[-79.6245154,9.0088594],[-79.6244998,9.0088706],[-79.6239437,9.0089413],[-79.6239358,9.0089434],[-79.6232805,9.0092103],[-79.6231612,9.0093007],[-79.6229825,9.0093576],[-79.6227779,9.0094515],[-79.622251,9.0098291],[-79.6220893,9.0099887],[-79.6217056,9.0105096],[-79.6216196,9.0106912],[-79.6216151,9.0106956],[-79.6216015,9.0107368],[-79.6215564,9.0107812],[-79.6214711,9.0108424],[-79.6214089,9.0109268],[-79.6212765,9.0110575],[-79.6212682,9.0110514],[-79.6211904,9.0109735],[-79.6205076,9.0104764],[-79.6202774,9.0099179],[-79.6200889,9.0096718],[-79.6197961,9.0092508],[-79.6196402,9.0090847],[-79.6192084,9.0087297],[-79.619001,9.0086195],[-79.6185184,9.0084074],[-79.618465,9.0083895],[-79.6184473,9.0083866],[-79.6184447,9.008384],[-79.6183995,9.0083776],[-79.6181442,9.0081917],[-79.61809,9.008117],[-79.6180051,9.0080551],[-79.617974,9.008024],[-79.6179617,9.0079837],[-79.6179426,9.0079646],[-79.6178968,9.007863],[-79.6175801,9.0073797],[-79.6174218,9.0072104],[-79.6169892,9.0068403],[-79.616783,9.0067297],[-79.6163059,9.0065134],[-79.6162287,9.006487],[-79.6160987,9.0064652],[-79.6159895,9.0064493],[-79.6158126,9.0058166],[-79.6153973,9.0051566],[-79.6148105,9.0046411],[-79.6141306,9.0043263],[-79.6140749,9.0043086],[-79.613326,9.0041978],[-79.6131557,9.0041972],[-79.6131335,9.0041971],[-79.6130337,9.0041645],[-79.6129826,9.0041132],[-79.612921,9.0040284],[-79.6128361,9.0039666],[-79.6127107,9.0038409],[-79.6126492,9.0037561],[-79.6125643,9.0036943],[-79.6125031,9.0036329],[-79.6119396,9.0031997],[-79.6112863,9.0029278],[-79.6112785,9.0029256],[-79.6111455,9.0029077],[-79.6108711,9.0027079],[-79.6108696,9.0027072],[-79.6100587,9.0024419],[-79.609205,9.0024386],[-79.6083921,9.0026978],[-79.6076995,9.0031941],[-79.607304,9.003731],[-79.606761,9.0041201],[-79.606361,9.0046631],[-79.6060442,9.0046624],[-79.6052294,9.0049245],[-79.6045363,9.0054247],[-79.6040335,9.006114],[-79.6037702,9.0069242],[-79.6037725,9.007726],[-79.6034913,9.0078536],[-79.6029005,9.0083647],[-79.6024801,9.0090215],[-79.6022647,9.00977],[-79.602272,9.0105484],[-79.6022839,9.0106253],[-79.6025446,9.0114335],[-79.6027166,9.0116707],[-79.6028154,9.0119771],[-79.6029873,9.0122143],[-79.6030862,9.0125207],[-79.6032581,9.0127578],[-79.603357,9.0130643],[-79.6038561,9.0137528],[-79.603918,9.0138147],[-79.6046067,9.0143162],[-79.6054176,9.0145816],[-79.6062281,9.0145846],[-79.6062249,9.0154128],[-79.6064857,9.016221],[-79.6064864,9.0162224],[-79.6066011,9.0163807],[-79.6065992,9.0168819],[-79.6065572,9.0170088],[-79.6065314,9.0171983],[-79.606529,9.0178215],[-79.6065534,9.0180112],[-79.6066154,9.0182034],[-79.6066207,9.0182375],[-79.6068814,9.0190457],[-79.6073806,9.0197342],[-79.6074583,9.0198121],[-79.6075199,9.019897],[-79.6076048,9.0199588],[-79.6076559,9.02001],[-79.6076959,9.0201339],[-79.6080293,9.0205938],[-79.6080383,9.0206601],[-79.6080394,9.0206615],[-79.6080858,9.0208829],[-79.6083044,9.021385],[-79.6084152,9.0215774],[-79.6087735,9.0220148],[-79.608918,9.0221451],[-79.6090105,9.0222098],[-79.6090714,9.0222972],[-79.6092327,9.0224698],[-79.6096552,9.0228172],[-79.6098811,9.0229383],[-79.6103432,9.0231413],[-79.6103933,9.0231585],[-79.6106106,9.023195],[-79.6111366,9.0232693],[-79.6113172,9.02327],[-79.6120197,9.0231808],[-79.6120276,9.0231787],[-79.6124817,9.0229937],[-79.6131123,9.0229136],[-79.6131201,9.0229115],[-79.6137016,9.0226747],[-79.6139319,9.0226454],[-79.6139398,9.0226434],[-79.614136,9.0225634],[-79.6143663,9.022731],[-79.6151772,9.0229964],[-79.6152756,9.0230122],[-79.6154466,9.0230677],[-79.6163135,9.0230647],[-79.6171357,9.0227915],[-79.6178302,9.0222757],[-79.6183269,9.0215693],[-79.6185757,9.0207438],[-79.6185525,9.0199175],[-79.6187804,9.0196541],[-79.6188917,9.0194491],[-79.6191093,9.0189748],[-79.6191345,9.0189017],[-79.6191383,9.0189011],[-79.61914,9.0188896],[-79.6194715,9.0188387],[-79.6196061,9.0187957],[-79.6202405,9.0184774],[-79.6203552,9.0183952],[-79.6208022,9.0179542],[-79.6208215,9.0179492],[-79.6208313,9.0179359],[-79.6209976,9.0179037],[-79.6212318,9.0178432],[-79.6213999,9.017783],[-79.6217316,9.0176037],[-79.6219504,9.0174716],[-79.6221064,9.0173536],[-79.62229,9.0171643],[-79.6222908,9.0171658],[-79.6223178,9.0171361],[-79.6226698,9.0176216],[-79.6226999,9.0176518],[-79.6233887,9.0181532],[-79.623513,9.0181939],[-79.6235642,9.0182451],[-79.6236257,9.01833],[-79.6237106,9.0183918],[-79.6238606,9.0185421],[-79.6245494,9.0190435],[-79.6250129,9.0191952],[-79.6251381,9.019583],[-79.6251872,9.0196919],[-79.6256244,9.0202949],[-79.6257096,9.020386],[-79.6261765,9.020745],[-79.626358,9.0208423],[-79.6268643,9.021053],[-79.6271275,9.0210972],[-79.6272998,9.0211204],[-79.6276112,9.0213471],[-79.6284222,9.0216124],[-79.6292759,9.0216156],[-79.6300889,9.0213563],[-79.6307815,9.02086],[-79.6307818,9.0208597],[-79.6308672,9.0207985],[-79.6309294,9.0207141],[-79.6310557,9.0205894],[-79.6311411,9.0205283],[-79.6312033,9.0204439],[-79.6313296,9.0203192],[-79.631415,9.020258],[-79.6314697,9.0201837],[-79.6318694,9.0198973],[-79.6318704,9.0198963],[-79.6323741,9.0192126],[-79.6323825,9.0191948],[-79.6323854,9.0191908],[-79.6324915,9.0189856],[-79.6324871,9.0189833],[-79.6325245,9.0189316],[-79.6327834,9.018073],[-79.6327512,9.0172861],[-79.6330298,9.0171778],[-79.6330886,9.017143],[-79.6336789,9.0166705],[-79.6337277,9.0166016],[-79.6337352,9.0165943],[-79.6341709,9.016034],[-79.6344444,9.0153846],[-79.6344465,9.0153768],[-79.6345416,9.014679],[-79.6345425,9.0144404],[-79.6345433,9.014224],[-79.6345417,9.014224],[-79.6345508,9.0136891],[-79.634341,9.012939],[-79.6339256,9.0122791]],[[-79.6178046,8.9997599],[-79.6174764,8.998925],[-79.6174414,8.9988667],[-79.6169661,8.9982798],[-79.6168969,8.9982313],[-79.6168253,8.9981596],[-79.6167638,8.9980747],[-79.6160751,8.9975733],[-79.6160321,8.9975513],[-79.6160068,8.9975329],[-79.6151839,8.9972692],[-79.6143193,8.9972747],[-79.6134998,8.9975488],[-79.6134154,8.9975928],[-79.6130974,8.9976942],[-79.6124048,8.9981905],[-79.6122969,8.998297],[-79.6117922,8.9989823],[-79.6115254,8.9997892],[-79.6115226,9.0006385],[-79.6117842,9.001447],[-79.6122844,9.0021356],[-79.6129452,9.0026154],[-79.6130234,9.0026525],[-79.6133942,9.0027732],[-79.6134814,9.0028403],[-79.6141347,9.0031122],[-79.6141425,9.0031143],[-79.6148443,9.0032089],[-79.6150249,9.0032095],[-79.6155514,9.0031391],[-79.615769,9.0031043],[-79.6158192,9.0030875],[-79.6162828,9.002888],[-79.6165096,9.0027686],[-79.6169347,9.0024244],[-79.6170974,9.002253],[-79.6174617,9.0017375],[-79.6175494,9.001568],[-79.6175449,9.0015657],[-79.6175823,9.001514],[-79.6178412,9.0006554],[-79.6178046,8.9997599]],[[-79.8382365,9.0503662],[-79.8381334,9.0504007],[-79.8380541,9.050433],[-79.8374382,9.0507425],[-79.83741,9.0507515],[-79.8369869,9.0509641],[-79.8367576,9.0510374],[-79.835142,9.0521964],[-79.8339657,9.0537949],[-79.8333439,9.0556766],[-79.8333376,9.0576571],[-79.8339472,9.0595427],[-79.8351132,9.0611487],[-79.8367213,9.0623179],[-79.8386143,9.062936],[-79.8387446,9.0629569],[-79.8407371,9.0629632],[-79.8409762,9.0628868],[-79.8410372,9.0630069],[-79.8422032,9.0646129],[-79.8437768,9.0657569],[-79.8438753,9.065803],[-79.8452431,9.0662495],[-79.8454062,9.0664127],[-79.845414,9.066405],[-79.8455326,9.0665646],[-79.8461886,9.0671932],[-79.8477971,9.0683157],[-79.8496735,9.0688973],[-79.8516388,9.0688824],[-79.8535061,9.0682726],[-79.8536298,9.0681835],[-79.8545501,9.067721],[-79.8561657,9.0665619],[-79.857342,9.0649632],[-79.8579636,9.0630816],[-79.8579699,9.061101],[-79.8579496,9.0609711],[-79.8580189,9.0605451],[-79.858092,9.0603239],[-79.8580982,9.0583433],[-79.8574885,9.0564578],[-79.8574144,9.0563122],[-79.8562483,9.0547062],[-79.8559337,9.0544775],[-79.8559236,9.0544128],[-79.8558783,9.0544198],[-79.8557863,9.0537625],[-79.8557559,9.0536941],[-79.8557131,9.053431],[-79.8552992,9.052512],[-79.8548804,9.0517273],[-79.8541807,9.0509077],[-79.8535863,9.0503508],[-79.8526514,9.0497362],[-79.8519528,9.0494189],[-79.8506471,9.0490151],[-79.8506327,9.0490128],[-79.8493174,9.0480565],[-79.8474245,9.0474386],[-79.8454321,9.0474323],[-79.8435352,9.0480383],[-79.8419749,9.0491578],[-79.8418072,9.0493502],[-79.841564,9.0496807],[-79.8402564,9.0496766],[-79.840222,9.0496856],[-79.838412,9.0502639],[-79.8383034,9.050339],[-79.8382365,9.0503662]],[[-79.8227627,9.1631637],[-79.8226629,9.1631634],[-79.8223637,9.1632016],[-79.8220513,9.1633013],[-79.8220001,9.163327],[-79.8217785,9.1633612],[-79.8217347,9.163361],[-79.8215134,9.1633254],[-79.8214171,9.1632763],[-79.8213408,9.1632],[-79.8213052,9.16313],[-79.8211203,9.1628754],[-79.8211033,9.1628629],[-79.8210833,9.1628428],[-79.8205298,9.162841],[-79.8205299,9.1628145],[-79.8204852,9.1628144],[-79.8200366,9.1627423],[-79.8199665,9.1627163],[-79.8195972,9.1626716],[-79.8195748,9.162668],[-79.8195747,9.1626689],[-79.8193392,9.1626404],[-79.819343,9.1626173],[-79.8185229,9.1624855],[-79.8184827,9.1624649],[-79.8184396,9.1624431],[-79.8179069,9.1621763],[-79.8178366,9.1621407],[-79.8178347,9.1621399],[-79.8178341,9.1621394],[-79.8175465,9.1619938],[-79.8169087,9.1613558],[-79.8177905,9.1604852],[-79.8189673,9.1588868],[-79.8191601,9.1585137],[-79.819182,9.1584709],[-79.8194506,9.1579416],[-79.8194864,9.1578717],[-79.8194871,9.1578701],[-79.8194873,9.15787],[-79.8195705,9.1577076],[-79.8201834,9.157512],[-79.8201846,9.1571396],[-79.8202204,9.1569196],[-79.8202698,9.156824],[-79.820664,9.1564349],[-79.820933,9.1560695],[-79.8209509,9.1560153],[-79.8211914,9.1555501],[-79.8212078,9.1555278],[-79.8212257,9.1554736],[-79.8213672,9.1551998],[-79.8217614,9.1548107],[-79.8220303,9.1544453],[-79.8220483,9.1543911],[-79.8222887,9.1539259],[-79.8223051,9.1539036],[-79.822323,9.1538494],[-79.8224646,9.1535756],[-79.8225413,9.1534998],[-79.8228178,9.153361],[-79.8228724,9.1533435],[-79.8232418,9.1530786],[-79.8239534,9.1523761],[-79.8242224,9.1520108],[-79.8242403,9.1519566],[-79.8243818,9.1516827],[-79.8244981,9.1515679],[-79.8247985,9.1511445],[-79.825012,9.150363],[-79.8249547,9.1496867],[-79.8248857,9.1495509],[-79.8248513,9.1493307],[-79.8248532,9.1487446],[-79.824889,9.1485247],[-79.8250352,9.1482418],[-79.8250482,9.1482242],[-79.8250823,9.1480993],[-79.8251758,9.147411],[-79.8250969,9.1468002],[-79.8249989,9.1464971],[-79.8248964,9.1462954],[-79.824862,9.1460752],[-79.8248632,9.1457129],[-79.8248645,9.1453089],[-79.8248657,9.1449465],[-79.8249015,9.1447265],[-79.8249812,9.1445723],[-79.8251421,9.1439159],[-79.8251423,9.1438622],[-79.8251781,9.1436423],[-79.8252275,9.1435466],[-79.8256216,9.1431575],[-79.8258906,9.1427921],[-79.8259085,9.1427379],[-79.8260803,9.1424055],[-79.8262412,9.1417491],[-79.8262413,9.1416954],[-79.8262771,9.1414754],[-79.8263266,9.1413798],[-79.827225,9.1404928],[-79.8272954,9.1404574],[-79.8276367,9.1402126],[-79.8276655,9.1401916],[-79.8279338,9.1398271],[-79.8280243,9.139652],[-79.8281664,9.1392219],[-79.828196,9.13904],[-79.8282455,9.1389443],[-79.8283222,9.1388685],[-79.8284188,9.13882],[-79.8284321,9.138818],[-79.8285922,9.1368998],[-79.8282351,9.1329017],[-79.8268481,9.1290611],[-79.8245784,9.1254802],[-79.821751,9.12208],[-79.8181603,9.1190307],[-79.8167628,9.1181527],[-79.8157004,9.1184987],[-79.8140862,9.1196736],[-79.8139392,9.119821],[-79.8139267,9.119819],[-79.8135159,9.1196848],[-79.8122096,9.1196806],[-79.8122097,9.1196514],[-79.8119367,9.1196505],[-79.8119366,9.1196797],[-79.8115231,9.1196783],[-79.8114862,9.119684],[-79.8113907,9.1196837],[-79.8113908,9.1196487],[-79.8110486,9.1196476],[-79.8108107,9.1196468],[-79.8107116,9.1196465],[-79.8096162,9.1197717],[-79.8096161,9.1197709],[-79.8095937,9.1197743],[-79.8092242,9.1198166],[-79.8091538,9.1198421],[-79.8089333,9.1198761],[-79.8086146,9.1198248],[-79.8066218,9.1198183],[-79.8047245,9.1204241],[-79.8031085,9.1215829],[-79.8019318,9.1231813],[-79.8015759,9.1242578],[-79.8015672,9.1242745],[-79.8015389,9.1243299],[-79.8013273,9.1247494],[-79.8011399,9.1253256],[-79.801247,9.1257753],[-79.8013257,9.1259301],[-79.80136,9.1261503],[-79.8013599,9.1261939],[-79.8013241,9.1264138],[-79.8012746,9.1265095],[-79.8012392,9.1265445],[-79.8010534,9.1267834],[-79.80085,9.127267],[-79.8008236,9.1274616],[-79.8007736,9.1277685],[-79.8007242,9.1278641],[-79.80033,9.1282532],[-79.800061,9.1286186],[-79.8000431,9.1286728],[-79.7999016,9.1289466],[-79.7997369,9.1291092],[-79.7995661,9.1292316],[-79.7994418,9.1294005],[-79.7992771,9.1295631],[-79.7989919,9.1297063],[-79.7989363,9.1297243],[-79.7987119,9.1298391],[-79.798332,9.1301269],[-79.7982768,9.1301813],[-79.7978495,9.130731],[-79.7976123,9.1312946],[-79.7975188,9.131983],[-79.7975177,9.1323008],[-79.7975164,9.1326922],[-79.7974806,9.1329122],[-79.7974312,9.1330078],[-79.7970805,9.133354],[-79.7969113,9.1334389],[-79.7964627,9.1340483],[-79.7962332,9.1347425],[-79.7962307,9.1354732],[-79.7964556,9.1361688],[-79.7966804,9.1364785],[-79.7967163,9.1365541],[-79.7967966,9.1365951],[-79.7968729,9.1366713],[-79.7969217,9.1367673],[-79.796956,9.1369875],[-79.7969548,9.1373498],[-79.7969525,9.1380252],[-79.7969513,9.1383875],[-79.7969155,9.1386075],[-79.7967671,9.1388945],[-79.7967507,9.1389168],[-79.7967328,9.138971],[-79.796561,9.1393034],[-79.796453,9.139744],[-79.7963995,9.1401376],[-79.7963986,9.1403883],[-79.7964495,9.1407823],[-79.7965077,9.1410271],[-79.7971893,9.1421407],[-79.797294,9.1422388],[-79.7982267,9.142955],[-79.7979099,9.1433853],[-79.7972878,9.1452668],[-79.7972828,9.1467497],[-79.7973404,9.1474309],[-79.7977006,9.1485449],[-79.7977276,9.1487182],[-79.7977221,9.1503459],[-79.79773,9.1503965],[-79.7977297,9.1504853],[-79.7976555,9.1509407],[-79.7973731,9.1517948],[-79.7973078,9.1521959],[-79.7973034,9.1522092],[-79.7972968,9.1541897],[-79.7979063,9.1560753],[-79.7980134,9.1562228],[-79.7982336,9.1562701],[-79.7989964,9.156193],[-79.7990544,9.1561357],[-79.799151,9.1560872],[-79.7993726,9.156053],[-79.7999624,9.156055],[-79.8001837,9.1560906],[-79.80028,9.1561397],[-79.8006283,9.1564882],[-79.8007724,9.1567716],[-79.8007905,9.1568269],[-79.8009492,9.1571331],[-79.8009527,9.1571559],[-79.8010178,9.1573571],[-79.8010431,9.1574185],[-79.8014668,9.1579709],[-79.8016926,9.1581968],[-79.8017262,9.1582213],[-79.8019107,9.1583155],[-79.8021413,9.1585461],[-79.8025674,9.1588447],[-79.8033538,9.1590569],[-79.8041891,9.158987],[-79.804399,9.15892],[-79.8046019,9.1588181],[-79.8048235,9.158784],[-79.8048673,9.1587842],[-79.8050887,9.1588197],[-79.8052439,9.158899],[-79.8059044,9.1590589],[-79.8059584,9.159059],[-79.8059934,9.1590647],[-79.8060283,9.1590593],[-79.8062546,9.15906],[-79.8062833,9.1591165],[-79.8063752,9.159243],[-79.8066244,9.1594922],[-79.8066732,9.1595882],[-79.8066861,9.1596712],[-79.8066949,9.1596833],[-79.8067204,9.1597335],[-79.8075781,9.1609148],[-79.8075261,9.1609522],[-79.8066895,9.1620885],[-79.8066054,9.1621487],[-79.8066382,9.1622502],[-79.8066641,9.1623011],[-79.8066985,9.1625213],[-79.8066965,9.1631074],[-79.8066607,9.1633274],[-79.8066112,9.1634231],[-79.8061726,9.1638561],[-79.8060018,9.1639785],[-79.8057328,9.1643439],[-79.8056906,9.1644256],[-79.8056742,9.1644479],[-79.8056562,9.1645021],[-79.8054639,9.1648742],[-79.8053994,9.1650693],[-79.8053205,9.1656496],[-79.8053205,9.1656589],[-79.8053228,9.1656961],[-79.8053227,9.1657248],[-79.8053202,9.1657433],[-79.8053202,9.1657569],[-79.8053226,9.1657723],[-79.8053215,9.1660871],[-79.8052857,9.1663071],[-79.8052059,9.1664614],[-79.8050451,9.1671177],[-79.8050449,9.1671714],[-79.8050091,9.1673914],[-79.8048607,9.1676784],[-79.8048443,9.1677007],[-79.8048263,9.1677549],[-79.8046848,9.1680287],[-79.804608,9.1681045],[-79.8045358,9.1681408],[-79.8041522,9.1686812],[-79.8039387,9.1694627],[-79.8040165,9.1703817],[-79.8040228,9.1704054],[-79.8041798,9.1707085],[-79.8042133,9.1709232],[-79.8042126,9.1711189],[-79.8042685,9.171329],[-79.8043005,9.1714916],[-79.8043026,9.1715075],[-79.8045349,9.1720703],[-79.8046355,9.1722014],[-79.8049428,9.1725088],[-79.8049916,9.1726048],[-79.8050111,9.1727294],[-79.8051504,9.1731604],[-79.8054169,9.1735275],[-79.8057573,9.173868],[-79.805897,9.1741427],[-79.8059146,9.174197],[-79.8061811,9.1745641],[-79.8065727,9.1749558],[-79.8066215,9.1750518],[-79.8066559,9.175272],[-79.8066557,9.1753155],[-79.8066199,9.1755355],[-79.8064715,9.1758226],[-79.8064551,9.1758448],[-79.8064372,9.175899],[-79.8062956,9.1761728],[-79.8061309,9.1763355],[-79.8059601,9.1764579],[-79.8058358,9.1766268],[-79.8051232,9.1773302],[-79.8050266,9.1773787],[-79.8049012,9.177398],[-79.8048221,9.1774232],[-79.804792,9.1774438],[-79.8044757,9.1775849],[-79.804076,9.1781278],[-79.8034538,9.1800094],[-79.80345,9.1811231],[-79.8046177,9.1828093],[-79.8075759,9.1850193],[-79.8104604,9.1861341],[-79.8106707,9.1861531],[-79.8113016,9.1859873],[-79.8115252,9.185875],[-79.8115809,9.1858571],[-79.8118891,9.1856994],[-79.812196,9.1856521],[-79.8125495,9.185508],[-79.813076,9.1851093],[-79.8133372,9.1847733],[-79.8134509,9.1845533],[-79.8134674,9.1845311],[-79.8134853,9.1844769],[-79.8136268,9.1842031],[-79.8137036,9.1841273],[-79.8138002,9.1840788],[-79.8140218,9.1840446],[-79.8148847,9.1840475],[-79.815106,9.1840831],[-79.8152023,9.1841322],[-79.8152785,9.1842085],[-79.8153697,9.1843877],[-79.81538,9.1844194],[-79.8154139,9.1844435],[-79.8154722,9.1845017],[-79.8162307,9.1850332],[-79.8170172,9.1852454],[-79.8175745,9.1851988],[-79.8176189,9.1851765],[-79.8178405,9.1851423],[-79.8178843,9.1851425],[-79.8180994,9.1851771],[-79.8181296,9.1851775],[-79.8182765,9.1851945],[-79.8193064,9.1848657],[-79.8202155,9.1842139],[-79.8205178,9.18365],[-79.8206683,9.1828737],[-79.82067,9.1828383],[-79.8206463,9.1826864],[-79.8206482,9.1821003],[-79.820684,9.1818803],[-79.8207335,9.1817847],[-79.8208102,9.1817089],[-79.8209068,9.1816604],[-79.8211284,9.1816263],[-79.8214452,9.1816273],[-79.8216689,9.1816632],[-79.8217501,9.1816635],[-79.8217644,9.1816594],[-79.8223918,9.1815794],[-79.8225582,9.1815262],[-79.8228188,9.1813953],[-79.8230404,9.1813612],[-79.8230945,9.1813614],[-79.8237561,9.1812058],[-79.8239118,9.1811276],[-79.8241334,9.1810935],[-79.8243419,9.1810941],[-79.8244604,9.1810711],[-79.824678,9.1810434],[-79.825122,9.180939],[-79.8254577,9.1807704],[-79.8255124,9.1807529],[-79.8258818,9.1804881],[-79.8260021,9.1803693],[-79.8260987,9.1803208],[-79.826127,9.1803164],[-79.8263295,9.1802518],[-79.8263913,9.1802266],[-79.8269473,9.1798055],[-79.8271746,9.1795811],[-79.8271992,9.1795477],[-79.827294,9.1793644],[-79.8284664,9.178207],[-79.828563,9.1781584],[-79.8287846,9.1781243],[-79.8288284,9.1781244],[-79.8290497,9.17816],[-79.829252,9.1782633],[-79.8296848,9.1784045],[-79.8298679,9.178434],[-79.8299639,9.178483],[-79.8300586,9.1783894],[-79.8302733,9.1782816],[-79.8318895,9.1771227],[-79.8322066,9.1768098],[-79.8329455,9.175806],[-79.8328944,9.1757055],[-79.8328762,9.1756502],[-79.8327176,9.1753439],[-79.8326841,9.1751292],[-79.8326842,9.1750857],[-79.83272,9.1748657],[-79.8328684,9.1745786],[-79.8328848,9.1745564],[-79.8329027,9.1745022],[-79.8330745,9.1741697],[-79.8331825,9.1737292],[-79.833236,9.1733355],[-79.833237,9.1730081],[-79.8332382,9.1726458],[-79.833274,9.1724258],[-79.8334224,9.1721388],[-79.8334388,9.1721165],[-79.8334567,9.1720623],[-79.8335982,9.1717885],[-79.8343121,9.1710837],[-79.8344768,9.1709656],[-79.8345041,9.1709305],[-79.8347376,9.1706132],[-79.8347664,9.1705448],[-79.834891,9.1701679],[-79.8349201,9.1699895],[-79.8349998,9.1698352],[-79.8351606,9.1691788],[-79.8351608,9.1691251],[-79.8351966,9.1689052],[-79.8352461,9.1688095],[-79.8354252,9.1686327],[-79.8354574,9.1685667],[-79.835553,9.1684389],[-79.8357357,9.1679255],[-79.8353491,9.1667301],[-79.8341828,9.165124],[-79.8341828,9.165124],[-79.8340051,9.1650462],[-79.8338818,9.165013],[-79.8337855,9.1650278],[-79.8337417,9.1650277],[-79.8335203,9.1649921],[-79.8333252,9.1648925],[-79.8331288,9.1648284],[-79.8326678,9.1647666],[-79.8325865,9.1647502],[-79.8324368,9.1647497],[-79.8324214,9.1647521],[-79.8323775,9.164752],[-79.8321562,9.1647164],[-79.8320599,9.1646673],[-79.8317298,9.164337],[-79.8313036,9.1640385],[-79.8305172,9.1638263],[-79.830018,9.1638681],[-79.8299492,9.1638901],[-79.829694,9.1639294],[-79.8293293,9.1639282],[-79.8289999,9.1639272],[-79.8286034,9.1639777],[-79.8281594,9.1640822],[-79.8280036,9.1641604],[-79.8278203,9.1641886],[-79.8273866,9.1643271],[-79.8271837,9.164429],[-79.8269621,9.1644632],[-79.8267536,9.1644625],[-79.8266351,9.1644855],[-79.8264176,9.1645133],[-79.8259735,9.1646177],[-79.8258178,9.1646959],[-79.8255962,9.16473],[-79.8252793,9.164729],[-79.825058,9.1646934],[-79.8249617,9.1646443],[-79.8248855,9.164568],[-79.8247898,9.16438],[-79.8247492,9.1642544],[-79.82474,9.1642479],[-79.8245122,9.1640201],[-79.8237466,9.1634635],[-79.8228743,9.1631787],[-79.8227627,9.1631637]],[[-79.6648782,9.3454937],[-79.6656829,9.3466006],[-79.6668099,9.3477285],[-79.6675176,9.3482417],[-79.6688798,9.3488788],[-79.6701733,9.3492989],[-79.6704657,9.3493454],[-79.6705247,9.349375],[-79.671075,9.3495509],[-79.6729266,9.349739],[-79.6735187,9.3497027],[-79.6755425,9.3492419],[-79.6760915,9.3490185],[-79.6778588,9.3479361],[-79.6783063,9.3475493],[-79.6796295,9.3459601],[-79.679928,9.345451],[-79.6806666,9.3435237],[-79.6807845,9.3429462],[-79.6808602,9.3408854],[-79.680785,9.340301],[-79.6801897,9.3383254],[-79.6799293,9.337796],[-79.6794698,9.3371539],[-79.6792741,9.336713],[-79.6789656,9.3362373],[-79.677637,9.3347606],[-79.6771956,9.3344029],[-79.6754726,9.3334062],[-79.6749415,9.3332015],[-79.6747708,9.3331648],[-79.6730017,9.3333365],[-79.6695437,9.3344841],[-79.6671264,9.3364932],[-79.6661567,9.3392464],[-79.6658491,9.3421161],[-79.664645,9.344815],[-79.6645926,9.3448695],[-79.6645954,9.3448781],[-79.6647431,9.3451689],[-79.6647794,9.3452812],[-79.6648782,9.3454937]],[[-79.8208001,9.3259839],[-79.8214891,9.3258778],[-79.8215085,9.3258809],[-79.8219657,9.3258824],[-79.8226339,9.3257973],[-79.8231766,9.3256242],[-79.8233587,9.3255327],[-79.8233869,9.3255237],[-79.8235332,9.3254503],[-79.8242223,9.3253443],[-79.8249106,9.3254549],[-79.8254079,9.3257086],[-79.8263589,9.3266595],[-79.8264029,9.3266344],[-79.8268468,9.3262798],[-79.828186,9.3248124],[-79.8284978,9.3243388],[-79.8292088,9.3227668],[-79.8298493,9.3224727],[-79.830942,9.3216896],[-79.8318037,9.3208393],[-79.8327447,9.3195617],[-79.8328205,9.3194018],[-79.832922,9.3190948],[-79.832945,9.3190503],[-79.8330849,9.3189123],[-79.8344304,9.3170855],[-79.8344412,9.3170529],[-79.8358779,9.3160232],[-79.8365211,9.3153885],[-79.8371022,9.3145994],[-79.8370952,9.3146005],[-79.8364068,9.3144899],[-79.8357305,9.3141449],[-79.8356742,9.3141265],[-79.8348189,9.3136901],[-79.8344249,9.3132961],[-79.8341727,9.3128006],[-79.8340659,9.3121161],[-79.8341773,9.3114324],[-79.8345246,9.3107606],[-79.8345431,9.3107047],[-79.834802,9.3102042],[-79.834806,9.3101964],[-79.8352606,9.3093102],[-79.835654,9.308922],[-79.836153,9.3086716],[-79.836842,9.3085655],[-79.8375303,9.3086761],[-79.8383131,9.3090755],[-79.839125,9.3093404],[-79.8399795,9.3093432],[-79.8405614,9.3091575],[-79.8406122,9.3090591],[-79.8412345,9.3071776],[-79.8413255,9.306619],[-79.841332,9.3046385],[-79.8412908,9.3043741],[-79.840738,9.3038214],[-79.8403243,9.3030083],[-79.8398243,9.30232],[-79.8391787,9.3018509],[-79.8390535,9.3017923],[-79.8383228,9.3015539],[-79.8378155,9.3014724],[-79.8370051,9.3010589],[-79.8369483,9.3010353],[-79.8361658,9.30078],[-79.8353601,9.3006505],[-79.834795,9.3003621],[-79.834227,9.2999494],[-79.8339745,9.2998205],[-79.8331627,9.2995556],[-79.8328963,9.2995128],[-79.8326216,9.2994232],[-79.8321452,9.2994216],[-79.8321103,9.299416],[-79.8320927,9.2994159],[-79.8320928,9.299404],[-79.8318197,9.2994031],[-79.8318196,9.299415],[-79.8315465,9.2994142],[-79.8315465,9.2994022],[-79.8314884,9.299402],[-79.830379,9.2992238],[-79.8302187,9.2991715],[-79.8293642,9.2991687],[-79.8285507,9.2994283],[-79.8278578,9.2999249],[-79.8276784,9.300102],[-79.8271794,9.3003524],[-79.826412,9.3004706],[-79.8262956,9.3004702],[-79.825529,9.300347],[-79.8249572,9.3000552],[-79.82455,9.2997427],[-79.8241435,9.2995739],[-79.8241345,9.2996013],[-79.8239869,9.2998866],[-79.8231106,9.3010764],[-79.8229166,9.3011037],[-79.8228499,9.3012175],[-79.8212837,9.3019367],[-79.8207645,9.3022952],[-79.8191943,9.3038446],[-79.8188299,9.3043579],[-79.8178878,9.3063472],[-79.8177783,9.3066431],[-79.8176403,9.3071479],[-79.8176437,9.3074965],[-79.8176368,9.307539],[-79.8173244,9.3081478],[-79.817103,9.3084485],[-79.8169568,9.3088902],[-79.8167926,9.3092078],[-79.8167843,9.3092239],[-79.8167223,9.3092436],[-79.8148744,9.3105679],[-79.8145477,9.3110114],[-79.8144393,9.3111183],[-79.8130938,9.312945],[-79.8123823,9.3150953],[-79.8122462,9.3159313],[-79.8122385,9.3181947],[-79.8123624,9.3189892],[-79.8123607,9.3194913],[-79.8123595,9.319849],[-79.8123829,9.3201437],[-79.8127142,9.3221795],[-79.812903,9.3227381],[-79.8138756,9.3245601],[-79.8142351,9.3250288],[-79.8157458,9.3264436],[-79.8162379,9.3267726],[-79.8171455,9.3271847],[-79.8172939,9.3270382],[-79.8177929,9.3267878],[-79.8185604,9.3266696],[-79.8187723,9.3266704],[-79.8199939,9.3263833],[-79.8200487,9.326361],[-79.8208001,9.3259839]],[[-79.7788562,9.3120843],[-79.778964,9.3127761],[-79.7791479,9.313345],[-79.7793198,9.3137144],[-79.7797251,9.3142726],[-79.7797368,9.3142811],[-79.7794759,9.3130881],[-79.7790797,9.3086598],[-79.7790741,9.3085941],[-79.7789872,9.3088565],[-79.778909,9.3093367],[-79.778906,9.3101855],[-79.7789668,9.3105752],[-79.7788591,9.3112356],[-79.7788562,9.3120843]],[[-79.7687417,9.2946094],[-79.7688307,9.2945957],[-79.7655596,9.2934208],[-79.764314,9.2931071],[-79.7645044,9.2936963],[-79.7650042,9.2943847],[-79.7656937,9.294886],[-79.7665055,9.2951511],[-79.7673599,9.2951541],[-79.7681735,9.2948946],[-79.7687417,9.2946094]],[[-79.7631426,9.3212312],[-79.7634038,9.3220394],[-79.7639037,9.3227278],[-79.7643574,9.3231817],[-79.7646402,9.3237378],[-79.7651401,9.3244262],[-79.7658297,9.3249274],[-79.7666415,9.3251925],[-79.767496,9.3251955],[-79.7683096,9.324936],[-79.7690027,9.3244395],[-79.7695074,9.3237546],[-79.7699342,9.3229297],[-79.7703682,9.3225016],[-79.7708729,9.3218166],[-79.7711398,9.3210103],[-79.7711427,9.3201616],[-79.7708815,9.3193534],[-79.7703816,9.318665],[-79.7699506,9.3182339],[-79.7698459,9.318028],[-79.7694147,9.3174342],[-79.7692513,9.3172707],[-79.7686565,9.3168383],[-79.7676356,9.3163172],[-79.7667531,9.3160417],[-79.7658286,9.3160745],[-79.7649682,9.316412],[-79.7642869,9.3170013],[-79.7642652,9.317025],[-79.7638996,9.3176681],[-79.7638082,9.3178582],[-79.7637167,9.3183766],[-79.7636908,9.3183724],[-79.7635322,9.3193447],[-79.7634125,9.3195762],[-79.7632185,9.3201621],[-79.7631435,9.3209812],[-79.7631426,9.3212312]]]}},{"type":"Feature","properties":{"nombre":"Corredor Matusagaratí -Canglón","notas":"El sistema de humedales de Matusagaratí y la reserva hidrológica Filo del Tallo - Canglón son críticos para la vida silvestre y el suministro de agua potable. Pero ambas reservas están muy intervenidas por cultivos a gran escala y ganadería. En Canglón hay una conexión media-baja hacia el Corredor Biológico Mesoamericano que es importante mantener y fortalecer para asegurar el flujo de especies en toda esa zona, entre el Pacífico y los humedales y el resto del bosque del Darién.\n","cond_promedio":32.08,"area_ha":11559,"cat":"mediabaja","categoria_etiqueta":"Media-baja","es_mesoamericano":false},"geometry":{"type":"Polygon","coordinates":[[[-77.8761014,8.3905248],[-77.8752697,8.3884507],[-77.874353,8.3858806],[-77.8733984,8.3823457],[-77.8721466,8.3783219],[-77.8705628,8.3740014],[-77.8685326,8.3693816],[-77.866544,8.3641622],[-77.8647338,8.359355],[-77.8634187,8.3548747],[-77.8624222,8.3505071],[-77.8614219,8.3462134],[-77.8603865,8.3419677],[-77.8591422,8.3378062],[-77.8577881,8.3337342],[-77.8566773,8.3297363],[-77.8563137,8.3256195],[-77.8561346,8.321406],[-77.8555168,8.3172542],[-77.8540848,8.313362],[-77.8519429,8.3097844],[-77.8494766,8.3065371],[-77.8470335,8.3036556],[-77.8453402,8.3006422],[-77.8447054,8.2971272],[-77.8440038,8.2930446],[-77.8427178,8.2885298],[-77.8413807,8.2835521],[-77.8404539,8.2791793],[-77.8407697,8.2754825],[-77.8425535,8.2725232],[-77.8448878,8.2700618],[-77.8464993,8.2676543],[-77.846303,8.265274],[-77.8441935,8.2632931],[-77.8409601,8.2617452],[-77.8373194,8.260197],[-77.833521,8.2585247],[-77.8295697,8.2567311],[-77.8250683,8.2554818],[-77.8199946,8.2553775],[-77.8158071,8.2561949],[-77.8131,8.2577882],[-77.8122071,8.2603383],[-77.8120639,8.2635115],[-77.8123709,8.2667903],[-77.8127972,8.2697685],[-77.8136159,8.2718838],[-77.8154767,8.2725855],[-77.8178385,8.2722441],[-77.8201425,8.2722021],[-77.8216642,8.2733988],[-77.8220671,8.2752235],[-77.8212206,8.2770141],[-77.8200863,8.2792557],[-77.8191158,8.2821206],[-77.8182785,8.2852042],[-77.8180374,8.2880806],[-77.8189737,8.2905138],[-77.8205942,8.2925109],[-77.821589,8.2944181],[-77.8210002,8.2956071],[-77.8190069,8.2952813],[-77.8163567,8.2939257],[-77.8136882,8.2918466],[-77.8108023,8.2900577],[-77.807744,8.2894408],[-77.8046887,8.2903516],[-77.8014517,8.2917235],[-77.7980675,8.2926112],[-77.7948872,8.2927248],[-77.7921361,8.2924552],[-77.7891412,8.292997],[-77.7856807,8.2939969],[-77.7819826,8.2955511],[-77.7787094,8.2957978],[-77.7763198,8.2941615],[-77.7746538,8.2912401],[-77.7730243,8.2878845],[-77.7712661,8.2845686],[-77.7699085,8.2811692],[-77.7690766,8.2777495],[-77.7689657,8.2744198],[-77.7687502,8.2715758],[-77.7677219,8.269866],[-77.7655204,8.2699847],[-77.762823,8.2714723],[-77.7606052,8.2744292],[-77.7596659,8.2787367],[-77.7602889,8.2831962],[-77.761272,8.2877094],[-77.7611032,8.2915817],[-77.7604031,8.2950763],[-77.7594369,8.2981349],[-77.7574266,8.300641],[-77.7548524,8.3030901],[-77.7524459,8.3057898],[-77.7510154,8.3090559],[-77.7508661,8.3126535],[-77.7520047,8.3162438],[-77.7537489,8.3197991],[-77.7557143,8.3232349],[-77.7574339,8.3266959],[-77.7593797,8.3297638],[-77.7620268,8.3317441],[-77.7652448,8.3322214],[-77.7686584,8.3317689],[-77.7723513,8.3317835],[-77.7761399,8.3329038],[-77.7796062,8.3339493],[-77.7820744,8.3352646],[-77.7827472,8.3371563],[-77.7818134,8.3392373],[-77.7808111,8.3419481],[-77.7807823,8.3452354],[-77.7812741,8.348897],[-77.7815248,8.3530117],[-77.7817878,8.3575202],[-77.7830298,8.3624042],[-77.7851623,8.3666396],[-77.7877388,8.3704683],[-77.7905885,8.3742153],[-77.7936368,8.3781839],[-77.7970093,8.3822767],[-77.8008875,8.3853242],[-77.8051734,8.3878612],[-77.8095665,8.3907489],[-77.8132907,8.3932592],[-77.8156393,8.39576],[-77.816016,8.398232],[-77.8144238,8.4004415],[-77.8117773,8.4025982],[-77.808913,8.4050327],[-77.805892,8.407528],[-77.8032112,8.4104547],[-77.8013014,8.4139141],[-77.800481,8.4177766],[-77.8007516,8.4217251],[-77.8021313,8.4254872],[-77.8046336,8.4288684],[-77.8077497,8.4320913],[-77.81066,8.435626],[-77.8122645,8.4392137],[-77.8137022,8.4425512],[-77.8159454,8.4451749],[-77.8190458,8.4469215],[-77.8224062,8.4485219],[-77.8254983,8.45003],[-77.8280173,8.4507156],[-77.8295068,8.4498043],[-77.82995,8.4473701],[-77.8296465,8.4442804],[-77.8291756,8.4411065],[-77.8291223,8.4379834],[-77.8286354,8.4349553],[-77.8278556,8.4321604],[-77.8277512,8.4291247],[-77.8282655,8.4257777],[-77.8284747,8.4215103],[-77.8283393,8.4164975],[-77.8276202,8.4119732],[-77.8265232,8.4080526],[-77.8253446,8.4047735],[-77.8252468,8.4017114],[-77.8267513,8.3989306],[-77.8292947,8.396472],[-77.8325277,8.3945488],[-77.8360763,8.3929264],[-77.8399598,8.3919396],[-77.8440883,8.3915233],[-77.8485637,8.391298],[-77.8535325,8.3917463],[-77.857918,8.3928707],[-77.86186,8.3939017],[-77.8660119,8.3937464],[-77.8703025,8.3925422],[-77.8761014,8.3905248]],[[-77.7613323,8.2829939],[-77.7623188,8.2830005],[-77.762978,8.2832592],[-77.7628294,8.2836903],[-77.7613323,8.2829939]],[[-77.8461266,8.3555255],[-77.8464012,8.3587694],[-77.8464462,8.3615202],[-77.8458684,8.3646101],[-77.8443341,8.3674772],[-77.842546,8.3701523],[-77.8410232,8.3728802],[-77.838986,8.3754071],[-77.8359523,8.377254],[-77.8321319,8.3784725],[-77.8277997,8.3795544],[-77.8233261,8.3805328],[-77.8198194,8.3804281],[-77.8178269,8.3788503],[-77.817582,8.376389],[-77.8184436,8.3737329],[-77.8190225,8.3713347],[-77.8182853,8.3698311],[-77.8165536,8.3697013],[-77.8148278,8.3708932],[-77.8134271,8.3728352],[-77.8117322,8.3742736],[-77.8100259,8.3742827],[-77.809142,8.3727101],[-77.8091505,8.3699175],[-77.8084964,8.3656108],[-77.8060449,8.3598964],[-77.8031736,8.354561],[-77.8018043,8.3495459],[-77.8016291,8.3452417],[-77.8019726,8.341625],[-77.8021052,8.3385529],[-77.8028657,8.3361508],[-77.8047835,8.3351278],[-77.8071658,8.3358429],[-77.8092655,8.3380515],[-77.810792,8.3412293],[-77.8123303,8.3446311],[-77.8141545,8.347745],[-77.8167701,8.3499584],[-77.8200106,8.3510381],[-77.8233584,8.3513291],[-77.8263369,8.3505389],[-77.8284819,8.3489321],[-77.8289972,8.3465759],[-77.8278798,8.3441131],[-77.8260537,8.3417546],[-77.8243246,8.3395149],[-77.8236321,8.3371994],[-77.8247604,8.3349923],[-77.8271168,8.3332247],[-77.8298053,8.332088],[-77.8323404,8.3320718],[-77.8340545,8.3328896],[-77.8343697,8.3344567],[-77.8338932,8.3362412],[-77.8340734,8.338848],[-77.834954,8.3419516],[-77.8362777,8.3450608],[-77.8382786,8.3478133],[-77.8403143,8.3505909],[-77.8423809,8.3529913],[-77.8461266,8.3555255]],[[-77.8106184,8.3811748],[-77.8109572,8.3825624],[-77.810833,8.3840098],[-77.809966,8.3852971],[-77.8090192,8.3853589],[-77.8089832,8.3840869],[-77.8106184,8.3811748]],[[-77.8458787,8.313184],[-77.8463998,8.3155576],[-77.8454207,8.3168278],[-77.8439057,8.3172731],[-77.8429754,8.3164581],[-77.843404,8.3150747],[-77.8458787,8.313184]]]}},{"type":"Feature","properties":{"nombre":"Corredor David-Chorcha","notas":"Los manglares de David son un área clave de biodiversidad para Panamá y forman por sí solos un corredor a lo largo del Golfo de Chiriquí. Se conecta cruzando la Panamericana hacia la meseta de Chorcha y las partes altas del río del mismo nombre, junto con el río Fonseca en la Comarca Ngäbe-Buglé.","cond_promedio":36.36,"area_ha":27564,"cat":"mediabaja","categoria_etiqueta":"Media-baja","es_mesoamericano":false},"geometry":{"type":"Polygon","coordinates":[[[-82.0320983,8.6006336],[-82.0318276,8.6200133],[-82.034769,8.620575],[-82.03742,8.6212192],[-82.0406444,8.6215838],[-82.044143,8.6215338],[-82.0476517,8.6219837],[-82.0509187,8.623482],[-82.0541413,8.6253647],[-82.0572226,8.6272428],[-82.059986,8.6284175],[-82.0619759,8.6282555],[-82.0626953,8.6264436],[-82.0631233,8.6236562],[-82.0649224,8.6203504],[-82.0683284,8.6172598],[-82.0720028,8.6154664],[-82.0756134,8.6155355],[-82.0788738,8.6169291],[-82.0818119,8.6185862],[-82.084617,8.6192605],[-82.0871077,8.6182955],[-82.0889044,8.6158636],[-82.090709,8.6130634],[-82.0934751,8.6109972],[-82.0971004,8.6104579],[-82.1012174,8.6122828],[-82.1044332,8.6158436],[-82.1068309,8.6202776],[-82.1090096,8.6236518],[-82.1114117,8.6250322],[-82.1136858,8.6243554],[-82.1156196,8.6225367],[-82.1178623,8.6211688],[-82.120382,8.6215024],[-82.1225974,8.6235577],[-82.1245874,8.6264917],[-82.126454,8.6297194],[-82.1281854,8.6327269],[-82.1303364,8.6347671],[-82.1330943,8.6352952],[-82.1362518,8.6351649],[-82.139542,8.6356239],[-82.1424842,8.6369592],[-82.1450446,8.6382893],[-82.1477712,8.6384168],[-82.1506813,8.6374148],[-82.1541144,8.6365696],[-82.1579452,8.6365294],[-82.1620035,8.637208],[-82.166427,8.6378346],[-82.1713381,8.6382165],[-82.1770827,8.6380046],[-82.1836931,8.6375513],[-82.1892103,8.6381104],[-82.1934754,8.6394755],[-82.1963245,8.641496],[-82.1973084,8.6442218],[-82.1965889,8.6470657],[-82.1954775,8.6497495],[-82.1955327,8.6522664],[-82.1973605,8.6540859],[-82.2003168,8.6554718],[-82.2036459,8.6574961],[-82.207005,8.6604689],[-82.21046,8.6644014],[-82.2142894,8.66918],[-82.2176153,8.674526],[-82.2205493,8.6804446],[-82.2228834,8.6859945],[-82.2239194,8.690733],[-82.2245684,8.6947442],[-82.2251675,8.6978511],[-82.2265405,8.6995175],[-82.2285773,8.699179],[-82.230554,8.6971605],[-82.2328306,8.6946726],[-82.2358386,8.6929653],[-82.23951,8.692857],[-82.2435167,8.6943447],[-82.2476322,8.6968496],[-82.2515058,8.6986938],[-82.2549891,8.7004998],[-82.2578424,8.7028827],[-82.2603046,8.7053321],[-82.263303,8.7069237],[-82.2668435,8.7073206],[-82.2704688,8.7066237],[-82.2736937,8.7050067],[-82.2758257,8.7026076],[-82.2761686,8.6996361],[-82.2748263,8.6965998],[-82.2720018,8.6938872],[-82.2681162,8.6912653],[-82.2636352,8.6878738],[-82.2591632,8.6833292],[-82.2565078,8.6790264],[-82.255216,8.6754234],[-82.2535621,8.6727262],[-82.2507425,8.6711134],[-82.2472055,8.6700981],[-82.2434673,8.6687448],[-82.2399477,8.6667157],[-82.2369654,8.6639866],[-82.234645,8.6607329],[-82.232663,8.6574139],[-82.2301788,8.6545053],[-82.2273428,8.6518967],[-82.2247081,8.6489222],[-82.2222035,8.645692],[-82.2198459,8.6423441],[-82.2173255,8.6391393],[-82.2149377,8.6359665],[-82.2135334,8.6321448],[-82.2134632,8.6276621],[-82.2133953,8.6238681],[-82.2115684,8.6207797],[-82.2077072,8.6184155],[-82.2036082,8.6165345],[-82.2000105,8.616722],[-82.1969826,8.6184027],[-82.1941466,8.6202277],[-82.1913472,8.6209818],[-82.1889324,8.6200829],[-82.1870698,8.6183114],[-82.1848354,8.6170954],[-82.1819717,8.6173875],[-82.178818,8.6186699],[-82.1753423,8.6198357],[-82.171767,8.6204504],[-82.1682742,8.6210743],[-82.1648732,8.6213025],[-82.161599,8.6202034],[-82.1586308,8.6179201],[-82.1557431,8.6151442],[-82.1529733,8.6121493],[-82.1504868,8.6088787],[-82.1479604,8.6056438],[-82.1453109,8.6025854],[-82.1429365,8.5995797],[-82.1408692,8.5968222],[-82.1383161,8.5946804],[-82.1357109,8.5925406],[-82.1338134,8.5898186],[-82.1328441,8.5865128],[-82.1316081,8.5828172],[-82.1292027,8.5787745],[-82.1260759,8.5740509],[-82.1241459,8.5688104],[-82.1242568,8.5643555],[-82.1261814,8.5610425],[-82.1292256,8.5588115],[-82.1327192,8.5572555],[-82.1361608,8.5557408],[-82.1394755,8.5545696],[-82.1425077,8.5538472],[-82.1450106,8.5521793],[-82.1468333,8.5486167],[-82.1487043,8.5446813],[-82.1506321,8.5408412],[-82.1521463,8.5370053],[-82.1530963,8.5331456],[-82.1530244,8.5292545],[-82.1522113,8.5254634],[-82.1518055,8.5216055],[-82.1524699,8.5177934],[-82.1540648,8.5141753],[-82.1559111,8.5106048],[-82.1579944,8.5073689],[-82.1608295,8.5049852],[-82.1644332,8.5035363],[-82.1684974,8.5021775],[-82.1728378,8.5006271],[-82.1774617,8.498705],[-82.182533,8.4967887],[-82.1867965,8.4946954],[-82.1898389,8.4922043],[-82.1915388,8.4892174],[-82.1925217,8.4860641],[-82.1939963,8.482991],[-82.1956548,8.4800454],[-82.1966097,8.4768048],[-82.1970518,8.4734439],[-82.1981572,8.4702578],[-82.2004129,8.4678041],[-82.2036116,8.4662221],[-82.2071246,8.4645273],[-82.2103213,8.4623264],[-82.21263,8.45966],[-82.2132304,8.4564087],[-82.2119168,8.452919],[-82.2084851,8.4496702],[-82.204533,8.4469564],[-82.2009382,8.4441801],[-82.198173,8.4410303],[-82.1966715,8.4374263],[-82.1965635,8.4335282],[-82.1974047,8.4295672],[-82.1988369,8.4257467],[-82.2010509,8.4224109],[-82.2041678,8.4198965],[-82.2079819,8.418369],[-82.2121164,8.4177962],[-82.2161704,8.4180219],[-82.2197336,8.4192832],[-82.2223486,8.4214675],[-82.2237034,8.4242615],[-82.2244878,8.4270113],[-82.226106,8.4295097],[-82.2281224,8.4320057],[-82.2294566,8.4350696],[-82.2297129,8.4385486],[-82.2295675,8.441914],[-82.2302329,8.4447064],[-82.2323302,8.446399],[-82.2350235,8.4468016],[-82.2372216,8.4457677],[-82.2382894,8.4433039],[-82.2391195,8.4399876],[-82.2404112,8.4364464],[-82.2419607,8.4330519],[-82.2437424,8.4301918],[-82.2463154,8.4286152],[-82.2493526,8.4286659],[-82.2524686,8.4298797],[-82.256046,8.4308615],[-82.2602177,8.4308021],[-82.264956,8.4297477],[-82.2700395,8.4272209],[-82.2743391,8.4236761],[-82.2769118,8.4198515],[-82.2786161,8.416201],[-82.2792975,8.4129787],[-82.2785164,8.4105967],[-82.2762597,8.4098592],[-82.2732173,8.4108028],[-82.2698684,8.4126009],[-82.2666081,8.4147375],[-82.2633489,8.4164633],[-82.2598548,8.4167199],[-82.2562898,8.4150448],[-82.2526806,8.4122939],[-82.2492931,8.4103659],[-82.2456705,8.4101869],[-82.2418596,8.4112208],[-82.2379011,8.4126195],[-82.233932,8.413807],[-82.2300311,8.4140249],[-82.2264622,8.4128833],[-82.2234076,8.4106089],[-82.2206089,8.4079564],[-82.2175107,8.4057198],[-82.2138021,8.4041717],[-82.209537,8.4025427],[-82.2050524,8.3999894],[-82.2013739,8.3970647],[-82.1980232,8.3944583],[-82.1944512,8.3925007],[-82.190795,8.3908685],[-82.1873612,8.3892098],[-82.1841949,8.3881353],[-82.1811893,8.3885401],[-82.1783525,8.3900621],[-82.1752487,8.3917054],[-82.1722352,8.3935079],[-82.1697843,8.3962117],[-82.1676553,8.3994512],[-82.1658049,8.4028548],[-82.1647306,8.4065755],[-82.1642967,8.4107809],[-82.1638062,8.4155853],[-82.1627657,8.4211415],[-82.1605414,8.4273621],[-82.1580533,8.4324711],[-82.1552004,8.4363695],[-82.1520694,8.439459],[-82.1489119,8.4423084],[-82.1456668,8.4448361],[-82.1419803,8.4465975],[-82.1379431,8.4477728],[-82.1336835,8.4489922],[-82.1291911,8.4506835],[-82.1240569,8.4526926],[-82.1180159,8.4550341],[-82.1118937,8.4579941],[-82.1060402,8.4622859],[-82.1023406,8.4673212],[-82.1002496,8.472841],[-82.0984617,8.4775531],[-82.0962963,8.4811725],[-82.0933002,8.4836315],[-82.0898681,8.4855943],[-82.0863709,8.4875836],[-82.0831833,8.4901623],[-82.0801336,8.493245],[-82.0775096,8.4972443],[-82.0750871,8.5018519],[-82.0724144,8.5056692],[-82.0695308,8.5085456],[-82.0662153,8.5103106],[-82.062995,8.5116493],[-82.0605802,8.5135525],[-82.0595106,8.5162868],[-82.0598423,8.5194537],[-82.0604174,8.5229154],[-82.0605412,8.5265224],[-82.0609956,8.5301228],[-82.0624226,8.5333566],[-82.0648084,8.5358932],[-82.0678702,8.5377947],[-82.070812,8.5399626],[-82.073028,8.5429392],[-82.0747182,8.5463671],[-82.076302,8.5498562],[-82.0771749,8.5535754],[-82.0772048,8.5573724],[-82.0769322,8.5611372],[-82.076349,8.5648098],[-82.0747972,8.5681398],[-82.072297,8.5708812],[-82.0693767,8.5731651],[-82.0666029,8.5757821],[-82.063797,8.578633],[-82.0608985,8.5814644],[-82.0579776,8.5842588],[-82.0546601,8.5866477],[-82.0511575,8.5887952],[-82.0475322,8.5904266],[-82.0440458,8.5916386],[-82.0410419,8.5932931],[-82.0385749,8.5955301],[-82.0360544,8.5976139],[-82.0320983,8.6006336]]]}},{"type":"Feature","properties":{"nombre":"Corredor de Bayano","notas":"Este remanente de bosque y mangle forma parte de los humedales de la Bahía de Panamá. La conexión con el resto del humedal hacia el este y el oeste es débil debido a la ganadería y otros usos del suelo. Es importante reconectar los manglares de la zona costera de este importante humedal. ","cond_promedio":42.86,"area_ha":null,"cat":"mediana","categoria_etiqueta":"Mediana","es_mesoamericano":false},"geometry":{"type":"Polygon","coordinates":[[[-79.0488656,9.0046514],[-79.0493944,9.0041964],[-79.0502909,9.0037593],[-79.0517463,9.0032654],[-79.053812,9.0031992],[-79.0562513,9.003901],[-79.0586927,9.005259],[-79.0608002,9.00697],[-79.0624908,9.0086736],[-79.0638333,9.0102471],[-79.0647846,9.0120712],[-79.0651533,9.0142704],[-79.0649084,9.0165671],[-79.0641644,9.0184986],[-79.063308,9.0197372],[-79.0626314,9.0202389],[-79.0621129,9.0202643],[-79.0617223,9.0200657],[-79.0614263,9.0198479],[-79.0611643,9.0197715],[-79.0608524,9.0198575],[-79.0605233,9.0200466],[-79.0601846,9.0203292],[-79.0598258,9.0206147],[-79.059495,9.0208263],[-79.0592696,9.020941],[-79.0591215,9.0209976],[-79.0590932,9.0210256],[-79.0591679,9.0210443],[-79.05931,9.0210769],[-79.0595583,9.0211556],[-79.0599229,9.0213299],[-79.0603083,9.0216222],[-79.0606291,9.0220126],[-79.0608416,9.0224409],[-79.0609518,9.0228127],[-79.0610152,9.0230297],[-79.0610986,9.0231081],[-79.0612514,9.0230785],[-79.0615048,9.0229539],[-79.0618296,9.0228511],[-79.0621387,9.0229226],[-79.0623343,9.0233412],[-79.0624199,9.0242756],[-79.0624147,9.0256458],[-79.0622922,9.0268176],[-79.0621642,9.0275371],[-79.0620155,9.0280797],[-79.0617591,9.028782],[-79.0612622,9.0299415],[-79.0605339,9.0314217],[-79.059827,9.0326286],[-79.0593664,9.0333019],[-79.0591139,9.0336703],[-79.0589676,9.0339737],[-79.0587941,9.0342773],[-79.0584992,9.0346844],[-79.0580997,9.0351808],[-79.0578174,9.0355188],[-79.0575205,9.0356919],[-79.05712,9.0357414],[-79.0566738,9.0356792],[-79.0562606,9.0355434],[-79.0559197,9.0353989],[-79.0555829,9.0352583],[-79.0551899,9.0350692],[-79.0548123,9.0348156],[-79.0545091,9.0345243],[-79.0542479,9.0341834],[-79.0540296,9.0338738],[-79.0538073,9.0337104],[-79.0534894,9.0337025],[-79.0530767,9.0337447],[-79.0526444,9.03376],[-79.0522874,9.033753],[-79.052079,9.0337955],[-79.0519609,9.0339283],[-79.0518771,9.0341473],[-79.0518393,9.0343369],[-79.051878,9.0344541],[-79.0519879,9.0344909],[-79.0521726,9.0344652],[-79.052463,9.0344029],[-79.0528023,9.0343611],[-79.0531374,9.0343683],[-79.0534988,9.0344364],[-79.0538476,9.034566],[-79.0541462,9.034743],[-79.0544098,9.0349776],[-79.0546702,9.0353288],[-79.0548629,9.0357832],[-79.0549318,9.0362945],[-79.0548576,9.0368049],[-79.0546625,9.0372565],[-79.0544068,9.0376045],[-79.0541627,9.0378383],[-79.0539073,9.0380232],[-79.0536416,9.0381778],[-79.0533583,9.038325],[-79.0529837,9.0384888],[-79.0525432,9.0386142],[-79.0520988,9.0386786],[-79.0517104,9.0387156],[-79.0513702,9.0387815],[-79.0510545,9.0388657],[-79.0506898,9.0389571],[-79.0502977,9.0390214],[-79.0499422,9.0390535],[-79.0497143,9.0390672],[-79.0495617,9.0390743],[-79.0494304,9.0390813],[-79.0493328,9.0390945],[-79.049236,9.0391175],[-79.0490912,9.0391629],[-79.0488606,9.0392387],[-79.0486174,9.0393172],[-79.0484095,9.0394088],[-79.048236,9.0395343],[-79.0481886,9.0397025],[-79.0482778,9.0399722],[-79.0484093,9.0403528],[-79.0484875,9.0408052],[-79.0484613,9.0412793],[-79.0483209,9.0417263],[-79.0480855,9.0421058],[-79.04778,9.0423972],[-79.0473757,9.0426235],[-79.0468984,9.042749],[-79.0463965,9.0427467],[-79.0459244,9.0426182],[-79.0455305,9.042394],[-79.0452363,9.0421157],[-79.0449944,9.0417661],[-79.0448131,9.0414086],[-79.0446753,9.0411413],[-79.0445298,9.0410134],[-79.0443792,9.040989],[-79.0442405,9.0410629],[-79.0441907,9.0412787],[-79.0441818,9.0416339],[-79.0441533,9.0420463],[-79.0441073,9.0424325],[-79.0441097,9.0427421],[-79.0442207,9.0430188],[-79.0444071,9.0433267],[-79.0445985,9.0436634],[-79.044782,9.0440604],[-79.0448996,9.0445139],[-79.0449093,9.0449928],[-79.0448022,9.0454555],[-79.0446071,9.045859],[-79.0443944,9.0461673],[-79.0442643,9.0463652],[-79.0442626,9.0464896],[-79.0443767,9.0465512],[-79.0446007,9.0465209],[-79.0448955,9.0464347],[-79.0452253,9.0463023],[-79.0456432,9.046137],[-79.0461007,9.0460171],[-79.0465003,9.045972],[-79.046752,9.0459719],[-79.0469123,9.0460013],[-79.0470739,9.0460669],[-79.0472873,9.0461799],[-79.0474925,9.04631],[-79.0476527,9.0464112],[-79.0478041,9.0464726],[-79.0479756,9.0464622],[-79.0481851,9.0463203],[-79.0484538,9.0460793],[-79.0487215,9.0458161],[-79.0489254,9.0455417],[-79.0491114,9.0452434],[-79.0493023,9.0449606],[-79.0495185,9.0446877],[-79.0497876,9.0444205],[-79.0500595,9.0442076],[-79.050336,9.0440237],[-79.0506039,9.0438652],[-79.0508185,9.0437242],[-79.0510049,9.0435711],[-79.0512014,9.0433658],[-79.0514298,9.0431227],[-79.051632,9.042897],[-79.0518321,9.0426422],[-79.0520966,9.0423256],[-79.052422,9.0420242],[-79.0527492,9.041801],[-79.0530135,9.0416682],[-79.0532941,9.0415829],[-79.0536726,9.0415255],[-79.0540906,9.0415253],[-79.054454,9.0415753],[-79.0546907,9.041629],[-79.054855,9.0416809],[-79.0550002,9.041748],[-79.0552033,9.0418717],[-79.0554944,9.042097],[-79.0557929,9.0424117],[-79.0560302,9.0427545],[-79.0561812,9.0430216],[-79.056264,9.0431035],[-79.0563042,9.0429994],[-79.0563061,9.0427312],[-79.0562311,9.0423732],[-79.0561285,9.0419894],[-79.0560093,9.0416537],[-79.0558222,9.0413865],[-79.0555391,9.0410944],[-79.0552468,9.0407326],[-79.055021,9.0403064],[-79.0548975,9.0398563],[-79.0548696,9.0394406],[-79.0548999,9.0391035],[-79.0549739,9.0387892],[-79.0551156,9.0384057],[-79.0553364,9.0380143],[-79.0556023,9.0376902],[-79.055861,9.0374674],[-79.0561588,9.0372945],[-79.0565115,9.0371684],[-79.0568874,9.0371049],[-79.0572627,9.0371016],[-79.0576925,9.0371408],[-79.0581371,9.0371747],[-79.058576,9.0371386],[-79.0589792,9.0370859],[-79.0592759,9.037048],[-79.0594655,9.0370256],[-79.059652,9.0370294],[-79.0599748,9.0371127],[-79.0605854,9.0374047],[-79.0615377,9.0380725],[-79.0624145,9.0390155],[-79.0628731,9.0397559],[-79.0629454,9.040227],[-79.0628053,9.040505],[-79.062656,9.0406407],[-79.0625479,9.0407071],[-79.0624546,9.0407565],[-79.0623584,9.0408202],[-79.0622617,9.0409071],[-79.0621597,9.041044],[-79.0620341,9.041255],[-79.0618947,9.0415472],[-79.0618062,9.0418461],[-79.0618646,9.0421215],[-79.0620448,9.0424118],[-79.0622572,9.0426585],[-79.0624781,9.0427588],[-79.0627683,9.0427225],[-79.0631215,9.0426293],[-79.0635467,9.0425907],[-79.0640116,9.0427496],[-79.0645279,9.0432896],[-79.0652662,9.0444631],[-79.0663287,9.0463418],[-79.0672716,9.0481537],[-79.0677158,9.0493274],[-79.0677936,9.0500481],[-79.0676285,9.050547],[-79.0673321,9.0509062],[-79.0670196,9.0511457],[-79.0668174,9.0512809],[-79.0667934,9.0513537],[-79.0669481,9.0513809],[-79.0671616,9.0513748],[-79.067345,9.0512936],[-79.0675368,9.0511144],[-79.0677831,9.0508581],[-79.0681296,9.0506543],[-79.0686038,9.0507332],[-79.0693025,9.0514329],[-79.0705386,9.0531827],[-79.0725286,9.0562221],[-79.0747905,9.0597844],[-79.0771437,9.0632784],[-79.0795623,9.0664891],[-79.0821247,9.0694753],[-79.0848956,9.0724105],[-79.0878315,9.0753513],[-79.0908129,9.0782838],[-79.0937346,9.0810919],[-79.0965395,9.083537],[-79.0991589,9.0853315],[-79.1015596,9.0861646],[-79.1038407,9.0860059],[-79.1062652,9.0854441],[-79.108762,9.0851645],[-79.11109,9.0855886],[-79.1131138,9.0866332],[-79.114862,9.0879613],[-79.1162889,9.0892998],[-79.1176036,9.0901104],[-79.1189589,9.0898336],[-79.1200382,9.0883051],[-79.120541,9.0859258],[-79.1205694,9.0833994],[-79.1205481,9.0814646],[-79.1209814,9.0806842],[-79.1219318,9.0812995],[-79.1228406,9.0831855],[-79.1230619,9.0859059],[-79.1221903,9.0888818],[-79.1201263,9.0915713],[-79.1169712,9.0936062],[-79.1129438,9.0948558],[-79.1083645,9.0953829],[-79.1037727,9.0954407],[-79.1000348,9.0953443],[-79.0977526,9.0952062],[-79.0965798,9.0950165],[-79.0960152,9.0947868],[-79.0957146,9.0944987],[-79.0955214,9.0941237],[-79.095407,9.0937082],[-79.0953498,9.0933357],[-79.0952899,9.0931055],[-79.09515,9.0930659],[-79.0949251,9.0931915],[-79.0945896,9.0934045],[-79.0941776,9.0935983],[-79.0937482,9.0937163],[-79.0933485,9.0937557],[-79.0929274,9.0937319],[-79.0924973,9.0936535],[-79.0921181,9.0935525],[-79.0918247,9.0935038],[-79.0915361,9.0935406],[-79.0911698,9.0936388],[-79.0907817,9.093725],[-79.0904643,9.09378],[-79.0902423,9.0938258],[-79.0900373,9.093891],[-79.0897787,9.0939932],[-79.0894996,9.0941203],[-79.0891891,9.0942946],[-79.0888284,9.0944972],[-79.0884645,9.0946891],[-79.0881792,9.094888],[-79.0880225,9.0951694],[-79.0879125,9.0955569],[-79.0877827,9.0959585],[-79.0876416,9.0962762],[-79.0875359,9.0964687],[-79.087444,9.0965972],[-79.0873504,9.0967005],[-79.0872607,9.096789],[-79.0871729,9.0968769],[-79.0870812,9.0969687],[-79.0869948,9.0970594],[-79.0869121,9.0971634],[-79.0868207,9.0972988],[-79.0867053,9.0974849],[-79.0865773,9.0976721],[-79.0864699,9.0978197],[-79.086371,9.0979586],[-79.0862622,9.0981181],[-79.0861122,9.0983342],[-79.0859079,9.0985706],[-79.0856586,9.0987806],[-79.0853189,9.098997],[-79.0849562,9.0991901],[-79.0846383,9.0993788],[-79.0842856,9.0996083],[-79.0839044,9.0998176],[-79.0835622,9.0999683],[-79.0833426,9.1000773],[-79.0832133,9.1001966],[-79.08313,9.1003483],[-79.083059,9.1005763],[-79.0829745,9.1009042],[-79.0829039,9.1012368],[-79.0829476,9.1014956],[-79.0831887,9.1017096],[-79.0835488,9.1019663],[-79.0839102,9.1023017],[-79.0841916,9.1026901],[-79.0843611,9.1030591],[-79.0844336,9.1033304],[-79.0844474,9.1035473],[-79.0844135,9.1038064],[-79.0843217,9.1041377],[-79.084162,9.104487],[-79.0839429,9.1047974],[-79.0836753,9.1050392],[-79.0833113,9.105242],[-79.0828724,9.1053726],[-79.0824048,9.1054126],[-79.0819603,9.1053862],[-79.0815835,9.1053668],[-79.0812826,9.1054454],[-79.0810246,9.1056061],[-79.0807877,9.105843],[-79.0805646,9.1061002],[-79.0804337,9.1063142],[-79.0804112,9.1065379],[-79.0805449,9.1068027],[-79.0807621,9.1071461],[-79.0809604,9.1075366],[-79.0810885,9.1079011],[-79.0811525,9.1081665],[-79.0811801,9.1083817],[-79.0811835,9.1085408],[-79.0811799,9.1086387],[-79.0811747,9.1087202],[-79.0811675,9.1088308],[-79.0811519,9.1090054],[-79.0811162,9.1092266],[-79.0810459,9.1095277],[-79.0809451,9.1098518],[-79.0808453,9.1101617],[-79.0807548,9.1105132],[-79.0806919,9.1108969],[-79.0806191,9.1112901],[-79.0805202,9.1116593],[-79.0803925,9.1120012],[-79.0802534,9.1122955],[-79.0801017,9.1125768],[-79.0799531,9.1128072],[-79.0798338,9.1129663],[-79.0797285,9.113091],[-79.0796273,9.1131975],[-79.0795341,9.1132891],[-79.0794446,9.1133793],[-79.0793496,9.1134736],[-79.0792543,9.1135689],[-79.07915,9.1136816],[-79.0790168,9.1138286],[-79.0788453,9.1140165],[-79.0786254,9.1142327],[-79.0784346,9.1144012],[-79.0782851,9.1145321],[-79.0781705,9.1146345],[-79.0780733,9.1147284],[-79.0779772,9.1148217],[-79.0778863,9.1149091],[-79.0777974,9.1149982],[-79.0777035,9.1150907],[-79.0776127,9.1151782],[-79.0775236,9.1152677],[-79.0774294,9.1153603],[-79.0773384,9.1154479],[-79.0772493,9.1155374],[-79.0771551,9.11563],[-79.0770641,9.1157177],[-79.0769749,9.1158072],[-79.0768807,9.1158998],[-79.0767898,9.1159875],[-79.0767006,9.1160769],[-79.0766064,9.1161695],[-79.0765155,9.1162572],[-79.0764263,9.1163467],[-79.0763321,9.1164393],[-79.0762411,9.116527],[-79.076152,9.1166164],[-79.0760578,9.116709],[-79.0759668,9.1167967],[-79.0758776,9.1168862],[-79.0757834,9.1169788],[-79.0756925,9.1170665],[-79.0756033,9.1171559],[-79.0755091,9.1172486],[-79.0754181,9.1173362],[-79.075329,9.1174257],[-79.0752348,9.1175183],[-79.0751438,9.117606],[-79.0750546,9.1176954],[-79.0749604,9.1177881],[-79.0748695,9.1178757],[-79.0747804,9.1179652],[-79.0746862,9.1180578],[-79.0745954,9.1181453],[-79.0745065,9.1182347],[-79.0744125,9.1183272],[-79.0743209,9.1184153],[-79.074228,9.1185068],[-79.0741217,9.1186059],[-79.0740001,9.1187096],[-79.0738492,9.1188307],[-79.0736305,9.1189917],[-79.0733499,9.1191832],[-79.0729869,9.1194158],[-79.0725812,9.1196095],[-79.0721897,9.1197197],[-79.0717748,9.1197617],[-79.0713897,9.1197588],[-79.0710969,9.119781],[-79.0708733,9.1199079],[-79.0706395,9.1201532],[-79.0703808,9.1204406],[-79.0700441,9.1207321],[-79.069629,9.1209625],[-79.0691676,9.1210893],[-79.068711,9.1211036],[-79.0683171,9.1210318],[-79.0680241,9.120924],[-79.0677709,9.1207955],[-79.0675205,9.1206693],[-79.0673017,9.1206493],[-79.0670666,9.1207691],[-79.0668139,9.1209617],[-79.0664819,9.1212069],[-79.0660904,9.1214288],[-79.0657083,9.1215921],[-79.0654202,9.121726],[-79.0652356,9.1219046],[-79.0651376,9.1221593],[-79.0650601,9.1225191],[-79.0649608,9.122903],[-79.0648744,9.1232186],[-79.0649032,9.1234054],[-79.0651147,9.1235131],[-79.0654918,9.1236398],[-79.0659249,9.1238575],[-79.0663172,9.124179],[-79.0666089,9.1245638],[-79.0667806,9.1249325],[-79.0668528,9.1252043],[-79.0668658,9.1254215],[-79.0668321,9.1256803],[-79.0667428,9.1260104],[-79.066593,9.1263565],[-79.0664001,9.1266611],[-79.066188,9.1268956],[-79.0659123,9.1271004],[-79.0655394,9.1272773],[-79.065112,9.1273892],[-79.0647043,9.1274298],[-79.0643982,9.1274427],[-79.0642321,9.1275008],[-79.0641379,9.1276228],[-79.064039,9.1278585],[-79.0638593,9.1282163],[-79.0635606,9.1285965],[-79.0631472,9.1289065],[-79.0626524,9.129087],[-79.0621256,9.1291133],[-79.0616203,9.1289948],[-79.0611827,9.1287744],[-79.0608356,9.1285157],[-79.0605603,9.1282417],[-79.060293,9.1278836],[-79.0600731,9.1274569],[-79.0599191,9.1270301],[-79.0597904,9.1266991],[-79.059608,9.1265283],[-79.0593876,9.1264548],[-79.0591389,9.1264344],[-79.0589427,9.12647],[-79.0588097,9.1265705],[-79.0587393,9.1266622],[-79.0587114,9.1267482],[-79.0587068,9.1268576],[-79.0587159,9.1270211],[-79.0587335,9.1272612],[-79.0587436,9.1275849],[-79.0587328,9.1279286],[-79.0587257,9.128239],[-79.0587561,9.1285433],[-79.0588594,9.1288428],[-79.0590757,9.129145],[-79.0593386,9.1294704],[-79.0595794,9.1297694],[-79.0597955,9.1299486],[-79.0600631,9.1299853],[-79.0604311,9.1299434],[-79.0608274,9.1299002],[-79.061175,9.1298613],[-79.0615106,9.1297927],[-79.0619342,9.129706],[-79.0624262,9.129683],[-79.0629273,9.1297702],[-79.063374,9.1299547],[-79.063717,9.1301636],[-79.0639471,9.1302872],[-79.0641454,9.1302918],[-79.0643875,9.1301804],[-79.0646583,9.1300408],[-79.0648798,9.1299449],[-79.0650872,9.1298856],[-79.0653665,9.1298456],[-79.0657295,9.1298251],[-79.0660947,9.1298181],[-79.0663828,9.1297684],[-79.0666042,9.1296243],[-79.0667427,9.1294221],[-79.0668264,9.1291642],[-79.0668347,9.1288897],[-79.0667791,9.1285363],[-79.0667346,9.1281152],[-79.0667511,9.1276933],[-79.0668327,9.1273282],[-79.0669873,9.1269841],[-79.0672024,9.126685],[-79.0674619,9.1264473],[-79.0678057,9.126222],[-79.0681779,9.1260173],[-79.0684898,9.1258021],[-79.0687012,9.1255068],[-79.0688804,9.1251723],[-79.0690634,9.1248753],[-79.06929,9.1246026],[-79.0696135,9.1243274],[-79.0700001,9.1240991],[-79.0703788,9.1239414],[-79.0707077,9.1238279],[-79.0710596,9.1237344],[-79.0714207,9.1236861],[-79.0717648,9.1236977],[-79.0721374,9.1237775],[-79.0725099,9.1239251],[-79.0728482,9.1241151],[-79.0731449,9.1243073],[-79.0734479,9.1245053],[-79.0737272,9.1246834],[-79.0739371,9.1247443],[-79.0741215,9.1246476],[-79.0743217,9.1244471],[-79.0745245,9.1242224],[-79.0747408,9.1239873],[-79.0750058,9.1237378],[-79.0752726,9.123528],[-79.0755489,9.1233318],[-79.0758414,9.1231338],[-79.0761591,9.1229044],[-79.076501,9.1226575],[-79.0768007,9.1224185],[-79.0770211,9.1222318],[-79.0772216,9.1220478],[-79.0774648,9.1218287],[-79.07771,9.1216284],[-79.0779784,9.121423],[-79.0782871,9.1212163],[-79.0786118,9.121037],[-79.0789333,9.120889],[-79.0793067,9.1207661],[-79.0797285,9.1206946],[-79.0801993,9.1207029],[-79.0806763,9.1208252],[-79.0811098,9.1210694],[-79.0814586,9.1214137],[-79.0816998,9.1218076],[-79.0818369,9.122176],[-79.0819053,9.1224454],[-79.0819506,9.1226454],[-79.0820059,9.1228704],[-79.0820786,9.1232061],[-79.0821319,9.1236283],[-79.0821544,9.1240806],[-79.0821552,9.1244633],[-79.0821466,9.1247536],[-79.0821544,9.1248939],[-79.0821874,9.1249112],[-79.0822351,9.1248122],[-79.0822524,9.1245701],[-79.082268,9.1242522],[-79.0822875,9.1239139],[-79.0823223,9.1235394],[-79.0823834,9.1231709],[-79.0824602,9.122873],[-79.0825126,9.1226985],[-79.0825383,9.1226028],[-79.0825482,9.1225376],[-79.0825507,9.1224645],[-79.0825512,9.1223527],[-79.0825549,9.1221871],[-79.0825663,9.1220357],[-79.0825934,9.1218585],[-79.082648,9.1215885],[-79.0827317,9.1212157],[-79.0828368,9.1207628],[-79.0830221,9.1202852],[-79.0833168,9.1198493],[-79.0837029,9.1195028],[-79.084117,9.1192601],[-79.0844615,9.1190918],[-79.0846491,9.1189336],[-79.084727,9.1187753],[-79.0847388,9.1186344],[-79.0846904,9.118505],[-79.0845446,9.1184515],[-79.0842927,9.1184524],[-79.0839886,9.1184743],[-79.0836368,9.118489],[-79.0832958,9.118478],[-79.0830179,9.1184571],[-79.0827721,9.1184399],[-79.0825132,9.1184238],[-79.0822463,9.1184037],[-79.0819496,9.1183815],[-79.0816871,9.1183871],[-79.0814407,9.1184502],[-79.0811847,9.1185428],[-79.0809666,9.1186122],[-79.080728,9.11866],[-79.0803738,9.1186869],[-79.0799175,9.1186486],[-79.0794333,9.1184937],[-79.078996,9.1182042],[-79.0786637,9.1177961],[-79.0784717,9.117311],[-79.0784263,9.1168089],[-79.0784977,9.1163606],[-79.0786192,9.1160318],[-79.0787238,9.1158343],[-79.0788265,9.115696],[-79.0789429,9.1155802],[-79.079089,9.1154692],[-79.0793084,9.1153375],[-79.0796547,9.1151761],[-79.0800825,9.1150393],[-79.0805106,9.1149342],[-79.0808557,9.1147939],[-79.0810898,9.1145178],[-79.0813006,9.1141542],[-79.0815308,9.1137938],[-79.0817542,9.1135052],[-79.0819091,9.1133083],[-79.0820266,9.1131341],[-79.0821424,9.1129367],[-79.0822686,9.112693],[-79.0823939,9.1124455],[-79.0825182,9.1121791],[-79.0826304,9.1119216],[-79.0827459,9.1116289],[-79.082883,9.1113039],[-79.083008,9.1109879],[-79.0830483,9.1106913],[-79.082986,9.1103469],[-79.0828982,9.1099432],[-79.0828505,9.109555],[-79.0828448,9.1092707],[-79.0828526,9.1090796],[-79.082866,9.1089066],[-79.0828673,9.1087239],[-79.0828587,9.1084752],[-79.0828638,9.1081353],[-79.0829128,9.107756],[-79.0830083,9.1073905],[-79.0831429,9.1070574],[-79.0832863,9.1068008],[-79.0834045,9.1066314],[-79.0835093,9.1065036],[-79.0836089,9.1063962],[-79.0836982,9.1063005],[-79.0837818,9.1061954],[-79.0838737,9.1060597],[-79.0839903,9.1058731],[-79.0841208,9.1056861],[-79.0842328,9.105543],[-79.0843357,9.1054224],[-79.0844366,9.1053161],[-79.0845302,9.1052237],[-79.0846201,9.105133],[-79.0847145,9.1050404],[-79.0848053,9.1049529],[-79.0848944,9.1048636],[-79.0849886,9.104771],[-79.0850794,9.1046835],[-79.0851686,9.1045941],[-79.085263,9.1045014],[-79.0853552,9.1044133],[-79.0854481,9.1043223],[-79.0855515,9.1042251],[-79.0856602,9.1041271],[-79.0857733,9.1040194],[-79.085903,9.1038828],[-79.0860187,9.1037203],[-79.086159,9.1034903],[-79.0863572,9.1032148],[-79.0867181,9.1027969],[-79.0873989,9.102104],[-79.0884833,9.1010684],[-79.0896658,9.100187],[-79.0905925,9.0998685],[-79.0910858,9.0999526],[-79.0911726,9.1001846],[-79.0909909,9.1004524],[-79.0907204,9.1006662],[-79.0905083,9.1007999],[-79.0903468,9.1008921],[-79.0902362,9.1009619],[-79.0902461,9.1010064],[-79.0903802,9.1010213],[-79.0906121,9.1009934],[-79.09091,9.1009494],[-79.0912293,9.1009076],[-79.0915893,9.1008867],[-79.0919769,9.1009133],[-79.0924445,9.1010109],[-79.0932096,9.1012551],[-79.094526,9.1017027],[-79.0961735,9.1022055],[-79.0980231,9.102597],[-79.100006,9.1032934],[-79.101984,9.1047983],[-79.1037004,9.1071254],[-79.1050013,9.1099122],[-79.1058286,9.1126522],[-79.1062982,9.1148325],[-79.1065659,9.1161173],[-79.1066307,9.1167444],[-79.1065906,9.1170321],[-79.1065039,9.1172002],[-79.1063882,9.1173416],[-79.1062837,9.1174456],[-79.1061813,9.1175364],[-79.1060466,9.1176486],[-79.1058553,9.117802],[-79.1056475,9.1179807],[-79.1054646,9.1181864],[-79.1053059,9.1183802],[-79.1051884,9.1185267],[-79.1050953,9.118657],[-79.1050194,9.1187954],[-79.1049621,9.1189713],[-79.104965,9.1191556],[-79.1050757,9.1193691],[-79.1052848,9.1196576],[-79.1055032,9.1199677],[-79.1056853,9.1201855],[-79.1058466,9.1202044],[-79.1059972,9.120079],[-79.1061397,9.1199151],[-79.1062544,9.1197863],[-79.1063633,9.1196814],[-79.1065107,9.1195665],[-79.10673,9.1194248],[-79.1069856,9.1192837],[-79.1072135,9.1191604],[-79.1074157,9.1190531],[-79.1075669,9.1189618],[-79.1077045,9.1188669],[-79.1078607,9.1187558],[-79.1080766,9.1186195],[-79.1083305,9.1184989],[-79.1085962,9.1184388],[-79.1089764,9.1184862],[-79.1096729,9.1186961],[-79.1108802,9.1191103],[-79.1122953,9.1195637],[-79.1134253,9.119837],[-79.114083,9.1201003],[-79.1144266,9.1204509],[-79.1145639,9.1208572],[-79.1145596,9.1212707],[-79.1144439,9.1217159],[-79.1142453,9.1221362],[-79.1140355,9.1224736],[-79.1139178,9.1227082],[-79.1139052,9.122901],[-79.1140206,9.1230346],[-79.1142891,9.1231153],[-79.1145986,9.1231623],[-79.1148329,9.1231295],[-79.1149697,9.122955],[-79.1150126,9.1226509],[-79.1150316,9.1223191],[-79.1150477,9.1220189],[-79.1150758,9.1217254],[-79.1151234,9.1214112],[-79.1151721,9.1211315],[-79.1151756,9.1209262],[-79.1151299,9.1207472],[-79.1150626,9.1206126],[-79.1149767,9.1204875],[-79.1148748,9.1203385],[-79.1147624,9.1201066],[-79.1147114,9.1197631],[-79.1148286,9.1192323],[-79.1152352,9.1182214],[-79.1160651,9.1164183],[-79.1174911,9.1141102],[-79.1198271,9.1117949],[-79.123054,9.1100703],[-79.1264976,9.1094826],[-79.1288925,9.1102745],[-79.1297872,9.1119693],[-79.129628,9.1137807],[-79.1292421,9.1150257],[-79.1289397,9.1156849],[-79.1287544,9.1160217],[-79.1286489,9.1162072],[-79.1285537,9.116414],[-79.1283735,9.1168402],[-79.1279878,9.1177549],[-79.1273097,9.1193413],[-79.1265836,9.1211177],[-79.1260956,9.1222223],[-79.1258265,9.1227837],[-79.1256836,9.1230687],[-79.1256163,9.1231975],[-79.1255918,9.1232543],[-79.1255865,9.1232972],[-79.1255894,9.1233704],[-79.1255977,9.1235124],[-79.1255993,9.1237411],[-79.1255746,9.1239991],[-79.1255241,9.1242397],[-79.1254423,9.1244871],[-79.1253207,9.1247503],[-79.1251835,9.1249772],[-79.1250637,9.1251437],[-79.124945,9.1252932],[-79.1248087,9.1254576],[-79.1246469,9.1256562],[-79.1244559,9.1258837],[-79.1243201,9.1260623],[-79.1242418,9.126174],[-79.1242064,9.1262372],[-79.124195,9.1262777],[-79.1242009,9.1263179],[-79.1242338,9.1263595],[-79.1243233,9.1264021],[-79.124516,9.1264008],[-79.1248316,9.12637],[-79.1251538,9.1263552],[-79.1254096,9.12635],[-79.1256087,9.1263447],[-79.1257915,9.1263226],[-79.1260068,9.1262496],[-79.1261931,9.126062],[-79.1263941,9.1257555],[-79.1266157,9.1254351],[-79.126811,9.1251887],[-79.1269471,9.12504],[-79.1270691,9.1249328],[-79.1272181,9.1248232],[-79.1274314,9.1246866],[-79.1276748,9.1245449],[-79.1278898,9.1244039],[-79.1281062,9.1242315],[-79.1283894,9.1239672],[-79.1289328,9.1235346],[-79.1300139,9.1227563],[-79.1317652,9.1215434],[-79.1339035,9.1202755],[-79.1360323,9.1193594],[-79.1379133,9.1192089],[-79.1393017,9.1197649],[-79.1401428,9.1205942],[-79.1404974,9.1212298],[-79.140617,9.1216363],[-79.1406636,9.1219581],[-79.1407009,9.122323],[-79.1407104,9.1228249],[-79.1406676,9.1234517],[-79.1405804,9.1239361],[-79.1404387,9.1243599],[-79.1402932,9.1247676],[-79.1402307,9.1251874],[-79.1402117,9.1256168],[-79.1402282,9.1260167],[-79.1403114,9.1264092],[-79.1404378,9.1268264],[-79.1405483,9.1272579],[-79.1406282,9.1276029],[-79.1407418,9.1277457],[-79.1409587,9.1277198],[-79.1412994,9.1276363],[-79.1417203,9.1276248],[-79.1421877,9.1277761],[-79.1427428,9.1281179],[-79.1432725,9.1285021],[-79.1435951,9.1288105],[-79.1437723,9.1290702],[-79.1438928,9.12928],[-79.1440239,9.1294634],[-79.1442068,9.1295468],[-79.1445473,9.1295396],[-79.145162,9.1296489],[-79.1462521,9.1300229],[-79.1478735,9.1306423],[-79.1493881,9.1312197],[-79.150294,9.131602],[-79.150802,9.1318369],[-79.1511913,9.1319475],[-79.1517584,9.1319535],[-79.1528104,9.1319898],[-79.1545905,9.1321457],[-79.1566007,9.1324068],[-79.158004,9.1325881],[-79.1587981,9.1327529],[-79.1591889,9.1328875],[-79.1593766,9.1329951],[-79.1594888,9.1330893],[-79.159581,9.1331838],[-79.1596643,9.133274],[-79.1597509,9.1333643],[-79.1598437,9.1334664],[-79.1599372,9.1335831],[-79.1600447,9.1337348],[-79.1601829,9.1339522],[-79.1603192,9.1341827],[-79.1604428,9.1343384],[-79.1605972,9.1344134],[-79.1608122,9.134419],[-79.1610757,9.1343326],[-79.1613944,9.13419],[-79.1616855,9.1340454],[-79.1618345,9.1338987],[-79.1618085,9.1337127],[-79.161683,9.1335346],[-79.1614809,9.1333868],[-79.1612276,9.133238],[-79.1610052,9.1330969],[-79.1608496,9.1329857],[-79.1607283,9.132888],[-79.1606301,9.1327989],[-79.1605564,9.1327318],[-79.1604948,9.1326945],[-79.1604197,9.1326788],[-79.1603054,9.1326739],[-79.16014,9.1326702],[-79.1599984,9.1326596],[-79.1598546,9.1326288],[-79.1596681,9.1325521],[-79.1594597,9.1323957],[-79.159233,9.132107],[-79.1587804,9.1315485],[-79.1576687,9.1306232],[-79.1558346,9.1295833],[-79.1534888,9.1286741],[-79.1511249,9.1277629],[-79.1492681,9.1266083],[-79.1481661,9.125139],[-79.1477929,9.1235046],[-79.1477284,9.1218559],[-79.1474876,9.1201475],[-79.1471945,9.1184065],[-79.1471881,9.1167339],[-79.1473857,9.1153671],[-79.1475331,9.1144066],[-79.1476948,9.1139835],[-79.1479214,9.113917],[-79.148142,9.1139586],[-79.1483261,9.1139448],[-79.1483892,9.1137492],[-79.1483722,9.1133797],[-79.1483064,9.1129688],[-79.1481681,9.1126945],[-79.1479252,9.112516],[-79.1476437,9.1123599],[-79.1472246,9.1120699],[-79.146529,9.1113657],[-79.1455763,9.1099397],[-79.1449398,9.1080204],[-79.1452448,9.1060269],[-79.1466897,9.1044855],[-79.1489464,9.1036888],[-79.1514299,9.1035762],[-79.1535061,9.1037593],[-79.1547166,9.1039303],[-79.1554162,9.104052],[-79.1560241,9.1041618],[-79.156756,9.1043172],[-79.1573105,9.1045232],[-79.1577162,9.1047823],[-79.1580008,9.1049968],[-79.158216,9.105043],[-79.1584301,9.1049345],[-79.1587643,9.1047078],[-79.1593251,9.104385],[-79.1601123,9.1039011],[-79.160726,9.1034989],[-79.1611343,9.1032669],[-79.1614191,9.1031305],[-79.1616835,9.1030306],[-79.1619177,9.102965],[-79.1621335,9.1029203],[-79.1623467,9.1028871],[-79.1624923,9.1028575],[-79.1625194,9.1028032],[-79.1624447,9.102711],[-79.1623491,9.1026184],[-79.1622471,9.1025235],[-79.1621538,9.1024193],[-79.162084,9.1022942],[-79.162034,9.1020991],[-79.1619871,9.1017387],[-79.1618617,9.1011097],[-79.1613598,9.1002396],[-79.1601223,9.0995254],[-79.1581888,9.0989502],[-79.1559869,9.0981644],[-79.1540795,9.0971311],[-79.1528285,9.0962687],[-79.1521789,9.0957169],[-79.1518147,9.0953723],[-79.1515544,9.0951114],[-79.1513751,9.0949384],[-79.151203,9.0948026],[-79.1509953,9.0946688],[-79.1507866,9.0945351],[-79.1506157,9.0944328],[-79.150398,9.0943021],[-79.149977,9.0940002],[-79.149139,9.0932883],[-79.1478113,9.0919019],[-79.146722,9.0898995],[-79.146456,9.0873907],[-79.1469753,9.0846261],[-79.1477528,9.0817087],[-79.1481983,9.078565],[-79.1481689,9.0753112],[-79.1477563,9.0721709],[-79.147148,9.069248],[-79.1466909,9.0663835],[-79.1466184,9.0636211],[-79.1470341,9.0610495],[-79.1478476,9.0585876],[-79.1490213,9.0563598],[-79.1504961,9.0544591],[-79.1523119,9.0528813],[-79.154495,9.0515236],[-79.1569702,9.0502874],[-79.1594592,9.0492846],[-79.1615004,9.0486489],[-79.1627037,9.0483288],[-79.1633197,9.0482008],[-79.1637104,9.0481541],[-79.164101,9.0481215],[-79.1644737,9.0481169],[-79.1647677,9.0481245],[-79.1650749,9.0481441],[-79.1654862,9.0481974],[-79.1659241,9.0483167],[-79.1662836,9.0484728],[-79.1664983,9.0485923],[-79.1666304,9.0486902],[-79.1667319,9.0487799],[-79.166826,9.048873],[-79.1669129,9.0489628],[-79.1670017,9.049051],[-79.1670942,9.0491444],[-79.1671821,9.0492345],[-79.1672719,9.0493228],[-79.1673649,9.0494159],[-79.1674529,9.0495059],[-79.167543,9.049596],[-79.1676377,9.0496981],[-79.1677323,9.0498159],[-79.1678409,9.049973],[-79.1679799,9.0502079],[-79.1681148,9.0504828],[-79.1682278,9.0507282],[-79.1683456,9.0509351],[-79.1684822,9.0511313],[-79.1686004,9.0512686],[-79.168726,9.0513536],[-79.1688958,9.0514163],[-79.169167,9.051496],[-79.1695402,9.0516451],[-79.1699324,9.0518784],[-79.1702762,9.0521582],[-79.1705522,9.0524095],[-79.1708037,9.0525872],[-79.1710607,9.0527322],[-79.1712899,9.0528578],[-79.1715428,9.0530012],[-79.1718666,9.0532041],[-79.1721768,9.0534319],[-79.1724225,9.0536032],[-79.1726714,9.0537277],[-79.1729571,9.0537973],[-79.1732603,9.0538515],[-79.173533,9.0539059],[-79.1738166,9.0539777],[-79.1741842,9.0540951],[-79.1745635,9.0542543],[-79.1748843,9.0543938],[-79.1751536,9.0544541],[-79.1754102,9.0544642],[-79.1756145,9.0544621],[-79.1758232,9.0544624],[-79.1760899,9.0544743],[-79.1764382,9.0545103],[-79.1768194,9.0545884],[-79.1771512,9.054678],[-79.1774631,9.0547573],[-79.1778035,9.0548488],[-79.1781344,9.0549637],[-79.1784223,9.0550857],[-79.1787127,9.0552218],[-79.1789823,9.0553623],[-79.1792531,9.0555121],[-79.1794759,9.0556572],[-79.1796234,9.0557737],[-79.1797324,9.0558834],[-79.1798479,9.0560315],[-79.1799916,9.0562547],[-79.1801393,9.0565237],[-79.1802774,9.0567851],[-79.1804103,9.0570504],[-79.180528,9.0572779],[-79.1806321,9.0574776],[-79.180721,9.0576258],[-79.180813,9.057757],[-79.1809226,9.0578954],[-79.1810674,9.0580671],[-79.1812338,9.0582313],[-79.1814419,9.0583605],[-79.1816939,9.0584788],[-79.181941,9.0585802],[-79.1822207,9.0586862],[-79.1825118,9.0588169],[-79.1827481,9.0589468],[-79.1828992,9.0590321],[-79.18302,9.0590802],[-79.1831823,9.0591108],[-79.1834528,9.0591474],[-79.1838148,9.0592096],[-79.1842184,9.0592981],[-79.1846391,9.0593976],[-79.1850805,9.0595519],[-79.1854889,9.0597754],[-79.1858155,9.0600336],[-79.1860496,9.0602702],[-79.1862606,9.0605152],[-79.1864824,9.0607881],[-79.1867127,9.0610513],[-79.1869767,9.0612751],[-79.1872542,9.0614663],[-79.1875174,9.0615859],[-79.1878005,9.0616074],[-79.1881608,9.0615623],[-79.1885298,9.0614938],[-79.1888262,9.0613739],[-79.1890754,9.061146],[-79.1893332,9.0608531],[-79.1895845,9.0605774],[-79.1897604,9.0603605],[-79.189831,9.060171],[-79.1897892,9.0600092],[-79.1896147,9.0598458],[-79.1893516,9.0596459],[-79.1890734,9.0594288],[-79.188763,9.0591975],[-79.188398,9.0589561],[-79.1880097,9.0587135],[-79.1876282,9.0585225],[-79.1872608,9.0583336],[-79.1868594,9.0580787],[-79.186459,9.057743],[-79.1860746,9.0573595],[-79.1856872,9.0569722],[-79.185339,9.0565575],[-79.1850564,9.056115],[-79.1848222,9.0556503],[-79.1846327,9.0551614],[-79.1844532,9.0547064],[-79.1842124,9.054343],[-79.1839651,9.0540503],[-79.1837605,9.0538443],[-79.1835332,9.0536524],[-79.1832261,9.053413],[-79.1828834,9.0531274],[-79.1825509,9.0528889],[-79.18222,9.0528156],[-79.1818958,9.0528549],[-79.1815338,9.0529828],[-79.1811366,9.0531877],[-79.1807072,9.053383],[-79.1802882,9.0535105],[-79.1799392,9.0535677],[-79.1796582,9.0535921],[-79.1793663,9.0536023],[-79.1791099,9.0535924],[-79.1789278,9.053575],[-79.1787783,9.0535537],[-79.1786029,9.0535193],[-79.1783496,9.0534613],[-79.1780714,9.0533851],[-79.1778142,9.0533187],[-79.1775025,9.0532334],[-79.1771141,9.0530763],[-79.1767202,9.0528262],[-79.1763889,9.0525105],[-79.1761559,9.0521961],[-79.176013,9.0519507],[-79.1759035,9.0517066],[-79.1758003,9.0514035],[-79.1757162,9.05108],[-79.1756412,9.0507781],[-79.1755569,9.0504406],[-79.1754936,9.0500223],[-79.1754951,9.0495747],[-79.1755524,9.0491776],[-79.1755965,9.0489006],[-79.1755503,9.0487321],[-79.1753832,9.0486076],[-79.1751288,9.048502],[-79.1748072,9.0484309],[-79.1744327,9.0483737],[-79.1740598,9.0483531],[-79.1736568,9.0483938],[-79.1732031,9.0484274],[-79.1727326,9.0483929],[-79.1722959,9.048279],[-79.1719407,9.0481248],[-79.1716842,9.047992],[-79.1714523,9.0478582],[-79.1712568,9.0477242],[-79.1711242,9.0476164],[-79.1710252,9.0475214],[-79.1709226,9.0474092],[-79.1708014,9.0472658],[-79.1706845,9.0471358],[-79.1705531,9.0470176],[-79.1704041,9.046893],[-79.1702798,9.0467861],[-79.1701668,9.0466866],[-79.1700626,9.0465892],[-79.1699689,9.0465021],[-79.1698707,9.0464252],[-79.1697547,9.0463534],[-79.1696087,9.0462863],[-79.1694808,9.046254],[-79.1693572,9.0462822],[-79.1692108,9.0463993],[-79.1690402,9.0466361],[-79.1687928,9.0469682],[-79.1684577,9.0472994],[-79.1680737,9.0475566],[-79.1677209,9.0477112],[-79.1674873,9.0477793],[-79.1673492,9.0478018],[-79.1672385,9.0478009],[-79.1671122,9.0477868],[-79.16699,9.047768],[-79.1668885,9.0477422],[-79.166774,9.0476923],[-79.1665883,9.0475841],[-79.1663053,9.0473782],[-79.1660023,9.0470861],[-79.1657388,9.0467575],[-79.1655249,9.0464643],[-79.1653233,9.0462447],[-79.1651127,9.0459778],[-79.1648976,9.0454663],[-79.1647455,9.0444589],[-79.1647997,9.0428731],[-79.1655285,9.0410897],[-79.1671213,9.0394475],[-79.169362,9.0380056],[-79.1718277,9.0365276],[-79.1741988,9.0347506],[-79.1761239,9.0331111],[-79.1772049,9.0321629],[-79.1777807,9.0316929],[-79.1782036,9.0314438],[-79.1786241,9.0313146],[-79.1790445,9.0312729],[-79.179412,9.0312757],[-79.1796885,9.031252],[-79.1799677,9.0311695],[-79.1803161,9.0310427],[-79.1806612,9.0309236],[-79.1808938,9.0308065],[-79.1809992,9.0306474],[-79.181008,9.0304387],[-79.1809214,9.0301679],[-79.1807798,9.0297865],[-79.1806807,9.0293227],[-79.1806852,9.0288311],[-79.1808051,9.0283724],[-79.1810132,9.0280007],[-79.1812751,9.0277382],[-79.1816424,9.0275136],[-79.1820553,9.0273418],[-79.182434,9.0272055],[-79.1827975,9.0270503],[-79.1832093,9.0268947],[-79.1836589,9.0267966],[-79.1840999,9.0267823],[-79.1844783,9.0268342],[-79.1847794,9.0269097],[-79.1850263,9.0269857],[-79.1851658,9.027004],[-79.1852061,9.0269206],[-79.1851782,9.0267147],[-79.1851353,9.0264504],[-79.1850958,9.0262116],[-79.1850445,9.0259814],[-79.1849583,9.0258207],[-79.1847881,9.0257312],[-79.1845281,9.0256684],[-79.1842579,9.0256081],[-79.1839436,9.0255231],[-79.1836317,9.0254036],[-79.1833917,9.0252762],[-79.1832598,9.0251668],[-79.1832345,9.0250383],[-79.183373,9.0248178],[-79.183784,9.0243873],[-79.1845887,9.0236841],[-79.1855812,9.0230195],[-79.186228,9.022812],[-79.1865543,9.0229764],[-79.1866744,9.023291],[-79.1867114,9.0235868],[-79.1867388,9.0238488],[-79.1867862,9.0240208],[-79.1868862,9.0241025],[-79.187027,9.0241437],[-79.1872312,9.0241842],[-79.1875262,9.0242525],[-79.1878492,9.0243548],[-79.1881605,9.0244765],[-79.1885179,9.0246479],[-79.1888983,9.0249105],[-79.1892288,9.0252573],[-79.1894547,9.0256429],[-79.1895574,9.0260233],[-79.1895513,9.026464],[-79.1894229,9.0269268],[-79.1891791,9.0273529],[-79.188862,9.0276944],[-79.1885483,9.0279294],[-79.1883172,9.028074],[-79.1881233,9.0281915],[-79.1879468,9.0283203],[-79.1878747,9.0284647],[-79.1879249,9.0286493],[-79.1880955,9.0288044],[-79.1884174,9.0289332],[-79.1888078,9.0290865],[-79.1891764,9.0292676],[-79.189469,9.029425],[-79.1897011,9.0295086],[-79.1899197,9.0295401],[-79.1901277,9.0295513],[-79.1903456,9.0295501],[-79.1906299,9.0295449],[-79.1909169,9.0295519],[-79.1911463,9.0295585],[-79.1913844,9.0295662],[-79.1916664,9.0295884],[-79.1919996,9.0296293],[-79.1923659,9.0297045],[-79.1927146,9.0298164],[-79.1930164,9.0299462],[-79.193323,9.0301054],[-79.1936125,9.0302916],[-79.193888,9.0305051],[-79.1941616,9.0307713],[-79.1943935,9.0310482],[-79.1946231,9.0313637],[-79.1948489,9.0317238],[-79.1950328,9.032039],[-79.1951958,9.0321911],[-79.1954162,9.0322072],[-79.1957425,9.0321562],[-79.1961365,9.0321143],[-79.196549,9.0321141],[-79.1969474,9.0321595],[-79.1972959,9.0322317],[-79.1975919,9.0322896],[-79.197953,9.0323386],[-79.198476,9.0324077],[-79.1990059,9.032529],[-79.1994783,9.0327067],[-79.1998714,9.0328858],[-79.2002067,9.0329649],[-79.2005759,9.0328986],[-79.201012,9.0327845],[-79.2014919,9.0327081],[-79.2019745,9.0327019],[-79.2024264,9.0327734],[-79.2028237,9.0329213],[-79.2031453,9.0331263],[-79.2033935,9.0333668],[-79.2036492,9.0336819],[-79.2039184,9.0339831],[-79.2042432,9.034168],[-79.2046247,9.034286],[-79.2050173,9.034405],[-79.2053374,9.0345247],[-79.2055961,9.0346237],[-79.2058545,9.0347041],[-79.2060425,9.0346989],[-79.2062002,9.0345933],[-79.2063341,9.0344166],[-79.2063461,9.0342333],[-79.206203,9.0340048],[-79.2059659,9.0336984],[-79.2057294,9.0333634],[-79.2055233,9.0330806],[-79.2053014,9.0328584],[-79.2050582,9.0326494],[-79.2048029,9.0324235],[-79.2045417,9.0321392],[-79.2043367,9.0318325],[-79.2041849,9.0314908],[-79.2040927,9.0310727],[-79.2040925,9.0306142],[-79.2041897,9.0301733],[-79.2043511,9.0298079],[-79.2045181,9.0295544],[-79.2046762,9.029375],[-79.2048795,9.029199],[-79.2052005,9.028979],[-79.2056137,9.028788],[-79.2060564,9.0286843],[-79.2064766,9.0286862],[-79.2069232,9.0288003],[-79.2073638,9.0290277],[-79.2077664,9.0293417],[-79.2081337,9.0296935],[-79.2085023,9.0300509],[-79.2088284,9.0304398],[-79.2090684,9.0308572],[-79.2092064,9.0312625],[-79.2092632,9.0316017],[-79.2092832,9.0318894],[-79.2092848,9.0322155],[-79.2092587,9.0325492],[-79.209217,9.0328511],[-79.2091673,9.0331672],[-79.2091473,9.0334266],[-79.2092286,9.0335767],[-79.2094122,9.0336609],[-79.2095998,9.0337054],[-79.2097815,9.0337252],[-79.2100162,9.0337424],[-79.210376,9.0337897],[-79.2107998,9.0339208],[-79.2112125,9.0341593],[-79.2115576,9.0344937],[-79.2118068,9.0348821],[-79.2119674,9.0352584],[-79.2120916,9.0355558],[-79.2122668,9.0357934],[-79.212547,9.0360615],[-79.2128551,9.0363915],[-79.2131217,9.0367462],[-79.2133376,9.0370565],[-79.2135554,9.0373195],[-79.2137623,9.0375111],[-79.2140003,9.0376509],[-79.2142711,9.0377821],[-79.2145288,9.0379056],[-79.2148,9.0380318],[-79.2150486,9.0381426],[-79.2152959,9.0382237],[-79.2155246,9.0382425],[-79.2158272,9.0382059],[-79.2162731,9.0381518],[-79.2168181,9.0381251],[-79.217425,9.0381174],[-79.2179167,9.0381254],[-79.2183061,9.0381606],[-79.2185953,9.0382176],[-79.2188587,9.0382976],[-79.2190824,9.0383671],[-79.2193253,9.0384278],[-79.2196197,9.0384994],[-79.219899,9.0385791],[-79.2201061,9.0386319],[-79.2202959,9.0386578],[-79.22052,9.0386689],[-79.2207521,9.0386749],[-79.2209143,9.0386481],[-79.2210387,9.0385523],[-79.2211912,9.0383488],[-79.221424,9.038058],[-79.2217196,9.0377729],[-79.2220084,9.0375621],[-79.222205,9.0374444],[-79.2223322,9.0373777],[-79.222455,9.037319],[-79.2226179,9.037242],[-79.2228295,9.037153],[-79.2230347,9.0370798],[-79.2232872,9.0370093],[-79.2236515,9.0369341],[-79.2240698,9.0368754],[-79.2244831,9.036808],[-79.224922,9.0366959],[-79.2253704,9.0366044],[-79.2257544,9.0365722],[-79.2260309,9.0365816],[-79.2262835,9.0366211],[-79.2265586,9.0366739],[-79.2268534,9.0366982],[-79.2272443,9.0367022],[-79.2276974,9.0367504],[-79.2281402,9.0368659],[-79.228506,9.0370082],[-79.2287639,9.0370948],[-79.2289812,9.0371104],[-79.2292055,9.0370786],[-79.2294351,9.0370126],[-79.2297082,9.0369202],[-79.2299771,9.0368292],[-79.2302261,9.0367282],[-79.2304953,9.0366086],[-79.2307656,9.0364839],[-79.2310849,9.0363562],[-79.2314791,9.0362409],[-79.2320863,9.0361372],[-79.2329978,9.036069],[-79.2341818,9.0360343],[-79.2350107,9.0360117],[-79.2355616,9.0359894],[-79.2360001,9.0359756],[-79.236373,9.0359832],[-79.2366878,9.0359971],[-79.2370179,9.0360154],[-79.2373565,9.036059],[-79.237669,9.036126],[-79.2379895,9.0362097],[-79.2383334,9.0362764],[-79.2388303,9.0363315],[-79.2395752,9.0364083],[-79.2402544,9.0365475],[-79.2408023,9.0367681],[-79.2412194,9.0370398],[-79.2415303,9.0372901],[-79.2417915,9.0374625],[-79.2420275,9.0375858],[-79.2421959,9.0376571],[-79.2423476,9.037699],[-79.2425462,9.0377396],[-79.2428133,9.0377994],[-79.2430628,9.0378712],[-79.2432174,9.0379172],[-79.2433206,9.0379421],[-79.2434317,9.0379575],[-79.2436033,9.0379653],[-79.2438583,9.037967],[-79.244296,9.0379572],[-79.2449675,9.0379228],[-79.2455223,9.0378385],[-79.2459839,9.0376858],[-79.2464405,9.0375192],[-79.2469126,9.0373976],[-79.2473777,9.0373256],[-79.2478,9.0372427],[-79.2481709,9.037057],[-79.2485673,9.03681],[-79.2490015,9.0365922],[-79.2494434,9.0364527],[-79.2498807,9.0363916],[-79.2503631,9.0364198],[-79.2508521,9.0365688],[-79.2512902,9.0368392],[-79.2516304,9.0371893],[-79.2518533,9.0375358],[-79.251981,9.037778],[-79.2520822,9.0379026],[-79.2522199,9.0379586],[-79.252451,9.0379867],[-79.2528205,9.0380246],[-79.2532234,9.0381034],[-79.2535603,9.038189],[-79.2538448,9.0382356],[-79.2541584,9.038249],[-79.2544552,9.0382451],[-79.2546742,9.0381922],[-79.2548509,9.0380475],[-79.2549761,9.0377782],[-79.2550802,9.0374749],[-79.2551591,9.037212],[-79.2552482,9.0369179],[-79.2553986,9.0365395],[-79.2556399,9.0361423],[-79.2559507,9.0357966],[-79.2562571,9.035542],[-79.2564523,9.0353742],[-79.2564912,9.035241],[-79.2564042,9.0351197],[-79.2562174,9.0350558],[-79.2559117,9.0350271],[-79.2555515,9.0349951],[-79.2551827,9.0349552],[-79.2547696,9.0348998],[-79.2543487,9.0348026],[-79.2539608,9.0346453],[-79.2536413,9.0344322],[-79.2534059,9.0341693],[-79.2532105,9.0337945],[-79.2530975,9.033333],[-79.2531009,9.0328375],[-79.2532202,9.0323639],[-79.2534193,9.0319569],[-79.2536495,9.0316313],[-79.2539312,9.0313471],[-79.2542204,9.0311343],[-79.2545321,9.0309652],[-79.2548864,9.0308391],[-79.25525,9.0307737],[-79.2555888,9.0307704],[-79.2559407,9.0308221],[-79.2562683,9.0309096],[-79.2565391,9.0309949],[-79.2568043,9.0310783],[-79.2570424,9.0311627],[-79.2571885,9.0312165],[-79.2572685,9.0312403],[-79.2573171,9.0312421],[-79.2573654,9.0312227],[-79.2574465,9.0311737],[-79.2575976,9.0310895],[-79.2578724,9.0309693],[-79.2582793,9.0308565],[-79.2587964,9.0307891],[-79.259383,9.0307715],[-79.259893,9.0307872],[-79.2603125,9.0308049],[-79.2607079,9.0307942],[-79.2611419,9.0307919],[-79.2616141,9.0308379],[-79.2620968,9.030959],[-79.2625282,9.0311509],[-79.2628507,9.0313529],[-79.2630446,9.0314742],[-79.2631879,9.0315338],[-79.2633458,9.0315677],[-79.2635663,9.0316061],[-79.2638561,9.0316703],[-79.2641331,9.0317555],[-79.2643251,9.0318268],[-79.2644586,9.0318808],[-79.2645854,9.0319425],[-79.2647752,9.0320565],[-79.2650574,9.0322733],[-79.2653499,9.0325986],[-79.2655765,9.0330123],[-79.2656913,9.0334806],[-79.2656787,9.0339649],[-79.2655509,9.0344308],[-79.2653431,9.0348587],[-79.2650943,9.0352573],[-79.2648318,9.0355942],[-79.2646156,9.0358494],[-79.2644134,9.0361004],[-79.2641443,9.0364083],[-79.2637885,9.0367068],[-79.2633749,9.0369309],[-79.2629616,9.0370518],[-79.2625998,9.0370775],[-79.2622353,9.037027],[-79.2618942,9.0369221],[-79.2616036,9.0367961],[-79.2613214,9.0366496],[-79.2610893,9.0365029],[-79.2609298,9.036385],[-79.2608078,9.0362832],[-79.2607116,9.0361922],[-79.2606453,9.0361238],[-79.2606028,9.0360837],[-79.2605669,9.0360604],[-79.2605112,9.0360377],[-79.2604071,9.0360017],[-79.2602338,9.0359462],[-79.2600334,9.035874],[-79.2598946,9.0358244],[-79.2598047,9.0358011],[-79.2597373,9.0357971],[-79.2596826,9.0358107],[-79.2596367,9.0358469],[-79.2596188,9.0359095],[-79.2596986,9.035997],[-79.2598824,9.0361201],[-79.2600782,9.0362543],[-79.2602322,9.0363648],[-79.2603722,9.0364624],[-79.2605243,9.0365608],[-79.2607177,9.0366794],[-79.2609074,9.0368099],[-79.2610516,9.0369212],[-79.2611728,9.0370234],[-79.2612796,9.0371236],[-79.2613725,9.0372165],[-79.2614635,9.0373057],[-79.2615566,9.0373992],[-79.2616443,9.0374892],[-79.2617342,9.0375774],[-79.2618292,9.0376717],[-79.2619254,9.0377664],[-79.2620388,9.0378698],[-79.2621869,9.0380019],[-79.262376,9.0381722],[-79.2625943,9.0383914],[-79.2627665,9.0385855],[-79.2629052,9.0387483],[-79.263024,9.038898],[-79.2631455,9.0390661],[-79.2632908,9.0392982],[-79.2634361,9.0395741],[-79.2635674,9.03985],[-79.2636968,9.0401639],[-79.2638161,9.040494],[-79.2639387,9.04086],[-79.2640293,9.0412878],[-79.2640502,9.0417455],[-79.2640099,9.0421844],[-79.2639747,9.0425629],[-79.264043,9.0428797],[-79.2642177,9.0432239],[-79.2644118,9.0435835],[-79.264588,9.0438917],[-79.2647828,9.044105],[-79.2650339,9.0442837],[-79.2652897,9.044447],[-79.2655452,9.0445967],[-79.2658125,9.0447343],[-79.2660971,9.0448158],[-79.2664284,9.0448635],[-79.2667321,9.0449074],[-79.2670498,9.0449703],[-79.2673234,9.0450468],[-79.2674901,9.045099],[-79.267584,9.0451252],[-79.2676412,9.0451341],[-79.2676964,9.0451288],[-79.2677686,9.0451001],[-79.2678589,9.0450233],[-79.2679101,9.0448573],[-79.2679175,9.0445812],[-79.267874,9.0443148],[-79.2677576,9.0440577],[-79.2675552,9.043733],[-79.2673546,9.0433631],[-79.2672051,9.0430119],[-79.2670899,9.0426979],[-79.266993,9.0423537],[-79.2669411,9.0419978],[-79.2669476,9.04166],[-79.2670179,9.0412993],[-79.2671495,9.0409489],[-79.2673228,9.040642],[-79.2675343,9.0403604],[-79.2677994,9.0400924],[-79.2680595,9.0398846],[-79.2683078,9.0397148],[-79.2685246,9.0395846],[-79.2686831,9.0394849],[-79.2688221,9.0393877],[-79.2689727,9.0392725],[-79.2691694,9.0391179],[-79.269378,9.0389392],[-79.2695597,9.0387353],[-79.2697165,9.0385476],[-79.2698329,9.038416],[-79.269931,9.038315],[-79.2700483,9.0382057],[-79.2702095,9.0380652],[-79.2703895,9.0379031],[-79.2706215,9.0376877],[-79.270954,9.0374348],[-79.2713658,9.0372202],[-79.2717958,9.0370895],[-79.2721635,9.0370374],[-79.2724168,9.0370181],[-79.2725776,9.0370033],[-79.2727077,9.0369735],[-79.2728772,9.0369136],[-79.2731314,9.0368282],[-79.2734332,9.0367551],[-79.2738119,9.0367106],[-79.2742546,9.0367348],[-79.2747076,9.036843],[-79.2751221,9.0369977],[-79.2754754,9.0371064],[-79.2757915,9.0370617],[-79.2760645,9.0368217],[-79.2763692,9.0364846],[-79.2767394,9.0361621],[-79.2771575,9.0359252],[-79.2775711,9.035799],[-79.2779312,9.0357712],[-79.2782917,9.0358194],[-79.278625,9.035917],[-79.2789047,9.036023],[-79.2791835,9.0361253],[-79.2794617,9.036197],[-79.2798362,9.0362447],[-79.2803847,9.0362947],[-79.2808965,9.036372],[-79.2813141,9.0364807],[-79.2816356,9.0365947],[-79.2819323,9.0367056],[-79.2821946,9.0367741],[-79.2824525,9.0367576],[-79.2826727,9.0365995],[-79.2828821,9.0363833],[-79.2831299,9.0361394],[-79.2834864,9.0358796],[-79.2839434,9.0356836],[-79.2844573,9.0356106],[-79.2849718,9.0356791],[-79.2854331,9.0358655],[-79.2858058,9.0361102],[-79.2860975,9.0363523],[-79.2863712,9.0366281],[-79.2866044,9.036907],[-79.2868378,9.0372309],[-79.2870378,9.0375965],[-79.2871667,9.0379318],[-79.2872268,9.038151],[-79.2872493,9.0382863],[-79.2872553,9.0384018],[-79.287265,9.0385225],[-79.2873118,9.0385745],[-79.2874143,9.0385295],[-79.2875421,9.0383756],[-79.2877252,9.0380872],[-79.2879784,9.0377555],[-79.2882696,9.0374687],[-79.2885254,9.0372767],[-79.2886792,9.0371786],[-79.2887791,9.037129],[-79.2888851,9.0370887],[-79.2890418,9.0370306],[-79.289269,9.0369306],[-79.2894801,9.0367876],[-79.2895615,9.0365872],[-79.2895742,9.036413],[-79.2895588,9.0363043],[-79.2895327,9.0362387],[-79.2894899,9.0361839],[-79.2894204,9.0361139],[-79.2893295,9.0360182],[-79.289228,9.0359001],[-79.2891083,9.0357485],[-79.2889522,9.0355277],[-79.2887758,9.0352484],[-79.2885779,9.0349067],[-79.2884039,9.0344897],[-79.2883108,9.0340434],[-79.2883222,9.0336141],[-79.2884497,9.03316],[-79.2886954,9.0327266],[-79.2890255,9.0323657],[-79.2893719,9.0321024],[-79.2896693,9.0319206],[-79.2899408,9.0317884],[-79.2901655,9.0317016],[-79.2904255,9.0316326],[-79.2907967,9.031581],[-79.291234,9.0315923],[-79.2916671,9.0316787],[-79.2920355,9.0318031],[-79.2923179,9.0318969],[-79.2925997,9.0319561],[-79.2929304,9.0320068],[-79.2932948,9.0320726],[-79.2936548,9.0321498],[-79.2940172,9.0322018],[-79.2945188,9.0322272],[-79.295238,9.0322365],[-79.2958053,9.0322367],[-79.2962721,9.0322386],[-79.2967511,9.0322675],[-79.2972142,9.0323473],[-79.2976148,9.0324434],[-79.2979876,9.032514],[-79.298375,9.0325772],[-79.2987752,9.0326603],[-79.2991525,9.0327646],[-79.2994712,9.0328489],[-79.2997213,9.0328653],[-79.2998824,9.0328535],[-79.3000002,9.0328223],[-79.3001485,9.0327576],[-79.3003852,9.032627],[-79.3006701,9.0324114],[-79.3010218,9.0321604],[-79.30141,9.0319514],[-79.3017786,9.0318192],[-79.3021087,9.0317451],[-79.3024537,9.0317062],[-79.302787,9.0316942],[-79.3031015,9.0316866],[-79.3034575,9.0316883],[-79.3038242,9.0317192],[-79.3041637,9.0317735],[-79.304498,9.0318458],[-79.3047933,9.0319273],[-79.3050118,9.0319815],[-79.3052149,9.0320083],[-79.305445,9.0320191],[-79.3056184,9.0320219],[-79.305766,9.0320208],[-79.3059245,9.0320176],[-79.3060561,9.03201],[-79.3061997,9.0319938],[-79.3063878,9.0319539],[-79.3066693,9.0318838],[-79.3070463,9.0318189],[-79.3074054,9.0317966],[-79.3076392,9.0317992],[-79.3078076,9.0318152],[-79.3080025,9.0318367],[-79.3082912,9.0318494],[-79.308648,9.0318081],[-79.3090371,9.0317452],[-79.309451,9.0316691],[-79.3098155,9.0315567],[-79.3101305,9.0313546],[-79.3104171,9.0311227],[-79.3106267,9.0309317],[-79.3107074,9.0307867],[-79.3106687,9.0306663],[-79.3105005,9.0305531],[-79.3102239,9.0304383],[-79.3099191,9.0303726],[-79.309688,9.0303444],[-79.3095136,9.0303314],[-79.309341,9.0303231],[-79.309196,9.0303107],[-79.3090265,9.0302854],[-79.3087651,9.0302368],[-79.3084038,9.0301671],[-79.3079629,9.0300891],[-79.3074969,9.0299514],[-79.3070588,9.0297311],[-79.3066812,9.0294512],[-79.3063622,9.0291742],[-79.3060532,9.0289603],[-79.3056828,9.0287439],[-79.3053294,9.0284862],[-79.3050593,9.028188],[-79.3048317,9.0277856],[-79.3046687,9.027326],[-79.3045453,9.0269007],[-79.3043666,9.0265893],[-79.3040542,9.0263388],[-79.3036882,9.0260708],[-79.3033556,9.0257685],[-79.3031072,9.0254817],[-79.302944,9.0252967],[-79.3028025,9.025226],[-79.3026212,9.0252388],[-79.3023538,9.0253014],[-79.3020655,9.0253586],[-79.3018264,9.0253952],[-79.3015987,9.0254229],[-79.3013281,9.0254544],[-79.3009803,9.0254885],[-79.3006004,9.0255232],[-79.300234,9.0255798],[-79.2999186,9.0256301],[-79.2997038,9.0256676],[-79.2995464,9.0257098],[-79.2993699,9.0257784],[-79.2991201,9.0258777],[-79.2988196,9.0259817],[-79.2984122,9.0260821],[-79.2979109,9.0261495],[-79.2973786,9.026182],[-79.2970212,9.0261949],[-79.2967629,9.0261989],[-79.2964942,9.0261975],[-79.2961897,9.0261905],[-79.2957253,9.0261744],[-79.2950276,9.0261397],[-79.2944312,9.0260781],[-79.2940028,9.0260011],[-79.2937334,9.0259487],[-79.2935204,9.0259244],[-79.2932954,9.0259214],[-79.2931371,9.02594],[-79.293005,9.0259884],[-79.2928412,9.0260724],[-79.292587,9.0261935],[-79.2922535,9.0263104],[-79.2919043,9.0263902],[-79.2916136,9.026437],[-79.2914177,9.0264761],[-79.2912594,9.0265302],[-79.291099,9.0266031],[-79.2909672,9.0266797],[-79.2908388,9.0267671],[-79.2906934,9.0268707],[-79.2905039,9.026997],[-79.2903112,9.0271126],[-79.2901594,9.0272082],[-79.2900163,9.0273016],[-79.2898459,9.0274059],[-79.289597,9.0275343],[-79.2892882,9.0276534],[-79.2889923,9.0277337],[-79.2887785,9.027781],[-79.2886069,9.0278206],[-79.288391,9.0278744],[-79.2880501,9.0279443],[-79.2876062,9.0279874],[-79.2871072,9.0279836],[-79.2866481,9.0279302],[-79.2862658,9.027841],[-79.2859655,9.0277489],[-79.2856698,9.0276456],[-79.2853772,9.027516],[-79.2851417,9.0273833],[-79.2849812,9.0272791],[-79.2848504,9.0271918],[-79.2847223,9.0271148],[-79.2845735,9.0270407],[-79.2844433,9.0269857],[-79.2843059,9.0269471],[-79.2841088,9.0269054],[-79.283831,9.0268427],[-79.2835484,9.0267662],[-79.2833174,9.0267144],[-79.2830754,9.0266895],[-79.2827716,9.0266818],[-79.2825251,9.026685],[-79.2822983,9.0266939],[-79.2820365,9.0266961],[-79.2817703,9.0266741],[-79.2815342,9.0266321],[-79.2812995,9.0265732],[-79.2810511,9.0265018],[-79.2808125,9.0264506],[-79.2805122,9.0264148],[-79.2800946,9.0263563],[-79.2796443,9.0262323],[-79.2792583,9.0260627],[-79.2789848,9.0259093],[-79.2787408,9.0257442],[-79.2784816,9.0255535],[-79.2782429,9.0254151],[-79.2779949,9.0253247],[-79.2776783,9.0252571],[-79.2773261,9.0251809],[-79.2770036,9.0250924],[-79.2767549,9.0250241],[-79.2765325,9.0249837],[-79.2763333,9.0249797],[-79.2761035,9.0250281],[-79.2757753,9.0251271],[-79.2754248,9.0252104],[-79.2751527,9.0252575],[-79.2749503,9.0252831],[-79.2747856,9.0253035],[-79.2746382,9.0253275],[-79.2746142,9.0253514],[-79.2747355,9.0253785],[-79.2749974,9.0254028],[-79.2753527,9.0254617],[-79.2757766,9.0255945],[-79.2761967,9.025825],[-79.2765489,9.0261405],[-79.276793,9.0264992],[-79.2769188,9.0268626],[-79.2769531,9.0272907],[-79.2768957,9.02774],[-79.276783,9.0281413],[-79.276708,9.0284338],[-79.276784,9.0286074],[-79.2770204,9.0287317],[-79.2773219,9.0288529],[-79.2776269,9.028979],[-79.2779826,9.0291495],[-79.2783617,9.0294065],[-79.2786914,9.0297361],[-79.2789231,9.0300767],[-79.2790563,9.030361],[-79.2791358,9.0306153],[-79.2791985,9.0308957],[-79.2792689,9.0312036],[-79.2793684,9.0315777],[-79.2794384,9.0320299],[-79.2794215,9.0325143],[-79.2793078,9.0329684],[-79.2791387,9.0333318],[-79.2789845,9.0335687],[-79.2788465,9.0337251],[-79.2786876,9.0338605],[-79.2784484,9.0340116],[-79.278085,9.0341783],[-79.2776389,9.0342947],[-79.2771804,9.0343276],[-79.2767833,9.0342979],[-79.2764869,9.0342675],[-79.2761933,9.0342523],[-79.275845,9.0342544],[-79.2755868,9.0342792],[-79.2753713,9.0343346],[-79.2751431,9.0344132],[-79.2749328,9.034481],[-79.2746751,9.034543],[-79.2743015,9.0345941],[-79.2738736,9.0345922],[-79.2734758,9.0345369],[-79.2731592,9.0344687],[-79.2728493,9.034387],[-79.2725498,9.0342896],[-79.2722916,9.0342022],[-79.2720256,9.034119],[-79.2717673,9.0340351],[-79.2715631,9.0339817],[-79.2713579,9.0339585],[-79.2711055,9.0339579],[-79.270895,9.0339797],[-79.2706775,9.0340296],[-79.270395,9.0341022],[-79.2701012,9.0341553],[-79.2698587,9.0341726],[-79.2696239,9.0341543],[-79.2693411,9.0340997],[-79.2690734,9.0340243],[-79.268879,9.033966],[-79.2686983,9.0339158],[-79.268452,9.0338376],[-79.2680874,9.0336827],[-79.2676889,9.0334186],[-79.2673433,9.0330524],[-79.2671036,9.0326222],[-79.266984,9.0321695],[-79.2669728,9.031673],[-79.2670626,9.0311895],[-79.2672021,9.030781],[-79.2673219,9.0304547],[-79.2673939,9.030201],[-79.2674452,9.0299273],[-79.2675243,9.0296054],[-79.2676661,9.0292678],[-79.2679128,9.028895],[-79.2682631,9.0285527],[-79.2686717,9.0282953],[-79.2690608,9.0281343],[-79.2693578,9.0280319],[-79.2696184,9.0279309],[-79.2699159,9.0278006],[-79.2702214,9.027657],[-79.2704635,9.0275516],[-79.270534,9.0275026],[-79.2704173,9.027494],[-79.2701015,9.0274983],[-79.2696818,9.0274581],[-79.2692475,9.0273621],[-79.2688492,9.0272506],[-79.2684728,9.0271715],[-79.2681062,9.0271048],[-79.2677093,9.0270199],[-79.2672939,9.0269104],[-79.2668605,9.0268087],[-79.266378,9.026745],[-79.265868,9.0266358],[-79.265383,9.0264192],[-79.2649774,9.0260812],[-79.2646925,9.0256473],[-79.2645477,9.0251707],[-79.264534,9.0247172],[-79.2646176,9.0243335],[-79.2647818,9.0239612],[-79.2649584,9.0236423],[-79.2650298,9.0234181],[-79.2649182,9.0232698],[-79.264722,9.0231619],[-79.2645444,9.0231028],[-79.2643541,9.0230783],[-79.2640944,9.0230678],[-79.2637534,9.0230472],[-79.2633349,9.0230106],[-79.2629247,9.0229477],[-79.2625786,9.0228666],[-79.2623174,9.0228013],[-79.2620561,9.0227439],[-79.2617427,9.0226731],[-79.2614226,9.0225896],[-79.2611281,9.0225237],[-79.2607917,9.0224662],[-79.2604367,9.0223964],[-79.2601187,9.0223163],[-79.2598671,9.0222592],[-79.2595936,9.0222199],[-79.2592183,9.0221776],[-79.25883,9.0221145],[-79.2584939,9.0220369],[-79.2582344,9.0219804],[-79.2579583,9.0219411],[-79.2575824,9.0218988],[-79.2571941,9.0218356],[-79.2568583,9.0217579],[-79.2565991,9.0217014],[-79.2563232,9.0216621],[-79.2559468,9.0216198],[-79.2555556,9.0215566],[-79.2552094,9.0214788],[-79.2549236,9.0214222],[-79.2545925,9.0213826],[-79.2541317,9.0213399],[-79.2536918,9.0212765],[-79.2533401,9.0211987],[-79.2530975,9.0211423],[-79.2528738,9.0211033],[-79.2525816,9.0210613],[-79.2522395,9.0209984],[-79.2518998,9.0209206],[-79.251572,9.0208638],[-79.2511345,9.0208237],[-79.2505031,9.0207802],[-79.2499504,9.0207163],[-79.2495359,9.0206382],[-79.2492466,9.0205815],[-79.248962,9.0205422],[-79.248584,9.0204998],[-79.2481905,9.0204366],[-79.2478352,9.0203588],[-79.2475241,9.0203021],[-79.2471389,9.0202622],[-79.2465921,9.0202191],[-79.2460918,9.0201554],[-79.2456943,9.0200774],[-79.2453902,9.0200207],[-79.2450549,9.0199811],[-79.2445899,9.0199384],[-79.2441269,9.019875],[-79.243695,9.0197969],[-79.2432423,9.0197395],[-79.2425785,9.0196975],[-79.2415989,9.0196487],[-79.2408106,9.0195735],[-79.2402529,9.0194716],[-79.2398547,9.0193728],[-79.2394832,9.0192865],[-79.2391134,9.0192361],[-79.2387587,9.0191945],[-79.238443,9.0191595],[-79.2381083,9.0191297],[-79.2376953,9.0190892],[-79.2372827,9.0190215],[-79.2369231,9.0189298],[-79.2366373,9.0188443],[-79.2363571,9.0187617],[-79.2360791,9.0186769],[-79.2358252,9.0186183],[-79.2355063,9.0185786],[-79.235048,9.018536],[-79.2346026,9.0184727],[-79.2342302,9.0183949],[-79.2339339,9.0183385],[-79.2335973,9.0182997],[-79.2331269,9.0182594],[-79.2326619,9.0182019],[-79.2322547,9.018135],[-79.2319175,9.018092],[-79.2316266,9.0180582],[-79.2313712,9.0180319],[-79.2310657,9.0180075],[-79.2306427,9.0179709],[-79.2302239,9.0179094],[-79.229873,9.0178319],[-79.2296074,9.0177753],[-79.2293292,9.017736],[-79.228955,9.0176942],[-79.2285773,9.0176331],[-79.2282752,9.0175607],[-79.2281003,9.0175147],[-79.2279931,9.0174902],[-79.2278903,9.0174755],[-79.2277492,9.0174667],[-79.2275714,9.0174579],[-79.2272908,9.0174423],[-79.2268543,9.0174091],[-79.2264159,9.0173487],[-79.2260373,9.0172712],[-79.2257165,9.0172143],[-79.2253283,9.0171743],[-79.2247802,9.0171309],[-79.2242767,9.0170672],[-79.2238685,9.016989],[-79.223537,9.0169322],[-79.2231457,9.0168923],[-79.2225978,9.0168491],[-79.2220975,9.0167854],[-79.2216993,9.0167073],[-79.2213936,9.0166504],[-79.2210564,9.0166107],[-79.2205939,9.0165677],[-79.2201528,9.0165042],[-79.2197994,9.0164273],[-79.2195575,9.0163751],[-79.2193474,9.0163491],[-79.2191103,9.0163385],[-79.2189265,9.0163356],[-79.2187574,9.0163353],[-79.2185575,9.0163336],[-79.2183666,9.0163277],[-79.2181235,9.0163131],[-79.2177647,9.0162804],[-79.2173708,9.0162201],[-79.2169883,9.0161426],[-79.2165997,9.0160853],[-79.2160507,9.0160445],[-79.2152464,9.0159999],[-79.2145729,9.0159352],[-79.2140664,9.0158567],[-79.2136533,9.0157994],[-79.2131447,9.0157589],[-79.2124231,9.0157148],[-79.2118,9.0156505],[-79.2113019,9.015572],[-79.210849,9.0155145],[-79.2102357,9.0154735],[-79.2093402,9.0154287],[-79.2085832,9.0153638],[-79.2079501,9.0152847],[-79.2072638,9.0152261],[-79.2062023,9.0151827],[-79.2046252,9.0151328],[-79.2034618,9.0150602],[-79.2027417,9.0149664],[-79.2023175,9.0148801],[-79.2019993,9.014797],[-79.2017254,9.014713],[-79.2015027,9.0146593],[-79.2012507,9.0146356],[-79.2009053,9.0146341],[-79.200574,9.0146548],[-79.2001011,9.0147035],[-79.1992103,9.0147759],[-79.1976637,9.014834],[-79.1954742,9.014874],[-79.193995,9.0149235],[-79.1931057,9.0149983],[-79.1924949,9.015068],[-79.1920277,9.0150962],[-79.1916106,9.0150944],[-79.1911296,9.015065],[-79.1906903,9.0150051],[-79.1903457,9.0149291],[-79.1901176,9.0148789],[-79.1899253,9.0148586],[-79.1896958,9.0148605],[-79.1894196,9.0148769],[-79.189093,9.0149253],[-79.1887138,9.0150125],[-79.1882809,9.0150905],[-79.1878789,9.0151242],[-79.187585,9.0151379],[-79.1873184,9.0151478],[-79.1870054,9.0151513],[-79.1866971,9.0151342],[-79.1864628,9.0151123],[-79.1862967,9.0151006],[-79.1861692,9.0151011],[-79.1860273,9.0151171],[-79.1858217,9.0151543],[-79.1855038,9.0152115],[-79.1851626,9.0152555],[-79.1848895,9.015303],[-79.1846416,9.0153909],[-79.1843064,9.0155107],[-79.1836793,9.0156682],[-79.1823739,9.0158696],[-79.1798286,9.0161471],[-79.1757727,9.0165029],[-79.1704493,9.0167068],[-79.1641633,9.0165025],[-79.1573626,9.0160109],[-79.1512292,9.0155246],[-79.1462021,9.0151344],[-79.142205,9.0148565],[-79.1390779,9.0146191],[-79.1365851,9.0142638],[-79.1344601,9.0136625],[-79.1326913,9.0128309],[-79.1315426,9.0118865],[-79.1314183,9.011158],[-79.1325903,9.0108716],[-79.1346095,9.0109232],[-79.136636,9.0109442],[-79.1377534,9.0106148],[-79.1372912,9.0098819],[-79.1352874,9.0090215],[-79.1322369,9.0083338],[-79.1286567,9.0081018],[-79.1249416,9.0084553],[-79.121358,9.009282],[-79.118145,9.0103888],[-79.1154731,9.0115816],[-79.1133666,9.0128423],[-79.1114215,9.0140458],[-79.1091131,9.0151094],[-79.1064253,9.0161442],[-79.1035813,9.0170988],[-79.1008716,9.0175503],[-79.0985661,9.016959],[-79.0969093,9.0152088],[-79.095856,9.0127534],[-79.0951042,9.0103623],[-79.0943948,9.0088483],[-79.0936236,9.0087685],[-79.0928724,9.010034],[-79.0919095,9.0120171],[-79.0904919,9.0139905],[-79.0887543,9.0154895],[-79.0871867,9.0163971],[-79.0862545,9.0164848],[-79.0862627,9.0156301],[-79.0868666,9.0139989],[-79.0867437,9.0119985],[-79.0857441,9.0098306],[-79.0841306,9.0074162],[-79.0820502,9.0048677],[-79.0793732,9.0023984],[-79.0760553,9.0000356],[-79.0723613,8.9976407],[-79.0688267,8.9951723],[-79.0661887,8.9928302],[-79.0647089,8.9907938],[-79.0640101,8.9891728],[-79.0635476,8.9880569],[-79.0631375,8.9873451],[-79.062435,8.9866511],[-79.0609986,8.9856244],[-79.0585492,8.984294],[-79.0552935,8.9829696],[-79.051525,8.9819292],[-79.047505,8.9812592],[-79.0434613,8.9808033],[-79.0395982,8.9803753],[-79.036133,8.9799031],[-79.0333804,8.9794776],[-79.0316507,8.9792472],[-79.0308072,8.9791256],[-79.0304443,8.9790431],[-79.0302742,8.9789613],[-79.0301693,8.9788714],[-79.030086,8.9787816],[-79.0299996,8.9786889],[-79.0299031,8.9785808],[-79.0298008,8.9784539],[-79.0296843,8.9782927],[-79.0295404,8.9780623],[-79.0293977,8.9777904],[-79.0292755,8.9775331],[-79.0291707,8.9772758],[-79.0291037,8.9770808],[-79.0290643,8.9769693],[-79.0290394,8.976908],[-79.029011,8.9768581],[-79.0289601,8.976782],[-79.0288763,8.9766519],[-79.0287569,8.9764413],[-79.0286437,8.976194],[-79.0285698,8.975998],[-79.0285266,8.975884],[-79.0284998,8.9758207],[-79.0284701,8.9757705],[-79.0284176,8.9756977],[-79.0283318,8.9755797],[-79.0282124,8.9754012],[-79.0280987,8.975212],[-79.028003,8.9750627],[-79.0279089,8.9749287],[-79.0278035,8.97479],[-79.0276741,8.974626],[-79.027544,8.9744903],[-79.0274005,8.9744345],[-79.0272428,8.9745231],[-79.027029,8.9747588],[-79.0267853,8.9750379],[-79.0265928,8.9752925],[-79.0265273,8.9755287],[-79.026559,8.9757724],[-79.0266694,8.9760563],[-79.0268303,8.9764396],[-79.0269543,8.9768726],[-79.0270061,8.97728],[-79.027003,8.9776596],[-79.0269399,8.9781054],[-79.0267875,8.9785851],[-79.0265226,8.979038],[-79.0261576,8.9794154],[-79.0257363,8.9796967],[-79.0253072,8.9798921],[-79.0248601,8.9800087],[-79.0244748,8.9800473],[-79.0242375,8.9800459],[-79.024083,8.9800214],[-79.0239303,8.9799771],[-79.0237343,8.9799162],[-79.0235359,8.9798778],[-79.0232912,8.979867],[-79.0229715,8.9798556],[-79.0226317,8.9798026],[-79.0223149,8.9796847],[-79.0219638,8.9794609],[-79.0216341,8.9791369],[-79.0213822,8.9787616],[-79.0212308,8.9784198],[-79.0211622,8.9782003],[-79.0211358,8.9780728],[-79.0211278,8.9779767],[-79.0211223,8.9778872],[-79.0211036,8.977781],[-79.021047,8.9776438],[-79.0209124,8.9775158],[-79.0207011,8.977378],[-79.0205065,8.9772498],[-79.020381,8.9771626],[-79.0203026,8.9771045],[-79.0202449,8.9770496],[-79.0201722,8.9769499],[-79.0200573,8.9767417],[-79.0199119,8.9763786],[-79.019826,8.9759069],[-79.0198621,8.9753944],[-79.0200335,8.9749054],[-79.0203053,8.9744891],[-79.0205985,8.9741671],[-79.0208187,8.973919],[-79.0209723,8.9736747],[-79.0210735,8.9734655],[-79.0211139,8.973304],[-79.0211012,8.9731966],[-79.0210276,8.9730987],[-79.0208753,8.9729672],[-79.0206721,8.9727711],[-79.0204808,8.9725132],[-79.0202914,8.9721397],[-79.020165,8.9717075],[-79.0201259,8.9712991],[-79.0201519,8.9709291],[-79.0202317,8.9705361],[-79.020328,8.9701695],[-79.0203476,8.9698886],[-79.0201992,8.9696968],[-79.0199567,8.969544],[-79.0197058,8.9694176],[-79.0194356,8.969299],[-79.0191815,8.9691984],[-79.0189058,8.9691045],[-79.0186187,8.9690017],[-79.0183577,8.9689064],[-79.0180751,8.9688028],[-79.0177864,8.9686736],[-79.0175536,8.9685424],[-79.0173985,8.968444],[-79.0172768,8.9683744],[-79.0171549,8.9683404],[-79.0169806,8.9683495],[-79.0167063,8.968406],[-79.0163173,8.9684647],[-79.0158901,8.9684736],[-79.0155149,8.9684348],[-79.0152448,8.9683947],[-79.0149838,8.9683518],[-79.0146409,8.9682808],[-79.0142254,8.968149],[-79.0138223,8.9679535],[-79.0135085,8.9677505],[-79.0133123,8.9676268],[-79.0131526,8.9675573],[-79.0129527,8.967501],[-79.0126656,8.9674223],[-79.0123543,8.9673107],[-79.0120726,8.9671847],[-79.0117921,8.9670393],[-79.0115598,8.9668935],[-79.0113994,8.9667756],[-79.0112739,8.9666717],[-79.0111667,8.9665732],[-79.0110715,8.9664856],[-79.0109678,8.9664058],[-79.0108343,8.9663227],[-79.0106471,8.9662234],[-79.0104433,8.9661183],[-79.0102304,8.9660181],[-79.0100651,8.9659485],[-79.0099117,8.9659036],[-79.0097043,8.9658581],[-79.0094082,8.9657868],[-79.0090825,8.9656849],[-79.008764,8.9655696],[-79.0083929,8.965417],[-79.008017,8.9652106],[-79.0077133,8.9649967],[-79.0075166,8.9648562],[-79.0073527,8.964767],[-79.0071455,8.9646876],[-79.0068941,8.9645938],[-79.0066481,8.9645028],[-79.0063702,8.9644013],[-79.0060818,8.9642728],[-79.0058462,8.9641406],[-79.0056835,8.9640357],[-79.0055456,8.9639446],[-79.0053973,8.9638557],[-79.0052008,8.9637528],[-79.0049802,8.9636414],[-79.0047267,8.9635259],[-79.0044788,8.9634232],[-79.0042022,8.9633225],[-79.0039088,8.963205],[-79.0036387,8.9630836],[-79.0033564,8.9629505],[-79.0030889,8.9628167],[-79.0028094,8.9626782],[-79.0025453,8.9625434],[-79.0022733,8.9624083],[-79.0020287,8.9622853],[-79.0017998,8.9621778],[-79.0016297,8.9621058],[-79.0014757,8.9620602],[-79.0012705,8.962015],[-79.0009824,8.9619464],[-79.0006784,8.9618541],[-79.0004086,8.9617652],[-79.000123,8.9616707],[-78.9998267,8.9615554],[-78.9995562,8.9614346],[-78.9992741,8.9613016],[-78.9990072,8.9611679],[-78.998728,8.9610294],[-78.9984631,8.9608945],[-78.9981864,8.9607579],[-78.9979258,8.9606294],[-78.9976565,8.9605069],[-78.9974037,8.9604019],[-78.9971262,8.9603008],[-78.9968331,8.9601834],[-78.9965635,8.9600622],[-78.9962816,8.9599293],[-78.9960146,8.9597957],[-78.9957352,8.9596573],[-78.9954696,8.9595218],[-78.995191,8.9593829],[-78.9949263,8.9592479],[-78.9946496,8.9591114],[-78.9943891,8.9589829],[-78.9941197,8.9588603],[-78.9938671,8.9587554],[-78.9935903,8.9586549],[-78.9932989,8.9585397],[-78.9930333,8.9584247],[-78.9927581,8.9583056],[-78.9924976,8.9581957],[-78.9922081,8.9580805],[-78.9919003,8.9579393],[-78.9916337,8.9577993],[-78.9914455,8.9577195],[-78.9912793,8.9577015],[-78.9911049,8.9577573],[-78.9909885,8.9579392],[-78.9908818,8.9582749],[-78.9907141,8.9586812],[-78.9904513,8.9590751],[-78.9900976,8.9593982],[-78.9896848,8.9596187],[-78.9892616,8.9597303],[-78.9888705,8.9597496],[-78.9884857,8.9596957],[-78.9881348,8.9595893],[-78.9878406,8.9594627],[-78.9875579,8.9593159],[-78.9873261,8.9591688],[-78.9871655,8.9590504],[-78.9870365,8.9589481],[-78.9869169,8.9588573],[-78.986791,8.9587927],[-78.9866098,8.9587491],[-78.9863355,8.9587164],[-78.9859422,8.9586732],[-78.9855292,8.9585978],[-78.9851572,8.9584863],[-78.9848521,8.9583598],[-78.9845646,8.9582141],[-78.9843311,8.9580682],[-78.9841707,8.9579502],[-78.984045,8.9578457],[-78.9839377,8.9577451],[-78.9838444,8.9576514],[-78.9837508,8.9575579],[-78.9836502,8.9574501],[-78.9835464,8.9573235],[-78.9834314,8.9571604],[-78.9832966,8.9569197],[-78.9831821,8.9566165],[-78.9831276,8.956283],[-78.9831478,8.955868],[-78.983275,8.9554189],[-78.983514,8.9549975],[-78.9838311,8.9546522],[-78.9841496,8.9544065],[-78.9843576,8.9542502],[-78.9843757,8.9541336],[-78.9842502,8.9540186],[-78.9840237,8.9538909],[-78.983772,8.9537593],[-78.9834933,8.9536193],[-78.9832271,8.9534786],[-78.9829596,8.9533328],[-78.9827447,8.9531996],[-78.9826134,8.9531097],[-78.9825171,8.9530379],[-78.9824144,8.9529677],[-78.9822885,8.9528967],[-78.9821148,8.9528189],[-78.9819162,8.9527434],[-78.9816445,8.9526492],[-78.9812647,8.9524888],[-78.9808609,8.9522339],[-78.9805164,8.9519083],[-78.9802794,8.9515867],[-78.9801539,8.9513622],[-78.9800989,8.9512237],[-78.9800728,8.9511183],[-78.9800478,8.950993],[-78.98001,8.9508321],[-78.9799477,8.9506984],[-78.9798304,8.9505862],[-78.9796515,8.9504711],[-78.9794111,8.9503449],[-78.9791628,8.9502208],[-78.9788966,8.9501005],[-78.9786444,8.9499978],[-78.9783661,8.9499004],[-78.9780681,8.9497879],[-78.9777805,8.9496668],[-78.9774483,8.9495063],[-78.9770844,8.9492678],[-78.9767547,8.9489677],[-78.9765022,8.9486731],[-78.9763201,8.9484667],[-78.9761416,8.9483185],[-78.9759468,8.9482048],[-78.9757906,8.9481326],[-78.9756415,8.9480879],[-78.9754395,8.9480428],[-78.9751584,8.9479723],[-78.9748712,8.9478729],[-78.9746341,8.9477667],[-78.9743924,8.947639],[-78.9740698,8.9474586],[-78.9737324,8.947274],[-78.9734054,8.9471737],[-78.973025,8.9471452],[-78.9725861,8.947177],[-78.9720838,8.9472169],[-78.9715643,8.9472429],[-78.971202,8.9472602],[-78.9709295,8.947275],[-78.9706639,8.9472829],[-78.9704258,8.9472729],[-78.9702526,8.9472557],[-78.9701058,8.9472339],[-78.9699288,8.9471967],[-78.9696699,8.9471311],[-78.9693822,8.9470389],[-78.9691171,8.9469469],[-78.968827,8.9468427],[-78.9685172,8.9467055],[-78.9682271,8.9465453],[-78.9679423,8.9463679],[-78.9676374,8.9461617],[-78.9673172,8.9459603],[-78.9669758,8.9457302],[-78.9666833,8.9455],[-78.9664766,8.9453389],[-78.9662865,8.9452235],[-78.9660439,8.9451069],[-78.965776,8.9449846],[-78.9654383,8.9448226],[-78.9650638,8.9445885],[-78.9647216,8.9443113],[-78.9644403,8.9440635],[-78.9641751,8.9438791],[-78.9639024,8.9437157],[-78.9636764,8.9435719],[-78.9635194,8.9434651],[-78.963389,8.9433778],[-78.9632597,8.9433011],[-78.9631092,8.9432284],[-78.96298,8.9431778],[-78.9628567,8.9431525],[-78.9627135,8.9431424],[-78.9625859,8.9431395],[-78.962446,8.9431385],[-78.9622692,8.943134],[-78.962119,8.943121],[-78.9619603,8.9430916],[-78.9617445,8.9430354],[-78.9614926,8.9429584],[-78.9612465,8.9428909],[-78.960957,8.9428248],[-78.9606324,8.9427366],[-78.9603671,8.9426513],[-78.9601518,8.9425906],[-78.959919,8.9425316],[-78.9596168,8.9424443],[-78.9593072,8.9423202],[-78.9590601,8.9421869],[-78.9588954,8.9420769],[-78.9587694,8.9419769],[-78.9586626,8.94188],[-78.9585678,8.9417929],[-78.9584637,8.941713],[-78.9583274,8.9416278],[-78.9581313,8.9415211],[-78.9579064,8.941396],[-78.9576532,8.9412524],[-78.9574365,8.941111],[-78.9572901,8.9410044],[-78.9571753,8.9409255],[-78.957034,8.9408557],[-78.9568128,8.9407921],[-78.9564799,8.9407604],[-78.9560619,8.9407034],[-78.9556325,8.9405824],[-78.9552618,8.9404129],[-78.9549943,8.9402589],[-78.9548055,8.9401765],[-78.9546077,8.9401463],[-78.9543399,8.9401362],[-78.9540626,8.9401107],[-78.9538151,8.9400643],[-78.9535652,8.939991],[-78.9532936,8.9398832],[-78.9530306,8.93976],[-78.9527518,8.9396245],[-78.952485,8.9394883],[-78.9522042,8.9393459],[-78.951939,8.9392038],[-78.951673,8.939057],[-78.9514602,8.9389241],[-78.9513333,8.9388406],[-78.9512566,8.938801],[-78.9511818,8.9387912],[-78.9510697,8.9388275],[-78.9508857,8.9389514],[-78.9505934,8.939151],[-78.9502428,8.9393424],[-78.9499072,8.9394836],[-78.9495992,8.9395951],[-78.9492582,8.9396939],[-78.9489178,8.939759],[-78.9486403,8.9397904],[-78.9484498,8.9398027],[-78.9482883,8.939806],[-78.9481147,8.9398041],[-78.9479955,8.9397995],[-78.9479172,8.9397952],[-78.9478626,8.9397975],[-78.9478444,8.9398266],[-78.9478641,8.9399134],[-78.9479357,8.940109],[-78.9480344,8.9404426],[-78.9480932,8.9408548],[-78.9480787,8.9413422],[-78.9479746,8.9418329],[-78.9478326,8.9422526],[-78.9477609,8.9425656],[-78.947809,8.9428311],[-78.9479875,8.9430504],[-78.9482716,8.9432874],[-78.9485593,8.9435407],[-78.9488099,8.9437842],[-78.94907,8.9440676],[-78.9492932,8.944333],[-78.9494633,8.9444788],[-78.9496317,8.9445139],[-78.949803,8.9444502],[-78.950032,8.944282],[-78.9503634,8.9440614],[-78.950778,8.9438744],[-78.9512289,8.9437685],[-78.9516596,8.9437381],[-78.9520295,8.9437273],[-78.9523821,8.9436679],[-78.9527255,8.943479],[-78.9531137,8.9432361],[-78.9535578,8.9430328],[-78.9540345,8.9429232],[-78.9545048,8.9429167],[-78.9549419,8.942993],[-78.9553829,8.9431509],[-78.9558057,8.9434063],[-78.9561626,8.9437344],[-78.9564316,8.9440704],[-78.9566395,8.9443484],[-78.9568419,8.9445951],[-78.9570788,8.9448186],[-78.9573305,8.9450607],[-78.9575524,8.9453368],[-78.9577539,8.9456986],[-78.9578973,8.9461227],[-78.9579751,8.9465528],[-78.9580355,8.9469207],[-78.9581759,8.9471771],[-78.9584476,8.9473892],[-78.9587422,8.9475914],[-78.9589659,8.9477594],[-78.9591671,8.9479464],[-78.9593983,8.948206],[-78.9595984,8.9484735],[-78.9597312,8.9486459],[-78.9598242,8.9487325],[-78.9598744,8.9487534],[-78.9598997,8.9487345],[-78.9599107,8.948684],[-78.9599164,8.9486314],[-78.9599221,8.9485709],[-78.9599352,8.9484782],[-78.9599659,8.948313],[-78.9600254,8.9480468],[-78.960106,8.9477534],[-78.9601787,8.9474806],[-78.9602678,8.9471568],[-78.9604176,8.9467726],[-78.9606254,8.9464209],[-78.9608553,8.946168],[-78.9611597,8.9459606],[-78.9615165,8.9458099],[-78.9618798,8.9457261],[-78.9622174,8.9457007],[-78.9625859,8.945723],[-78.962954,8.9457947],[-78.9632375,8.945875],[-78.9634563,8.9459329],[-78.9636801,8.9459841],[-78.9639547,8.9460491],[-78.9642059,8.9461228],[-78.9643608,8.9461692],[-78.9644608,8.9461936],[-78.9645565,8.9462081],[-78.9646777,8.9462165],[-78.9648037,8.9462245],[-78.9649764,8.9462393],[-78.9652469,8.9462727],[-78.965587,8.9463397],[-78.9659356,8.9464406],[-78.9662677,8.9465594],[-78.9666575,8.9467296],[-78.9670757,8.946991],[-78.9674671,8.947341],[-78.9678013,8.9477505],[-78.9680456,8.9482067],[-78.968188,8.948657],[-78.9682563,8.9490213],[-78.9682971,8.9492437],[-78.9683514,8.9493738],[-78.9684549,8.9494476],[-78.9686024,8.9494868],[-78.9688444,8.9495139],[-78.9692092,8.9495505],[-78.9695934,8.9496117],[-78.9699206,8.9496881],[-78.9701513,8.9497401],[-78.9703531,8.9497643],[-78.9705764,8.9497674],[-78.9707355,8.9497489],[-78.9708683,8.9497005],[-78.9710322,8.9496164],[-78.9712851,8.9494954],[-78.9716148,8.9493793],[-78.9719564,8.9493028],[-78.9722362,8.9492656],[-78.9724289,8.9492505],[-78.9725954,8.9492443],[-78.9727855,8.9492407],[-78.9729518,8.9492353],[-78.9731383,8.9492267],[-78.9733847,8.9492256],[-78.973649,8.9492505],[-78.9738918,8.949301],[-78.9741405,8.9493827],[-78.9744048,8.9495038],[-78.9746308,8.9496393],[-78.9747896,8.9497538],[-78.9749152,8.9498576],[-78.9750224,8.9499585],[-78.9751151,8.9500525],[-78.9752078,8.9501452],[-78.9753092,8.9502479],[-78.9754225,8.9503582],[-78.9755729,8.9504809],[-78.9758047,8.9506413],[-78.9761325,8.9508311],[-78.976506,8.9510794],[-78.9768491,8.9513624],[-78.9771313,8.951612],[-78.9773968,8.9517966],[-78.9776697,8.9519596],[-78.9778962,8.9521034],[-78.9780559,8.9522118],[-78.9781946,8.9523061],[-78.9783447,8.9524025],[-78.9785367,8.9525201],[-78.9787256,8.9526503],[-78.9788694,8.9527614],[-78.9789903,8.9528634],[-78.9790971,8.9529634],[-78.9791905,8.9530571],[-78.9792837,8.9531507],[-78.9793824,8.9532583],[-78.9794823,8.953384],[-78.9795914,8.9535446],[-78.9797245,8.9537795],[-78.9798519,8.9540633],[-78.979952,8.9543269],[-78.9800414,8.9545416],[-78.9801295,8.9547317],[-78.9802117,8.9548797],[-78.9803048,8.9550326],[-78.9804283,8.9552474],[-78.9805888,8.9555767],[-78.9807216,8.9559486],[-78.98081,8.9562608],[-78.9808955,8.9565134],[-78.9810066,8.9567649],[-78.9811375,8.9569859],[-78.9812999,8.9571896],[-78.9815056,8.9573563],[-78.9817344,8.9575007],[-78.9819989,8.9576416],[-78.982261,8.957778],[-78.9825412,8.9579196],[-78.9828083,8.958062],[-78.9830807,8.958213],[-78.9833096,8.9583599],[-78.9834692,8.9584778],[-78.9835953,8.9585839],[-78.9837047,8.9586938],[-78.9838043,8.9588169],[-78.9839137,8.9589827],[-78.9840499,8.9592356],[-78.9841731,8.9595418],[-78.9842527,8.9598198],[-78.9842921,8.9599887],[-78.9843128,8.9600788],[-78.9843354,8.9601394],[-78.9843799,8.9602153],[-78.9844626,8.9603487],[-78.9845881,8.9605718],[-78.9847092,8.9608342],[-78.9847958,8.961046],[-78.9848638,8.9611625],[-78.9849402,8.9612188],[-78.9850494,8.9612447],[-78.9851603,8.9612645],[-78.9853026,8.961297],[-78.9855152,8.9613587],[-78.9857708,8.9614485],[-78.9860198,8.961539],[-78.9862931,8.9616295],[-78.9865771,8.9617269],[-78.9868339,8.9618045],[-78.9871168,8.9618605],[-78.9874319,8.9618889],[-78.9877753,8.9618596],[-78.9881932,8.9618195],[-78.9886569,8.9618428],[-78.9891184,8.9619701],[-78.9895326,8.962202],[-78.9898673,8.9625046],[-78.990113,8.9628187],[-78.9902952,8.9630932],[-78.9904789,8.9634004],[-78.9906576,8.9637704],[-78.9908036,8.9641409],[-78.9909386,8.9644464],[-78.9911027,8.9647629],[-78.9912588,8.9651262],[-78.9913538,8.9655033],[-78.9913817,8.9659338],[-78.9913377,8.9663717],[-78.9912667,8.9667515],[-78.9912636,8.9670293],[-78.9913926,8.9672491],[-78.9916091,8.9674589],[-78.9918442,8.9676463],[-78.9920942,8.967806],[-78.9923939,8.96796],[-78.9927589,8.9680945],[-78.9931794,8.9682714],[-78.993588,8.9685228],[-78.9939279,8.9688259],[-78.9941778,8.9691148],[-78.9943702,8.9693341],[-78.9945693,8.9695392],[-78.9947901,8.9697795],[-78.9949702,8.9700158],[-78.9951313,8.9702884],[-78.9952928,8.9706762],[-78.9953818,8.9711555],[-78.9953413,8.9716699],[-78.995153,8.9721579],[-78.9948374,8.9725666],[-78.9944498,8.9728604],[-78.9940739,8.9730301],[-78.9937882,8.9730981],[-78.9935418,8.9731016],[-78.9932295,8.9730459],[-78.9928319,8.9729138],[-78.9924297,8.9727026],[-78.9920972,8.9724551],[-78.9918591,8.9722321],[-78.9916441,8.9719896],[-78.9914379,8.9717259],[-78.9912559,8.9714928],[-78.9910771,8.9713357],[-78.9908767,8.9712567],[-78.9906205,8.9712134],[-78.9903494,8.9711685],[-78.9900246,8.9710927],[-78.9896949,8.9709803],[-78.989401,8.9708546],[-78.9891081,8.9707213],[-78.9888695,8.9706252],[-78.9887454,8.970651],[-78.9887279,8.9708138],[-78.9887938,8.9709859],[-78.9889554,8.9711299],[-78.9891748,8.9712534],[-78.9894554,8.9713685],[-78.9898329,8.9715309],[-78.9902329,8.9717818],[-78.9905811,8.9721184],[-78.9908345,8.9724988],[-78.9909902,8.9728663],[-78.991084,8.9732176],[-78.9911343,8.9736411],[-78.9911038,8.9741061],[-78.9909859,8.9745478],[-78.9908245,8.9749037],[-78.9906979,8.9751456],[-78.9906207,8.9753516],[-78.9906739,8.9755544],[-78.9908522,8.9757809],[-78.9911449,8.9760406],[-78.9914402,8.9763229],[-78.9916626,8.9765799],[-78.9918482,8.9768433],[-78.9920012,8.9770911],[-78.9921291,8.9772469],[-78.9922774,8.9772926],[-78.9924649,8.9772429],[-78.9925811,8.9771011],[-78.9926501,8.9768272],[-78.992746,8.9764389],[-78.9929218,8.9760146],[-78.9931894,8.9756207],[-78.9935378,8.9752953],[-78.9939786,8.9750481],[-78.9944859,8.9749236],[-78.9950132,8.974952],[-78.9955071,8.9751366],[-78.9959184,8.9754504],[-78.9962133,8.9758355],[-78.9963831,8.9762076],[-78.9964509,8.9764882],[-78.9964569,8.9767282],[-78.9964146,8.9770282],[-78.9963256,8.977399],[-78.9962244,8.9777496],[-78.9962038,8.978009],[-78.9963277,8.9782259],[-78.9965808,8.9784831],[-78.996856,8.9787895],[-78.997078,8.9790984],[-78.9972332,8.9793547],[-78.9973762,8.9796245],[-78.9975421,8.9799917],[-78.9976818,8.9804159],[-78.9977901,8.9808053],[-78.9979293,8.9810651],[-78.9981606,8.9812024],[-78.9984124,8.9812122],[-78.9987244,8.9811048],[-78.999124,8.9809681],[-78.9995901,8.980895],[-79.000091,8.980941],[-79.0006055,8.9811282],[-79.0011336,8.9814496],[-79.0016834,8.9818561],[-79.0021779,8.9822051],[-79.0025728,8.9824597],[-79.002874,8.9825617],[-79.003169,8.9825417],[-79.0034594,8.9824681],[-79.0036682,8.9823658],[-79.0038294,8.9821991],[-79.003987,8.9819468],[-79.0040853,8.9817005],[-79.0040169,8.9815058],[-79.0037693,8.9813071],[-79.0034754,8.9810877],[-79.0032276,8.9808772],[-79.0029847,8.9806547],[-79.0027466,8.980507],[-79.0024378,8.9804215],[-79.0020446,8.9803246],[-79.0016347,8.9801659],[-79.0012764,8.9799413],[-79.0010068,8.9796665],[-79.0007919,8.9792955],[-79.000664,8.9788497],[-79.0006481,8.978374],[-79.0007399,8.9779191],[-79.000899,8.9775281],[-79.0010602,8.9772157],[-79.0012007,8.9769186],[-79.0013771,8.9765568],[-79.0016349,8.9761804],[-79.0019803,8.9758519],[-79.0023854,8.9756109],[-79.0027995,8.9754624],[-79.0031745,8.975374],[-79.0035353,8.9752947],[-79.003935,8.9752277],[-79.0043134,8.9751985],[-79.0046486,8.975188],[-79.0049909,8.9751828],[-79.0052421,8.9751723],[-79.0054413,8.9751478],[-79.0056038,8.9751045],[-79.005815,8.9750262],[-79.0061535,8.9749123],[-79.0065819,8.9748294],[-79.0070313,8.9748074],[-79.007428,8.9748155],[-79.0077126,8.9747768],[-79.0078547,8.9746494],[-79.0078367,8.9743865],[-79.0077413,8.9740504],[-79.0076059,8.9736501],[-79.0075092,8.9731908],[-79.0075117,8.9727055],[-79.0076356,8.9722365],[-79.0078679,8.9718255],[-79.0081663,8.9715036],[-79.008475,8.9712793],[-79.0087845,8.9711194],[-79.0091336,8.9710024],[-79.0094926,8.9709418],[-79.0098235,8.9709387],[-79.0101539,8.9709838],[-79.0104264,8.9710523],[-79.0105816,8.9710981],[-79.0106631,8.9711224],[-79.0107132,8.9711345],[-79.0107553,8.9711342],[-79.0108013,8.9711213],[-79.0108766,8.9710951],[-79.0110306,8.9710453],[-79.0113132,8.9709641],[-79.0117159,8.9708947],[-79.0121392,8.9708783],[-79.0125018,8.9709043],[-79.0128641,8.970975],[-79.0132779,8.9711231],[-79.0136905,8.9713747],[-79.0140405,8.9717189],[-79.0142888,8.9721043],[-79.0144297,8.9724465],[-79.0144922,8.9726627],[-79.0145146,8.9728064],[-79.0145198,8.9729452],[-79.0145152,8.9731181],[-79.0145,8.973266],[-79.014467,8.9734238],[-79.0144049,8.9736377],[-79.0143201,8.9738806],[-79.0142512,8.9740945],[-79.0142205,8.9742937],[-79.0142534,8.974459],[-79.014391,8.9746243],[-79.0146499,8.9748616],[-79.0149341,8.9751929],[-79.0151606,8.9756044],[-79.0152866,8.9760592],[-79.0153109,8.9765063],[-79.015275,8.97689],[-79.0152496,8.9771761],[-79.01526,8.9774334],[-79.0152821,8.9776883],[-79.0152913,8.9778981],[-79.0152757,8.9781216],[-79.0152141,8.9784155],[-79.0150706,8.9788013],[-79.0148184,8.979204],[-79.0144651,8.9795501],[-79.0140506,8.9797934],[-79.0136368,8.9799208],[-79.0132748,8.9799497],[-79.012908,8.979904],[-79.0125558,8.9798079],[-79.0122289,8.9796916],[-79.0118549,8.979535],[-79.011478,8.9793217],[-79.0111727,8.9790932],[-79.0109739,8.9789233],[-79.0108151,8.9787885],[-79.0106457,8.9786827],[-79.0104838,8.9786899],[-79.0103129,8.9787804],[-79.010107,8.9789392],[-79.0099066,8.9791268],[-79.0096879,8.9793661],[-79.0094412,8.9796171],[-79.0092315,8.9798139],[-79.0090602,8.9799909],[-79.008983,8.9801629],[-79.009052,8.9803791],[-79.0092238,8.9806894],[-79.0093853,8.9810522],[-79.0094714,8.9814141],[-79.00948,8.9818326],[-79.0094076,8.9822611],[-79.0092945,8.9826318],[-79.0092264,8.9828977],[-79.0092647,8.9830958],[-79.0094143,8.9832705],[-79.0096828,8.9834944],[-79.0099826,8.983772],[-79.0102553,8.9840509],[-79.0105077,8.9842492],[-79.010817,8.984352],[-79.011215,8.9844365],[-79.0116489,8.984563],[-79.0120639,8.9847273],[-79.0124311,8.984862],[-79.0127603,8.9848796],[-79.0130835,8.9848293],[-79.013358,8.9847769],[-79.013541,8.9847426],[-79.0136896,8.9847214],[-79.0138615,8.9847053],[-79.0140926,8.9846973],[-79.014331,8.9847066],[-79.0145279,8.9847194],[-79.0147179,8.9847254],[-79.0149339,8.98472],[-79.0151169,8.9846944],[-79.015318,8.9846341],[-79.0155997,8.9845306],[-79.0159357,8.9844042],[-79.0163418,8.9842495],[-79.0167951,8.9841269],[-79.0172439,8.9840637],[-79.0176446,8.9840319],[-79.0180389,8.9839867],[-79.0185026,8.9839554],[-79.0189923,8.9839957],[-79.0194493,8.9841257],[-79.0198801,8.98436],[-79.0202489,8.9846876],[-79.0205295,8.9850592],[-79.0207305,8.9853916],[-79.0209062,8.9856033],[-79.0211212,8.9857417],[-79.0213409,8.9858177],[-79.0216193,8.9858617],[-79.0219707,8.9859072],[-79.0223507,8.9859814],[-79.0227043,8.9860894],[-79.0230025,8.9862094],[-79.0232964,8.9863455],[-79.0235667,8.9864862],[-79.0238358,8.9866343],[-79.0240529,8.9867718],[-79.0241859,8.9868652],[-79.0242645,8.9869208],[-79.0243208,8.9869543],[-79.0243996,8.9869922],[-79.02455,8.987065],[-79.0248121,8.9872032],[-79.0251465,8.9874337],[-79.0254593,8.9877244],[-79.025696,8.9880023],[-79.025876,8.9882217],[-79.0260532,8.9884355],[-79.0262705,8.98871],[-79.0264572,8.9889918],[-79.0265703,8.9891851],[-79.0266426,8.9892942],[-79.0267209,8.9893591],[-79.0268555,8.9893823],[-79.0270943,8.9893529],[-79.0274669,8.9893131],[-79.0279119,8.9893305],[-79.0283552,8.98943],[-79.0287333,8.9895847],[-79.0290089,8.9897313],[-79.0292132,8.9898412],[-79.0293365,8.9899042],[-79.0294196,8.9899346],[-79.0295049,8.9899505],[-79.0296121,8.9899588],[-79.0297063,8.9899679],[-79.029813,8.9899895],[-79.0299748,8.9900455],[-79.0301971,8.9901647],[-79.0305131,8.9903866],[-79.0308396,8.9906931],[-79.0311166,8.9910154],[-79.0313508,8.991263],[-79.0316217,8.9914322],[-79.0319533,8.9915169],[-79.0323583,8.9915856],[-79.0327483,8.9916807],[-79.0330335,8.9917759],[-79.0332085,8.9918286],[-79.0333513,8.9918514],[-79.0335553,8.9918687],[-79.0338894,8.9919243],[-79.0342933,8.9920983],[-79.0346596,8.9924843],[-79.0348783,8.9932289],[-79.034852,8.9945786],[-79.0345574,8.9968037],[-79.0340669,8.9991591],[-79.0336278,9.0009859],[-79.0333256,9.0019582],[-79.0330138,9.0023295],[-79.0326736,9.0023706],[-79.0323813,9.0022795],[-79.0322017,9.0021966],[-79.0320881,9.0021459],[-79.0319914,9.0021164],[-79.031925,9.0021011],[-79.0318602,9.0020903],[-79.0317594,9.0020734],[-79.0315785,9.002034],[-79.0312902,9.0019515],[-79.0309654,9.0018185],[-79.0306627,9.0016524],[-79.0303738,9.0014628],[-79.0300859,9.0012477],[-79.0298388,9.0010787],[-79.029612,9.000944],[-79.0293777,9.0008335],[-79.0291685,9.000762],[-79.028932,9.0007215],[-79.0286211,9.0006941],[-79.0282951,9.0006736],[-79.028054,9.0007226],[-79.0278566,9.0008899],[-79.0276432,9.0011565],[-79.0274349,9.00143],[-79.0272799,9.0016741],[-79.0271596,9.0019099],[-79.0270412,9.0021892],[-79.026892,9.0025051],[-79.0267234,9.0028102],[-79.0265674,9.0030886],[-79.0263858,9.003408],[-79.0261325,9.003763],[-79.0258337,9.004077],[-79.0255846,9.0042879],[-79.0255089,9.0043726],[-79.025634,9.0043341],[-79.0258686,9.0042139],[-79.0261698,9.0040172],[-79.0264972,9.0038081],[-79.0268125,9.0036362],[-79.0270917,9.0035093],[-79.0274252,9.0033954],[-79.0278346,9.0033154],[-79.0282267,9.0032955],[-79.0285028,9.003313],[-79.0286956,9.0033528],[-79.0288945,9.0034192],[-79.0291399,9.0035067],[-79.0293734,9.0035452],[-79.0296292,9.0034878],[-79.0299588,9.0033456],[-79.0303841,9.003187],[-79.0308501,9.0030763],[-79.0312676,9.0030214],[-79.0315434,9.0029993],[-79.0317536,9.0029922],[-79.0319772,9.002992],[-79.0321962,9.0029941],[-79.0324795,9.002996],[-79.0328642,9.0029971],[-79.0331427,9.0029968],[-79.0333518,9.0029979],[-79.0335656,9.0030108],[-79.03379,9.0030572],[-79.034182,9.003182],[-79.0350127,9.0034561],[-79.0365799,9.0039232],[-79.0389325,9.0043706],[-79.0416239,9.0046199],[-79.044171,9.0046647],[-79.046253,9.0047009],[-79.0475993,9.0046837],[-79.0483065,9.0046874],[-79.0486284,9.0046979],[-79.0487816,9.0047037],[-79.0488781,9.004702],[-79.0489165,9.0046915],[-79.0488656,9.0046514]],[[-79.002156,8.9708863],[-79.0018197,8.9706067],[-79.0015776,8.9703109],[-79.0013641,8.9699145],[-79.001238,8.9694646],[-79.0012183,8.9690159],[-79.001291,8.968614],[-79.0014383,8.9682517],[-79.0016877,8.9678743],[-79.0020343,8.9675324],[-79.0024345,8.9672761],[-79.0028221,8.9671184],[-79.003167,8.9670296],[-79.0035551,8.9669866],[-79.0039977,8.967021],[-79.0044482,8.9671586],[-79.0048539,8.9673946],[-79.0051758,8.9676927],[-79.0054018,8.9680024],[-79.0055631,8.9683206],[-79.0056784,8.9686985],[-79.0057271,8.969127],[-79.0056927,8.9695862],[-79.0055563,8.9700655],[-79.0053108,8.9705103],[-79.0049899,8.9708687],[-79.0046657,8.9711127],[-79.0044066,8.9712522],[-79.0041293,8.9713407],[-79.00375,8.9713961],[-79.0033089,8.9713803],[-79.0028767,8.9712807],[-79.0025248,8.9711307],[-79.002156,8.9708863]],[[-79.0933935,9.0953224],[-79.091998,9.0956432],[-79.0908346,9.0959176],[-79.0901379,9.0960509],[-79.0898724,9.0960572],[-79.0898552,9.0959947],[-79.0899658,9.0958931],[-79.0901616,9.0957605],[-79.0903693,9.0956367],[-79.0905105,9.0955429],[-79.0906026,9.0954696],[-79.090688,9.0953899],[-79.0907925,9.0952989],[-79.0909278,9.0952051],[-79.0911262,9.0951048],[-79.091457,9.0949866],[-79.0919029,9.0949124],[-79.092389,9.0949326],[-79.092829,9.0950425],[-79.0933935,9.0953224]],[[-79.1958371,9.0282233],[-79.1953044,9.0285847],[-79.194915,9.0287604],[-79.1945095,9.0288722],[-79.1941605,9.0289154],[-79.1938491,9.0289061],[-79.193512,9.0288525],[-79.1931778,9.0287721],[-79.1928629,9.028698],[-79.1924842,9.0286108],[-79.1920533,9.0284633],[-79.1916317,9.0282189],[-79.191277,9.0278756],[-79.191027,9.0274631],[-79.190894,9.0270333],[-79.1908643,9.0266408],[-79.190911,9.0262876],[-79.1910471,9.0258911],[-79.1912911,9.0254923],[-79.1916368,9.0251497],[-79.1920506,9.0249052],[-79.1924761,9.0247724],[-79.1928511,9.0247328],[-79.1931629,9.0247452],[-79.193489,9.0247934],[-79.1938085,9.0248571],[-79.1941251,9.0249082],[-79.194526,9.0249751],[-79.1949682,9.025115],[-79.1953863,9.0253479],[-79.1957259,9.0256462],[-79.1959556,9.0259413],[-79.1960764,9.0261557],[-79.1961356,9.0263255],[-79.1961692,9.0265297],[-79.1961844,9.0267982],[-79.1961692,9.0270731],[-79.1961242,9.0273508],[-79.1960415,9.027679],[-79.1958371,9.0282233]],[[-79.2470354,9.0320194],[-79.2475034,9.0321276],[-79.2477649,9.0322042],[-79.2479746,9.0322604],[-79.2481907,9.0322994],[-79.2484845,9.0323425],[-79.2488293,9.0324105],[-79.2491628,9.0325042],[-79.249451,9.0326002],[-79.2497587,9.0327173],[-79.2500898,9.0328882],[-79.2503992,9.0331182],[-79.2506539,9.0334025],[-79.2508661,9.0337804],[-79.2509922,9.0342322],[-79.2509966,9.0347167],[-79.2508668,9.0351878],[-79.2506141,9.0356029],[-79.2502721,9.0359289],[-79.2498922,9.036149],[-79.2495241,9.0362698],[-79.2491481,9.0363204],[-79.2488037,9.0363182],[-79.2485351,9.0362952],[-79.2483087,9.0362679],[-79.2480703,9.036229],[-79.2477818,9.0361663],[-79.2475113,9.0360894],[-79.2473189,9.0360376],[-79.2471494,9.0360139],[-79.246932,9.0360104],[-79.2466459,9.0360237],[-79.2463344,9.0360548],[-79.2459274,9.0360934],[-79.2454623,9.0360918],[-79.2449873,9.0360506],[-79.2445047,9.0360175],[-79.2439078,9.0359998],[-79.2433375,9.0359893],[-79.2427239,9.0359668],[-79.2420095,9.035928],[-79.2414268,9.0358646],[-79.2410104,9.0357869],[-79.2407433,9.0357347],[-79.2405188,9.0357112],[-79.2402625,9.03571],[-79.2400499,9.0357313],[-79.2398236,9.0357814],[-79.2395151,9.0358561],[-79.2391647,9.0359164],[-79.2388306,9.0359528],[-79.2385267,9.0359751],[-79.2381863,9.0359835],[-79.2377649,9.0359464],[-79.2373113,9.0358184],[-79.2368885,9.0355895],[-79.2365473,9.0352931],[-79.2363162,9.0350013],[-79.2361902,9.0347944],[-79.2361149,9.0346381],[-79.236042,9.0344486],[-79.2359498,9.0341657],[-79.235873,9.0337963],[-79.2358435,9.0334389],[-79.2358396,9.0331438],[-79.2358331,9.0328894],[-79.2357663,9.0327511],[-79.2355644,9.0327644],[-79.2352305,9.0328542],[-79.2348376,9.0329362],[-79.2344133,9.0329702],[-79.2339909,9.032935],[-79.2335952,9.0328324],[-79.2332199,9.0326601],[-79.2328898,9.0324234],[-79.2326235,9.0321304],[-79.2324061,9.0317471],[-79.2322782,9.0312928],[-79.2322733,9.0308073],[-79.2324028,9.0303358],[-79.232655,9.0299204],[-79.2329967,9.0295938],[-79.2333776,9.0293733],[-79.2337524,9.0292537],[-79.2341514,9.0292106],[-79.2345555,9.0292382],[-79.2349485,9.0293267],[-79.235368,9.0294893],[-79.2357801,9.0297498],[-79.2361245,9.0300872],[-79.2363632,9.0304353],[-79.2365006,9.0307104],[-79.2365919,9.0309172],[-79.2366867,9.0309798],[-79.2368351,9.0309241],[-79.2370821,9.0307897],[-79.2374522,9.0306391],[-79.2379044,9.0305514],[-79.2383815,9.0305683],[-79.2388245,9.0306863],[-79.2391786,9.0308587],[-79.2394065,9.0310116],[-79.2395312,9.0311197],[-79.2396175,9.0312149],[-79.2397115,9.0313265],[-79.2398421,9.0314727],[-79.2399998,9.0316007],[-79.2402115,9.0316692],[-79.2404968,9.031691],[-79.2407323,9.0316772],[-79.2409679,9.0316306],[-79.2412737,9.0315616],[-79.2416128,9.0315172],[-79.2419389,9.0315182],[-79.2422805,9.031565],[-79.2425976,9.0316378],[-79.2428696,9.0316937],[-79.2431954,9.0317337],[-79.2436589,9.031777],[-79.2441193,9.0318408],[-79.2445368,9.0319181],[-79.2449424,9.0319711],[-79.2454895,9.031999],[-79.2470354,9.0320194]],[[-79.2403548,9.0278286],[-79.2398848,9.0277208],[-79.2396162,9.0276456],[-79.2393879,9.0275929],[-79.2391333,9.0275605],[-79.2387802,9.0275265],[-79.238379,9.0274593],[-79.237934,9.0273171],[-79.2375039,9.0270727],[-79.2371436,9.0267362],[-79.2368841,9.0263511],[-79.2367223,9.0259719],[-79.2366228,9.0255982],[-79.2365804,9.0251483],[-79.2366459,9.0246539],[-79.2368497,9.0241766],[-79.2371886,9.0237755],[-79.2376311,9.0234938],[-79.2381241,9.0233485],[-79.238603,9.0233215],[-79.239011,9.0233553],[-79.2393533,9.0233828],[-79.2396265,9.023317],[-79.2399113,9.0231195],[-79.2402408,9.022875],[-79.2405654,9.0226764],[-79.2408081,9.0225621],[-79.2410036,9.0225118],[-79.2412308,9.0225042],[-79.241565,9.0225459],[-79.2419713,9.0226709],[-79.2423782,9.0228854],[-79.2427312,9.0231514],[-79.2430101,9.0233889],[-79.2432372,9.0235126],[-79.243456,9.0235563],[-79.2437499,9.0235548],[-79.2441714,9.023535],[-79.2446524,9.0235046],[-79.2451441,9.023428],[-79.2456216,9.023366],[-79.2460349,9.0233476],[-79.2463388,9.0233458],[-79.2466,9.0233313],[-79.2468153,9.0232595],[-79.2470645,9.0230972],[-79.2474114,9.0228767],[-79.2478303,9.0226834],[-79.2482676,9.0225614],[-79.2487107,9.02251],[-79.2491022,9.0225103],[-79.2493895,9.0225005],[-79.2496229,9.022423],[-79.2498829,9.022268],[-79.250154,9.0220983],[-79.2504612,9.0219181],[-79.2508505,9.0217498],[-79.251294,9.0216464],[-79.2517331,9.0216279],[-79.2521009,9.0216681],[-79.2523581,9.0217086],[-79.2525964,9.0217422],[-79.2528997,9.0217837],[-79.2532519,9.021852],[-79.2536004,9.0219491],[-79.2539226,9.0220579],[-79.2542915,9.0222106],[-79.2546743,9.0224485],[-79.2550111,9.0227833],[-79.2552535,9.0232003],[-79.2553728,9.0236673],[-79.255362,9.0241418],[-79.2552356,9.0245767],[-79.2550274,9.0249285],[-79.2547673,9.0251778],[-79.2544003,9.0253826],[-79.25396,9.0255179],[-79.2535075,9.0255755],[-79.2530905,9.0255941],[-79.2526747,9.025636],[-79.2521722,9.0257161],[-79.2516812,9.0258321],[-79.2513916,9.0260169],[-79.2512868,9.0262521],[-79.2513798,9.0264835],[-79.2516138,9.0267293],[-79.2519311,9.026985],[-79.2522254,9.027235],[-79.2524224,9.0274156],[-79.2525581,9.0275488],[-79.2526416,9.0276357],[-79.2526921,9.0276875],[-79.2527348,9.0277345],[-79.2527989,9.0278216],[-79.2529077,9.0280061],[-79.2530539,9.0283306],[-79.2531588,9.0287568],[-79.2531625,9.0292293],[-79.2530372,9.0296956],[-79.252779,9.0301103],[-79.2523972,9.0304385],[-79.2519049,9.0306589],[-79.2513172,9.0307695],[-79.2506742,9.0307897],[-79.2501416,9.0307441],[-79.2497561,9.0306621],[-79.2495248,9.0305894],[-79.2493794,9.0305319],[-79.2492478,9.0304642],[-79.249052,9.030341],[-79.2487644,9.0301143],[-79.2484667,9.029791],[-79.2482245,9.0294215],[-79.2480522,9.0290905],[-79.2479066,9.0288877],[-79.2477094,9.0287888],[-79.2474266,9.0287392],[-79.2471545,9.0287185],[-79.2468702,9.028712],[-79.2466109,9.0286977],[-79.2464072,9.0286794],[-79.2462054,9.0286554],[-79.2459399,9.0286102],[-79.2456021,9.0285221],[-79.2452521,9.0283865],[-79.2449453,9.0282348],[-79.2447002,9.0281184],[-79.2444486,9.0280237],[-79.2441678,9.0279295],[-79.2438788,9.02785],[-79.24351,9.0277596],[-79.2430768,9.0276181],[-79.2426553,9.0274189],[-79.2423077,9.027225],[-79.2420449,9.0271512],[-79.2417814,9.0272408],[-79.2414455,9.0274329],[-79.2410636,9.027619],[-79.2407181,9.0277407],[-79.2403548,9.0278286]],[[-79.2241372,9.0252472],[-79.2246471,9.0249267],[-79.2250011,9.0247702],[-79.225339,9.0246674],[-79.2255694,9.0246172],[-79.2257015,9.0245964],[-79.2257851,9.0245879],[-79.2258634,9.0245844],[-79.225962,9.024585],[-79.2261273,9.0245981],[-79.2263631,9.0246353],[-79.2266036,9.0246926],[-79.2268815,9.0247741],[-79.2271751,9.0248521],[-79.2275462,9.0249421],[-79.2279751,9.0250905],[-79.2283966,9.0253331],[-79.2287538,9.0256697],[-79.2290139,9.0260656],[-79.2291762,9.026464],[-79.2292754,9.0268163],[-79.2293593,9.0271749],[-79.2294126,9.0276073],[-79.2293845,9.02808],[-79.229258,9.0285309],[-79.2290577,9.028901],[-79.2288231,9.0291613],[-79.2285112,9.02937],[-79.2281428,9.029515],[-79.2277564,9.0295785],[-79.2273763,9.0295535],[-79.2269518,9.0294319],[-79.2265407,9.029221],[-79.2262068,9.0289739],[-79.2259742,9.0287724],[-79.2257821,9.0286251],[-79.2255743,9.0284938],[-79.2253187,9.0283547],[-79.2250504,9.0282035],[-79.2247501,9.0280187],[-79.2244616,9.0277887],[-79.2242231,9.0275138],[-79.2240187,9.027147],[-79.2238893,9.0267088],[-79.2238608,9.0262474],[-79.2239231,9.0258239],[-79.2241372,9.0252472]],[[-79.2116588,9.02583],[-79.2115672,9.0252214],[-79.211597,9.0247925],[-79.2117334,9.0243428],[-79.2119872,9.0239327],[-79.212343,9.0236055],[-79.2127674,9.0233856],[-79.213216,9.023277],[-79.2136494,9.0232616],[-79.2140724,9.0233151],[-79.2144407,9.023399],[-79.2147212,9.0234502],[-79.214972,9.023462],[-79.2151641,9.0234674],[-79.2153391,9.0234786],[-79.215572,9.0235073],[-79.2158725,9.023562],[-79.2161738,9.0236288],[-79.2164356,9.0236671],[-79.216741,9.0236846],[-79.2171411,9.0237251],[-79.2175861,9.0238442],[-79.2180163,9.0240571],[-79.2183962,9.0243317],[-79.2187333,9.0245951],[-79.2190924,9.024768],[-79.2195804,9.0249026],[-79.2200957,9.0250763],[-79.220564,9.0253378],[-79.220933,9.0256821],[-79.221173,9.0260629],[-79.2212808,9.0264351],[-79.2212789,9.0268659],[-79.2211539,9.0273204],[-79.2209023,9.0277432],[-79.2205417,9.0280876],[-79.2201115,9.0283272],[-79.2196714,9.028463],[-79.2192934,9.0285263],[-79.219027,9.028555],[-79.2188907,9.0285661],[-79.2188799,9.0285792],[-79.2189999,9.0286112],[-79.2192743,9.0286859],[-79.219631,9.0288339],[-79.2199632,9.0290492],[-79.2202071,9.0293141],[-79.2204045,9.0296998],[-79.2205061,9.0301792],[-79.220468,9.0306941],[-79.2202751,9.0311826],[-79.2199423,9.0315901],[-79.2195103,9.0318774],[-79.2190411,9.032027],[-79.2186073,9.0320475],[-79.2182561,9.0319628],[-79.2179009,9.0317555],[-79.2175771,9.0314313],[-79.2173364,9.0310149],[-79.2172138,9.0305441],[-79.2172163,9.030067],[-79.2173153,9.02964],[-79.2174381,9.0293218],[-79.2174779,9.0291518],[-79.2173884,9.0290755],[-79.2171011,9.0290569],[-79.2166904,9.0290152],[-79.2162517,9.0289164],[-79.2158381,9.0287785],[-79.2154124,9.0286104],[-79.2149945,9.0283928],[-79.2146169,9.0281431],[-79.2142534,9.0278711],[-79.2139142,9.0275632],[-79.213622,9.027262],[-79.213353,9.027037],[-79.2130236,9.0268641],[-79.2126436,9.0266725],[-79.2122887,9.0264464],[-79.2120159,9.0262222],[-79.2116588,9.02583]],[[-79.2243243,9.0300376],[-79.2243226,9.0303605],[-79.224275,9.0307128],[-79.2241375,9.0311392],[-79.223888,9.031555],[-79.2235395,9.0318985],[-79.2231332,9.0321333],[-79.2227269,9.0322481],[-79.2223618,9.0322509],[-79.2219623,9.0321435],[-79.221564,9.03192],[-79.221221,9.031588],[-79.2209767,9.0311705],[-79.2208571,9.0307023],[-79.2208683,9.0302264],[-79.2209952,9.0297892],[-79.2212041,9.0294336],[-79.2214645,9.02918],[-79.2218293,9.0289777],[-79.2222768,9.0288594],[-79.2227614,9.0288589],[-79.2232337,9.0289869],[-79.2236485,9.0292253],[-79.2239694,9.0295224],[-79.2243243,9.0300376]],[[-79.2620025,9.024598],[-79.261895,9.0250871],[-79.2617611,9.025385],[-79.2615184,9.0257393],[-79.261168,9.026074],[-79.2607527,9.0263249],[-79.2603427,9.0264679],[-79.2599977,9.0265201],[-79.2596508,9.0265062],[-79.2592815,9.0264313],[-79.2589287,9.0262978],[-79.2586282,9.0261192],[-79.2583637,9.0258841],[-79.2581027,9.0255327],[-79.2579104,9.0250777],[-79.2578452,9.0245642],[-79.2579331,9.0240482],[-79.2581647,9.0235852],[-79.2584972,9.0232206],[-79.2588622,9.0229799],[-79.2591991,9.0228584],[-79.2595699,9.0228161],[-79.2599551,9.0228416],[-79.2603338,9.0229226],[-79.2607485,9.0230731],[-79.2611579,9.0233174],[-79.2615073,9.0236463],[-79.2617598,9.0240104],[-79.2620025,9.024598]],[[-79.2046732,9.0184833],[-79.2048255,9.0185853],[-79.2049572,9.0186677],[-79.205142,9.0187796],[-79.2053224,9.0189032],[-79.2054469,9.0190006],[-79.2055318,9.0190771],[-79.205607,9.0191611],[-79.2056935,9.0192887],[-79.2058129,9.0195046],[-79.2059241,9.0197767],[-79.2059929,9.0200506],[-79.2060265,9.0203587],[-79.2060261,9.0206342],[-79.2060138,9.0208034],[-79.2059913,9.0209049],[-79.2059417,9.0210039],[-79.2058273,9.0211705],[-79.2055986,9.0214492],[-79.2052561,9.0217522],[-79.2048459,9.0220005],[-79.2044408,9.0221689],[-79.2040995,9.0222875],[-79.2037451,9.0223975],[-79.2033232,9.0224726],[-79.2028581,9.0224603],[-79.2023957,9.0223305],[-79.2019816,9.022082],[-79.2016513,9.0217385],[-79.2014239,9.0213465],[-79.2012947,9.0209703],[-79.2012325,9.020667],[-79.201201,9.0203953],[-79.2011867,9.0200765],[-79.201217,9.0196683],[-79.2013397,9.019221],[-79.2015741,9.0187971],[-79.2019044,9.0184466],[-79.202282,9.018199],[-79.2026324,9.018058],[-79.2028852,9.0179985],[-79.2030904,9.0179824],[-79.2033307,9.0179932],[-79.203598,9.0180324],[-79.2039207,9.0181125],[-79.2042353,9.018231],[-79.2044701,9.0183507],[-79.2046732,9.0184833]],[[-79.1980612,9.0304297],[-79.1983227,9.0298752],[-79.198565,9.0295368],[-79.1988635,9.0292389],[-79.1991473,9.0290315],[-79.199334,9.0289234],[-79.1994483,9.0288742],[-79.1995484,9.0288495],[-79.199669,9.0288322],[-79.1997986,9.0288191],[-79.1999141,9.0288198],[-79.2000589,9.0288459],[-79.2003022,9.0289227],[-79.2006629,9.0290968],[-79.2010462,9.02939],[-79.2013653,9.0297847],[-79.2015724,9.030226],[-79.2016653,9.0306294],[-79.2016849,9.0309072],[-79.2016786,9.0310668],[-79.2016548,9.0311785],[-79.2016126,9.0312906],[-79.201551,9.0314142],[-79.2014503,9.0315587],[-79.2012715,9.0317525],[-79.2009708,9.031991],[-79.2005659,9.0321966],[-79.2000974,9.0323079],[-79.1996149,9.0322981],[-79.1991697,9.0321737],[-79.1988075,9.031968],[-79.1985488,9.0317178],[-79.1983358,9.0313845],[-79.1981861,9.0310166],[-79.1980612,9.0304297]]]}},{"type":"Feature","properties":{"nombre":"Corredor de Isla Cañas","notas":"Aquí tenemos que poner mucha atención, porque la conectividad es débil y puede perderse si no cuidamos los bosques y manglares de esta región. Los corredores de esta parte de Azuero están interrumpidos por donde pasa la carretera entre Pedasí y Tonosí. Si se trabaja en fortalecer estos bosques se puede lograr restablecer la conexión con el Canajagua y con el Cerro Hoya.","cond_promedio":36.86,"area_ha":6310,"cat":"mediabaja","categoria_etiqueta":"Media-baja","es_mesoamericano":false},"geometry":{"type":"Polygon","coordinates":[[[-80.4041157,7.3593763],[-80.40393,7.3581436],[-80.4035712,7.3571134],[-80.4028537,7.3566593],[-80.4021175,7.3570516],[-80.4010681,7.3568862],[-80.4001938,7.3552594],[-80.3996214,7.3527752],[-80.3989399,7.349998],[-80.3987443,7.3468339],[-80.3986055,7.3435437],[-80.3976262,7.3402217],[-80.3961599,7.3369179],[-80.3945058,7.3339863],[-80.3924069,7.3319647],[-80.3901714,7.3307868],[-80.3883559,7.3294396],[-80.3875154,7.3277677],[-80.3868487,7.3260276],[-80.3851378,7.3239744],[-80.382427,7.3219745],[-80.3790544,7.3203],[-80.375477,7.3188779],[-80.3719902,7.317689],[-80.3684455,7.3174852],[-80.3651385,7.3184745],[-80.3623813,7.32038],[-80.3602853,7.3232398],[-80.3586703,7.326514],[-80.3573772,7.3297705],[-80.3569084,7.3328921],[-80.3575964,7.3359622],[-80.3588343,7.3391693],[-80.3597955,7.3428825],[-80.3606132,7.3470227],[-80.3619781,7.3514684],[-80.3642075,7.3561287],[-80.3658861,7.3605009],[-80.3664782,7.3645116],[-80.3659448,7.3680659],[-80.3645109,7.3711086],[-80.362492,7.3737504],[-80.359713,7.375836],[-80.3566175,7.3781348],[-80.353393,7.3810635],[-80.3498781,7.384553],[-80.345806,7.3883406],[-80.3419832,7.3917442],[-80.3384318,7.3947057],[-80.3351134,7.3975018],[-80.3317712,7.4001494],[-80.3284935,7.4027541],[-80.3253425,7.4052286],[-80.3224922,7.4076814],[-80.3198853,7.4104688],[-80.3173073,7.4133423],[-80.314354,7.41576],[-80.3110907,7.4176095],[-80.3076129,7.4194838],[-80.303485,7.4215238],[-80.2987399,7.4237073],[-80.2947992,7.4260184],[-80.2920507,7.4283819],[-80.2902364,7.430274],[-80.2884883,7.4311967],[-80.2871335,7.4319209],[-80.2863605,7.4328796],[-80.2871611,7.4337861],[-80.2893614,7.433975],[-80.2921418,7.4334918],[-80.2948378,7.4327538],[-80.2972939,7.43291],[-80.2993973,7.4340892],[-80.3013167,7.4355254],[-80.3023408,7.4375759],[-80.3023991,7.4398661],[-80.3027908,7.4418989],[-80.3041868,7.4426642],[-80.3057818,7.441688],[-80.3070445,7.4391958],[-80.3084132,7.4360859],[-80.3099673,7.432985],[-80.3122648,7.4305336],[-80.3155205,7.4295483],[-80.3182881,7.4304251],[-80.3205844,7.4321613],[-80.3230568,7.4334226],[-80.3261665,7.4332723],[-80.3298356,7.4322462],[-80.3340791,7.4313882],[-80.3375152,7.4311469],[-80.3399489,7.4306084],[-80.3413721,7.4294854],[-80.3430291,7.4285143],[-80.3451299,7.428421],[-80.3477548,7.4284153],[-80.3512767,7.427315],[-80.3557024,7.425531],[-80.3604113,7.4244918],[-80.3652532,7.424505],[-80.3691423,7.4249637],[-80.3720458,7.4245102],[-80.3738906,7.4222809],[-80.3748757,7.4185975],[-80.375922,7.4151046],[-80.3768304,7.4121418],[-80.3784239,7.4113274],[-80.3801868,7.4119466],[-80.3816421,7.4124141],[-80.3821649,7.4117023],[-80.3826631,7.4101812],[-80.383561,7.408472],[-80.3837119,7.4064509],[-80.3825499,7.4035804],[-80.3819572,7.4004227],[-80.3828923,7.3975008],[-80.3852195,7.3953877],[-80.3881495,7.3941931],[-80.3913291,7.3942294],[-80.3945952,7.3945886],[-80.3975803,7.3947887],[-80.3999114,7.3948418],[-80.4006765,7.3944805],[-80.3991868,7.3929126],[-80.3970105,7.3907901],[-80.3955329,7.3880985],[-80.3956223,7.3848182],[-80.3967206,7.3811491],[-80.3985006,7.3772989],[-80.400636,7.3732514],[-80.4025876,7.3687475],[-80.4036436,7.3647545],[-80.4041157,7.3593763]]]}},{"type":"Feature","properties":{"nombre":"Corredor Río Oria","notas":"Aquí tenemos que poner mucha atención, porque la conectividad es débil y puede perderse si no cuidamos los bosques y manglares de esta región. Los corredores de esta parte de Azuero están interrumpidos por donde pasa la carretera entre Pedasí y Tonosí. Si se trabaja en fortalecer estos bosques se puede lograr restablecer la conexión con el Canajagua y con el Cerro Hoya.\n","cond_promedio":22.89,"area_ha":12883,"cat":"mediabaja","categoria_etiqueta":"Media-baja","es_mesoamericano":false},"geometry":{"type":"Polygon","coordinates":[[[-80.262225,7.4609603],[-80.2601489,7.4611233],[-80.2578506,7.4613568],[-80.2550876,7.4617511],[-80.2524508,7.4627144],[-80.250396,7.4647683],[-80.2492545,7.4673473],[-80.2487364,7.4695059],[-80.2477711,7.4704014],[-80.2465304,7.4693078],[-80.2456034,7.4669221],[-80.2450786,7.4640127],[-80.2444169,7.4610648],[-80.2440792,7.4581795],[-80.243725,7.4559418],[-80.242106,7.4546632],[-80.2395714,7.4542155],[-80.2367487,7.4539699],[-80.2341549,7.4538902],[-80.2320923,7.4545734],[-80.2304831,7.4551558],[-80.2286905,7.4542648],[-80.2268276,7.45208],[-80.2249882,7.4491444],[-80.2228277,7.4460615],[-80.2205297,7.4429251],[-80.217905,7.4400262],[-80.2152333,7.4373512],[-80.2129272,7.4346447],[-80.2107108,7.4324206],[-80.2079315,7.431219],[-80.2045991,7.4313072],[-80.2007837,7.4317101],[-80.1967474,7.4316267],[-80.1928146,7.4307467],[-80.1892731,7.42905],[-80.1862388,7.4267702],[-80.1834703,7.4245731],[-80.1808925,7.4227105],[-80.1788113,7.4210231],[-80.176419,7.4203077],[-80.1741003,7.4211143],[-80.1723538,7.4232497],[-80.1708573,7.4258702],[-80.1692439,7.4283548],[-80.1680583,7.431077],[-80.1671356,7.4334052],[-80.1657988,7.4344328],[-80.1641677,7.4337743],[-80.1622556,7.4328677],[-80.1604651,7.4330614],[-80.15957,7.4343861],[-80.1597905,7.4363828],[-80.1597096,7.4386138],[-80.1583982,7.4403431],[-80.1559878,7.4409186],[-80.1529015,7.4409781],[-80.14977,7.4407601],[-80.1469128,7.4405369],[-80.1445925,7.4396928],[-80.1430188,7.4381824],[-80.1409794,7.4364112],[-80.1383744,7.4345772],[-80.1354514,7.4328274],[-80.1320462,7.4317993],[-80.1282532,7.4317469],[-80.1241378,7.4319604],[-80.1198964,7.4321447],[-80.11567,7.432097],[-80.1116131,7.4321611],[-80.1079094,7.4326338],[-80.104649,7.4338045],[-80.1011684,7.4351233],[-80.0974245,7.4363137],[-80.0935946,7.4374371],[-80.0897225,7.4384597],[-80.0855669,7.4399539],[-80.0815154,7.4411071],[-80.0775542,7.4426401],[-80.0735832,7.444558],[-80.0693395,7.4466462],[-80.0647589,7.4492457],[-80.0603142,7.4513196],[-80.05604,7.4528151],[-80.0519418,7.4540051],[-80.0482862,7.4552534],[-80.0455426,7.4566547],[-80.0444599,7.4583874],[-80.0454832,7.4602289],[-80.0475642,7.4621503],[-80.0496762,7.4644616],[-80.051905,7.46659],[-80.0539485,7.4682238],[-80.0560932,7.4688511],[-80.0578125,7.4696049],[-80.0581726,7.4714538],[-80.0569472,7.4737396],[-80.0544828,7.4756341],[-80.0515444,7.4766803],[-80.0489862,7.476503],[-80.0476407,7.475118],[-80.0473372,7.4734324],[-80.046453,7.4719354],[-80.0444522,7.471115],[-80.0419016,7.4704257],[-80.039422,7.4703073],[-80.0374213,7.4709587],[-80.0352598,7.4720919],[-80.0327229,7.4732681],[-80.0299954,7.4743669],[-80.0270222,7.4750136],[-80.0244468,7.4758133],[-80.0230913,7.4768254],[-80.023719,7.4778319],[-80.0255686,7.4790473],[-80.0279168,7.4812064],[-80.0304523,7.4838393],[-80.0332112,7.4862674],[-80.0361891,7.4880512],[-80.0392607,7.4891304],[-80.0422599,7.4902775],[-80.045199,7.4911315],[-80.048101,7.4912492],[-80.05057,7.490208],[-80.0524938,7.4887839],[-80.0542127,7.4879164],[-80.0564467,7.4886881],[-80.0591129,7.4902306],[-80.0619738,7.4904684],[-80.0649642,7.489986],[-80.0674825,7.4892693],[-80.0688341,7.4881722],[-80.0690607,7.4862739],[-80.0692943,7.4839623],[-80.0701534,7.4821387],[-80.0726669,7.4813537],[-80.0754382,7.4821423],[-80.0778059,7.483776],[-80.0800197,7.4852164],[-80.0826238,7.4860607],[-80.0852625,7.4866957],[-80.0876141,7.486723],[-80.0897164,7.4860998],[-80.0917712,7.4861731],[-80.093371,7.4875129],[-80.0938951,7.4895301],[-80.0932282,7.4915005],[-80.0927666,7.4931949],[-80.0938491,7.4945843],[-80.0959439,7.4951586],[-80.0982779,7.4948371],[-80.1011209,7.4946376],[-80.1042253,7.4951931],[-80.1072235,7.4961217],[-80.109896,7.4971206],[-80.1121691,7.4974137],[-80.1143765,7.4962458],[-80.1163736,7.4942803],[-80.1183072,7.4925008],[-80.1194708,7.4909234],[-80.1198095,7.4894152],[-80.1206359,7.4875291],[-80.1224944,7.485644],[-80.1251129,7.4844656],[-80.1280587,7.4843765],[-80.1307769,7.4854221],[-80.1329297,7.4868665],[-80.1342223,7.4879212],[-80.1350726,7.4874127],[-80.1351588,7.4857274],[-80.1353417,7.4836412],[-80.1361994,7.4817354],[-80.13706,7.4799197],[-80.1384857,7.4785029],[-80.1403116,7.4780735],[-80.1417671,7.4789188],[-80.1427533,7.4798836],[-80.1441021,7.4799525],[-80.1459059,7.4793237],[-80.1481401,7.4784927],[-80.1505405,7.4768048],[-80.1530718,7.4747309],[-80.1557057,7.4727573],[-80.1583332,7.4710536],[-80.1607948,7.4688987],[-80.1634691,7.4679747],[-80.1658842,7.4682912],[-80.1675344,7.469862],[-80.1690066,7.4717908],[-80.1705561,7.4736555],[-80.171352,7.4756568],[-80.1707871,7.4774497],[-80.1697891,7.4789415],[-80.1693876,7.4807725],[-80.1694484,7.4824638],[-80.1701661,7.4831446],[-80.172783,7.4827416],[-80.1761835,7.4816227],[-80.1802699,7.4809943],[-80.1842647,7.4815631],[-80.1880183,7.4829575],[-80.1915241,7.4849232],[-80.1948394,7.4870717],[-80.1979585,7.4890079],[-80.2011687,7.4899932],[-80.2050658,7.489056],[-80.2084642,7.4867862],[-80.2110206,7.4837793],[-80.2126631,7.48052],[-80.2130114,7.4773038],[-80.2120579,7.4746087],[-80.2105849,7.4725296],[-80.2090344,7.4711678],[-80.2074018,7.469901],[-80.2062968,7.4677567],[-80.2060309,7.4650775],[-80.2074494,7.4620322],[-80.2101473,7.4588931],[-80.213183,7.4563434],[-80.2164228,7.4546645],[-80.2195669,7.4537419],[-80.2222134,7.4540178],[-80.2237802,7.4553993],[-80.2236228,7.4575545],[-80.2223109,7.4598988],[-80.2210866,7.4624451],[-80.2207628,7.464708],[-80.221854,7.4659354],[-80.2242311,7.4659547],[-80.2274483,7.465832],[-80.2309137,7.4664685],[-80.2340828,7.4681852],[-80.2365998,7.4707503],[-80.238473,7.4738246],[-80.2407975,7.4766077],[-80.243667,7.4779429],[-80.2469512,7.4788993],[-80.2504223,7.4798964],[-80.2539698,7.4806503],[-80.2574727,7.4810886],[-80.2609978,7.4814098],[-80.2644372,7.4822455],[-80.2675895,7.4839663],[-80.2703847,7.4862489],[-80.272893,7.4884879],[-80.2753355,7.4898991],[-80.2775734,7.4900989],[-80.279623,7.4900524],[-80.281445,7.4913137],[-80.2829115,7.4937662],[-80.2846146,7.4967483],[-80.2863237,7.4998966],[-80.28838,7.5025246],[-80.2909203,7.5042042],[-80.2940754,7.5051237],[-80.2974455,7.5057427],[-80.3006221,7.5058317],[-80.3032765,7.5048427],[-80.3053894,7.5034171],[-80.3075731,7.5026426],[-80.3095612,7.5025589],[-80.3111034,7.5017067],[-80.3116512,7.4995249],[-80.3121359,7.4963684],[-80.3129431,7.4929077],[-80.3137036,7.4896334],[-80.3135038,7.4866786],[-80.3125927,7.484558],[-80.3111071,7.48426],[-80.3097296,7.4862208],[-80.3081652,7.4894304],[-80.305588,7.4928012],[-80.302558,7.4948613],[-80.2995872,7.4952598],[-80.2970651,7.4945311],[-80.2952589,7.4934638],[-80.2948604,7.491971],[-80.2956385,7.4904754],[-80.2963503,7.4883848],[-80.2965027,7.4858198],[-80.2957919,7.4832443],[-80.2953666,7.480882],[-80.2967175,7.4787943],[-80.2997529,7.4774574],[-80.3027975,7.4764594],[-80.3051427,7.475832],[-80.306156,7.47457],[-80.3054641,7.4726939],[-80.3037992,7.4709121],[-80.3019682,7.4695099],[-80.3007081,7.4673437],[-80.3000924,7.4643335],[-80.2987475,7.4605673],[-80.2965525,7.4577048],[-80.2936622,7.4562682],[-80.2903461,7.4554468],[-80.2869423,7.4549512],[-80.2835502,7.4553682],[-80.2802952,7.4565003],[-80.2768282,7.4574461],[-80.2732625,7.4578851],[-80.2698023,7.4586133],[-80.266773,7.459725],[-80.262225,7.4609603]]]}},{"type":"Feature","properties":{"nombre":"Corredor Matusagaratí -Canglón","notas":"El sistema de humedales de Matusagaratí y la reserva hidrológica Filo del Tallo - Canglón son críticos para la vida silvestre y el suministro de agua potable. Pero ambas reservas están muy intervenidas por cultivos a gran escala y ganadería. En Canglón hay una conexión media-baja hacia el Corredor Biológico Mesoamericano que es importante mantener y fortalecer para asegurar el flujo de especies en toda esa zona, entre el Pacífico y los humedales y el resto del bosque del Darién.\n","cond_promedio":42.58,"area_ha":25954,"cat":"mediana","categoria_etiqueta":"Mediana","es_mesoamericano":false},"geometry":{"type":"Polygon","coordinates":[[[-78.0500159,8.3495298],[-78.0473735,8.3483688],[-78.0440504,8.3474126],[-78.0404484,8.3474566],[-78.0370861,8.3482339],[-78.0342888,8.3491026],[-78.0317316,8.3489676],[-78.0290945,8.3476288],[-78.0263014,8.345495],[-78.0230721,8.3432332],[-78.0196444,8.3412437],[-78.016221,8.3399063],[-78.0130594,8.3395268],[-78.0102662,8.3399899],[-78.007202,8.3405657],[-78.0042009,8.3412163],[-78.0017018,8.3428385],[-78.0003079,8.3453346],[-78.000095,8.3479769],[-78.0009228,8.3501332],[-78.0020919,8.3518943],[-78.0040509,8.3531504],[-78.0059014,8.3543298],[-78.0068946,8.3562938],[-78.007361,8.3589461],[-78.0082844,8.3618564],[-78.0094071,8.364788],[-78.0107643,8.3672611],[-78.0114287,8.369468],[-78.0109885,8.3714493],[-78.0101258,8.373114],[-78.0083179,8.3735513],[-78.0057545,8.3725146],[-78.0020849,8.3711347],[-77.9986811,8.3700371],[-77.9957659,8.368775],[-77.9928923,8.3680987],[-77.9902467,8.3680765],[-77.9877689,8.3676554],[-77.9858601,8.3667835],[-77.983999,8.3659725],[-77.9812614,8.3655467],[-77.9779989,8.3655039],[-77.9744333,8.3651821],[-77.9706287,8.3647923],[-77.966748,8.364648],[-77.963047,8.3647862],[-77.9599599,8.3656473],[-77.9578993,8.3674772],[-77.956364,8.369196],[-77.9546016,8.3696427],[-77.9526681,8.3685026],[-77.950848,8.3665739],[-77.9493661,8.3650625],[-77.9489271,8.3637268],[-77.9502725,8.3618907],[-77.9524703,8.3593946],[-77.9541136,8.3557597],[-77.9541258,8.3524434],[-77.952651,8.3501846],[-77.9507696,8.3486258],[-77.949595,8.3471579],[-77.9494118,8.3454359],[-77.9487519,8.3436132],[-77.9470455,8.3425659],[-77.9451295,8.3429858],[-77.9440628,8.3447916],[-77.9436327,8.3469698],[-77.9430555,8.3484676],[-77.9420722,8.3483635],[-77.9410336,8.3469269],[-77.939648,8.3449807],[-77.937468,8.3435852],[-77.9348157,8.3433699],[-77.932379,8.343648],[-77.9305078,8.3433418],[-77.9288365,8.3428494],[-77.927576,8.3425836],[-77.9269703,8.3415188],[-77.9272024,8.3402126],[-77.9278502,8.3387926],[-77.9279753,8.3366793],[-77.9280967,8.3335196],[-77.9280576,8.329195],[-77.928271,8.3234505],[-77.9290855,8.3159129],[-77.9302799,8.3073112],[-77.9317358,8.2996502],[-77.9337508,8.2939358],[-77.9364349,8.2897244],[-77.9393105,8.2860899],[-77.9419122,8.2820759],[-77.9440788,8.2773828],[-77.945772,8.2721781],[-77.9460565,8.26747],[-77.9446203,8.2636172],[-77.9417674,8.2607645],[-77.9379435,8.2588806],[-77.9333764,8.257909],[-77.9281175,8.2577626],[-77.9223243,8.2580648],[-77.9171134,8.2578801],[-77.9126429,8.2567785],[-77.9089288,8.254677],[-77.9058862,8.2517983],[-77.9032064,8.2485921],[-77.9003067,8.2456353],[-77.8968015,8.2435618],[-77.8928384,8.2427572],[-77.8888484,8.2432369],[-77.8853116,8.244864],[-77.8827488,8.2474833],[-77.8817277,8.2508618],[-77.8827348,8.2545339],[-77.8858304,8.258049],[-77.8904801,8.2614735],[-77.895117,8.2650636],[-77.8990256,8.2691032],[-77.9008235,8.2729627],[-77.900204,8.2763932],[-77.897947,8.2794604],[-77.8951846,8.2825841],[-77.8926846,8.2860462],[-77.8908634,8.2899543],[-77.8899859,8.2942373],[-77.8900518,8.2986122],[-77.8907194,8.3029382],[-77.8914909,8.3072417],[-77.8920368,8.311587],[-77.8922768,8.3159999],[-77.8922891,8.3204637],[-77.8923359,8.3249379],[-77.8928315,8.3293472],[-77.8941244,8.3335388],[-77.8963908,8.3373004],[-77.8997055,8.3404255],[-77.9040342,8.3428699],[-77.9090579,8.3449051],[-77.9135106,8.3467123],[-77.9176293,8.3482738],[-77.921499,8.3494814],[-77.9249134,8.3504456],[-77.9277439,8.3518835],[-77.9297955,8.3543503],[-77.9311321,8.3573719],[-77.931527,8.3604558],[-77.9313112,8.3631639],[-77.9312917,8.3656257],[-77.9312627,8.3679408],[-77.9310203,8.3708102],[-77.9312131,8.3741201],[-77.9319518,8.3774259],[-77.9332667,8.3804677],[-77.9346724,8.3833395],[-77.9357666,8.3862147],[-77.9373695,8.3889063],[-77.9390199,8.3914053],[-77.9402418,8.3939564],[-77.9406289,8.3959884],[-77.9402197,8.396623],[-77.9391501,8.3954446],[-77.9373732,8.3938245],[-77.9347411,8.3931734],[-77.9320292,8.3939396],[-77.9299876,8.3955885],[-77.9290885,8.3978367],[-77.9289908,8.4004687],[-77.9286904,8.4031575],[-77.9278843,8.4052807],[-77.9262166,8.4061691],[-77.9244755,8.4056326],[-77.9231127,8.4044481],[-77.9210811,8.4029108],[-77.9184075,8.4016481],[-77.915747,8.4004988],[-77.9133419,8.3987521],[-77.9105524,8.3970862],[-77.907647,8.3957573],[-77.9054108,8.3941837],[-77.904567,8.3921981],[-77.9047971,8.390349],[-77.9048785,8.3882985],[-77.9044217,8.3863725],[-77.903455,8.3848787],[-77.9024229,8.3836231],[-77.9014735,8.3831774],[-77.9009303,8.3831194],[-77.9005429,8.3821371],[-77.9005699,8.3803854],[-77.9010596,8.3786261],[-77.9021681,8.3770652],[-77.903187,8.3758947],[-77.9032574,8.3745731],[-77.9018273,8.3737574],[-77.8996125,8.3739536],[-77.8968729,8.3759389],[-77.8940198,8.379541],[-77.8909845,8.3839632],[-77.8877462,8.3873532],[-77.8841609,8.38875],[-77.8758133,8.3898065],[-77.8752697,8.3884507],[-77.874353,8.3858806],[-77.8733984,8.3823457],[-77.8721466,8.3783219],[-77.8705628,8.3740014],[-77.8685326,8.3693816],[-77.866544,8.3641622],[-77.8647338,8.359355],[-77.8634187,8.3548747],[-77.8624222,8.3505071],[-77.8614219,8.3462134],[-77.8603865,8.3419677],[-77.8591422,8.3378062],[-77.8577881,8.3337342],[-77.8566773,8.3297363],[-77.8563137,8.3256195],[-77.8561346,8.321406],[-77.8555168,8.3172542],[-77.8540848,8.313362],[-77.8519429,8.3097844],[-77.8494766,8.3065371],[-77.8470335,8.3036556],[-77.8453402,8.3006422],[-77.8447054,8.2971272],[-77.8440038,8.2930446],[-77.8427178,8.2885298],[-77.8413807,8.2835521],[-77.8404539,8.2791793],[-77.8407697,8.2754825],[-77.8425535,8.2725232],[-77.8448878,8.2700618],[-77.8464993,8.2676543],[-77.846303,8.265274],[-77.8441935,8.2632931],[-77.8409601,8.2617452],[-77.8373194,8.260197],[-77.833521,8.2585247],[-77.8295697,8.2567311],[-77.8250683,8.2554818],[-77.8223741,8.2554264],[-77.8217778,8.254914],[-77.8202525,8.2515326],[-77.8207579,8.2481502],[-77.82207,8.244693],[-77.8234186,8.2412569],[-77.8243777,8.2378846],[-77.8258554,8.2347418],[-77.8279886,8.2320028],[-77.8302904,8.2290628],[-77.8323264,8.2258096],[-77.8341945,8.2224641],[-77.8358991,8.2189854],[-77.8369561,8.2153308],[-77.8372621,8.2118505],[-77.8365861,8.208855],[-77.8358998,8.206566],[-77.8363504,8.2050977],[-77.8377154,8.2042318],[-77.8392351,8.202914],[-77.8397391,8.2003557],[-77.8389929,8.1967928],[-77.8372161,8.1921137],[-77.8342738,8.1866981],[-77.8306781,8.1824874],[-77.827019,8.1787806],[-77.8238937,8.1749055],[-77.822618,8.1715797],[-77.8232597,8.1701202],[-77.8234614,8.1705095],[-77.8258483,8.1744458],[-77.8288296,8.1781253],[-77.8327909,8.1811546],[-77.8365824,8.1828149],[-77.8398461,8.1826203],[-77.8419529,8.1809026],[-77.842344,8.1782274],[-77.841414,8.1752685],[-77.8413546,8.1750594],[-77.8435049,8.1756258],[-77.8479812,8.1754992],[-77.8511799,8.1745344],[-77.8520364,8.1743876],[-77.8529955,8.177618],[-77.8554565,8.1814897],[-77.8597838,8.1850205],[-77.8656496,8.1884993],[-77.8698473,8.1912735],[-77.8706364,8.1929733],[-77.8719037,8.195787],[-77.8737492,8.1978413],[-77.876079,8.1983759],[-77.8763788,8.1982654],[-77.8774324,8.1998293],[-77.8800348,8.2047489],[-77.882843,8.2089425],[-77.8861214,8.2123494],[-77.8888389,8.2143202],[-77.8885913,8.2142908],[-77.8858107,8.2138844],[-77.883324,8.2138311],[-77.8816439,8.2145401],[-77.8813416,8.2162056],[-77.8827973,8.2186795],[-77.8860285,8.2216168],[-77.8906679,8.2246227],[-77.8959711,8.2273186],[-77.9010273,8.2294771],[-77.9083451,8.2321424],[-77.9059044,8.2283915],[-77.9044643,8.2257277],[-77.902934,8.2227661],[-77.9014173,8.2199866],[-77.9030239,8.2205693],[-77.9132794,8.2238596],[-77.9232425,8.2266773],[-77.9217682,8.2273659],[-77.919835,8.2295682],[-77.9194987,8.232331],[-77.9210578,8.2348742],[-77.9239768,8.2367526],[-77.9275505,8.2381933],[-77.9314444,8.2401283],[-77.9360423,8.2426314],[-77.9421332,8.2453745],[-77.9497723,8.2479767],[-77.9602961,8.250675],[-77.9741696,8.25365],[-77.9857819,8.2560223],[-77.9944576,8.2580581],[-78.0018342,8.2603533],[-78.0090299,8.2632987],[-78.0145707,8.2664562],[-78.0186197,8.2700592],[-78.0216905,8.2744995],[-78.0243563,8.280229],[-78.0270184,8.2874739],[-78.0292404,8.2944454],[-78.0311981,8.3010598],[-78.0329965,8.3066236],[-78.0348458,8.3115019],[-78.03678,8.3161852],[-78.0386555,8.3211095],[-78.0400153,8.3252604],[-78.0405953,8.3287901],[-78.0411596,8.3321002],[-78.0419863,8.3349272],[-78.0428078,8.3372699],[-78.0444014,8.3397185],[-78.0465596,8.3417504],[-78.0486614,8.3427871],[-78.0500563,8.3428326],[-78.050931,8.3434704],[-78.0516166,8.3454883],[-78.0520369,8.3479705],[-78.0540519,8.3532333],[-78.0519498,8.3530584],[-78.0520276,8.3532076],[-78.0520901,8.3534515],[-78.0500159,8.3495298]],[[-77.9338038,8.332466],[-77.9340746,8.3325829],[-77.9342327,8.3325467],[-77.9341948,8.3323592],[-77.9339757,8.3321216],[-77.9336988,8.331988],[-77.9332698,8.3320603],[-77.9338038,8.332466]],[[-77.9036941,8.3801889],[-77.9038358,8.3798623],[-77.9038939,8.379492],[-77.9038322,8.3791395],[-77.9036471,8.3788738],[-77.9033753,8.3787504],[-77.9030863,8.3787964],[-77.9028601,8.3790055],[-77.9027612,8.3793387],[-77.9028125,8.3797271],[-77.9029722,8.380095],[-77.9033598,8.3806267],[-77.9036941,8.3801889]],[[-77.9045212,8.3804906],[-77.9045208,8.3805045],[-77.9045443,8.3805059],[-77.9045979,8.3804712],[-77.9045212,8.3804906]],[[-77.8510908,8.2450844],[-77.8502789,8.2428323],[-77.8496317,8.2401707],[-77.8488529,8.2375008],[-77.8477175,8.2353476],[-77.8462487,8.2342271],[-77.844669,8.2344321],[-77.8432012,8.2358625],[-77.8418291,8.2381304],[-77.8403537,8.2408145],[-77.8386531,8.2435708],[-77.8366879,8.2461071],[-77.8345493,8.248264],[-77.8324983,8.2501285],[-77.8309884,8.2519849],[-77.8305369,8.2539186],[-77.8314577,8.2557077],[-77.8336821,8.2570107],[-77.8368489,8.2576226],[-77.8404479,8.2576321],[-77.8439717,8.25729],[-77.8470899,8.2565722],[-77.8496087,8.2553394],[-77.8514177,8.2536262],[-77.8524669,8.2516126],[-77.8530452,8.247928],[-77.8510908,8.2450844]],[[-77.8616243,8.1881448],[-77.8588573,8.187403],[-77.8561448,8.1873626],[-77.8540405,8.1881434],[-77.8530716,8.1896475],[-77.8535,8.1915182],[-77.855164,8.1932449],[-77.8576103,8.1943515],[-77.8602613,8.1945619],[-77.8625888,8.1938979],[-77.8642773,8.1927039],[-77.8659806,8.1903191],[-77.8616243,8.1881448]],[[-77.8638181,8.2295846],[-77.8634755,8.2299103],[-77.8636968,8.2300856],[-77.8642612,8.2299355],[-77.8654038,8.2291792],[-77.8638181,8.2295846]],[[-77.9308774,8.3848633],[-77.9309662,8.3846698],[-77.9306732,8.3848741],[-77.9298214,8.3858354],[-77.9308774,8.3848633]],[[-77.9074442,8.3818041],[-77.907279,8.3822797],[-77.9073524,8.3826648],[-77.907568,8.3826928],[-77.9078034,8.3823253],[-77.9081347,8.3812873],[-77.9074442,8.3818041]],[[-77.9301753,8.3249061],[-77.9301888,8.3248955],[-77.9300508,8.3239402],[-77.9301753,8.3249061]],[[-77.9398514,8.3274681],[-77.9411653,8.3263839],[-77.9416502,8.3250009],[-77.9412048,8.3238006],[-77.9400692,8.3232416],[-77.9387083,8.3234823],[-77.9375796,8.324465],[-77.9369073,8.3258636],[-77.9365249,8.3284369],[-77.9398514,8.3274681]],[[-78.0046673,8.3633288],[-78.0048423,8.3632629],[-78.0046762,8.3630552],[-78.003867,8.3628254],[-78.0046673,8.3633288]],[[-77.9251848,8.3992105],[-77.9253429,8.3993186],[-77.9253371,8.3990565],[-77.9249118,8.3982257],[-77.9251848,8.3992105]]]}},{"type":"Feature","properties":{"nombre":"Corredor Tabasará - Pixvae","notas":"Este corredor tiene una conectividad muy débil. Aquí se unen los bosques del Caribe en la Comarca Ngäbe Buglé con Pixvae en el Pacífico de Veraguas, atravesando la carretera Panamericana y la hidroeléctrica de Barro Blanco.","cond_promedio":32.81,"area_ha":280303,"cat":"mediabaja","categoria_etiqueta":"Media-baja","es_mesoamericano":false},"geometry":{"type":"Polygon","coordinates":[[[-81.2588577,8.3846796],[-81.2548932,8.3747739],[-81.2552909,8.3746274],[-81.2571795,8.3736358],[-81.2587792,8.3724739],[-81.2603042,8.3709862],[-81.2614533,8.3695262],[-81.2623938,8.3679952],[-81.2629454,8.3669759],[-81.2632625,8.3663162],[-81.2635242,8.3657296],[-81.2637983,8.3651528],[-81.2640229,8.3647318],[-81.2642597,8.36439],[-81.2645766,8.3640641],[-81.2649791,8.3637849],[-81.2654331,8.3635762],[-81.2658878,8.3634246],[-81.2663109,8.3632996],[-81.2667596,8.3631863],[-81.2672821,8.363109],[-81.2678257,8.3631112],[-81.2683402,8.3631857],[-81.2688845,8.3633446],[-81.2694287,8.3636391],[-81.2699912,8.3641635],[-81.2706531,8.3650298],[-81.2715377,8.366287],[-81.2726059,8.367562],[-81.2740274,8.3689566],[-81.275449,8.3701015],[-81.2770335,8.3711913],[-81.2784291,8.3721989],[-81.2797847,8.3732536],[-81.280962,8.3740945],[-81.2821282,8.3748298],[-81.2829743,8.3753691],[-81.2836348,8.3758104],[-81.284436,8.3763316],[-81.2855784,8.3769427],[-81.2872525,8.3776877],[-81.2889152,8.378243],[-81.2906178,8.3786436],[-81.2916628,8.3788497],[-81.2922031,8.3789341],[-81.2924916,8.3789598],[-81.2927236,8.3789586],[-81.2930083,8.3789319],[-81.2935317,8.3788532],[-81.2945228,8.3786735],[-81.2960885,8.3783509],[-81.2974719,8.3779767],[-81.2987274,8.3775562],[-81.29966,8.3773012],[-81.3003675,8.3772486],[-81.3009462,8.3773782],[-81.3014476,8.3776435],[-81.3018921,8.3779708],[-81.302248,8.3782522],[-81.3025732,8.3785248],[-81.302946,8.3788919],[-81.30339,8.3794406],[-81.3039848,8.380294],[-81.3048325,8.3815144],[-81.3058991,8.38277],[-81.3073546,8.3841657],[-81.3088423,8.3853195],[-81.3104816,8.3863837],[-81.3117272,8.3872078],[-81.3126922,8.3879],[-81.3134751,8.3884432],[-81.3142776,8.3889652],[-81.3150531,8.3894879],[-81.3159399,8.3900779],[-81.3170852,8.3907218],[-81.3186588,8.3914735],[-81.3201069,8.3920285],[-81.3215691,8.3924638],[-81.3228387,8.3928454],[-81.3237824,8.3931376],[-81.3241846,8.392975],[-81.327936,8.3919019],[-81.3317542,8.3919901],[-81.3357882,8.3927685],[-81.3375491,8.3930847],[-81.3376675,8.3930682],[-81.33807,8.3930128],[-81.3385845,8.3929441],[-81.3392699,8.3928545],[-81.3398289,8.3927965],[-81.3402378,8.3927676],[-81.3405913,8.3927502],[-81.3409282,8.3927324],[-81.341319,8.3927144],[-81.3417415,8.392714],[-81.3421302,8.3927303],[-81.3424575,8.3927419],[-81.3427789,8.3927418],[-81.3431042,8.39273],[-81.3434881,8.3927132],[-81.3439007,8.3927121],[-81.3442772,8.3927254],[-81.3446084,8.3927292],[-81.3450181,8.3927124],[-81.3456974,8.3926731],[-81.3468161,8.3926326],[-81.3481551,8.3926852],[-81.3496867,8.3928292],[-81.3507765,8.392911],[-81.3516572,8.3928992],[-81.3527135,8.3927821],[-81.3541156,8.3925678],[-81.3550748,8.3923977],[-81.3556515,8.3922684],[-81.3561238,8.392111],[-81.3567136,8.39184],[-81.3577255,8.391298],[-81.3592607,8.3903672],[-81.3607116,8.3892624],[-81.3621599,8.3878755],[-81.3632359,8.3866064],[-81.3641104,8.3853474],[-81.3647546,8.3844169],[-81.365255,8.3837512],[-81.3655892,8.3833136],[-81.3658347,8.3829926],[-81.3660779,8.3827009],[-81.3663427,8.3824378],[-81.3667048,8.3821218],[-81.3672029,8.3816723],[-81.367974,8.3809123],[-81.3690646,8.3797535],[-81.3699347,8.3787022],[-81.3706358,8.3777212],[-81.3711586,8.3770174],[-81.3715887,8.3765312],[-81.3720029,8.3761236],[-81.372576,8.3755897],[-81.3733767,8.3748428],[-81.3740932,8.3741967],[-81.374782,8.3735669],[-81.3756687,8.3726992],[-81.3768558,8.3714585],[-81.377767,8.3703952],[-81.3784653,8.3694621],[-81.3789704,8.3688024],[-81.3792977,8.368422],[-81.3795181,8.368211],[-81.3797301,8.3680498],[-81.3799432,8.3679079],[-81.3801709,8.3677601],[-81.3804035,8.3676157],[-81.3807145,8.3674265],[-81.3811076,8.3671922],[-81.3814943,8.366944],[-81.3819386,8.3666399],[-81.3825626,8.3662059],[-81.3834332,8.3655574],[-81.384464,8.3646161],[-81.3851976,8.3638184],[-81.3859564,8.3627977],[-81.386918,8.3615901],[-81.3877284,8.3601969],[-81.388282,8.3590327],[-81.3885909,8.3581294],[-81.38879,8.3573337],[-81.3889896,8.3563735],[-81.389252,8.3551048],[-81.3895215,8.3541251],[-81.3898111,8.3534376],[-81.3901218,8.3528963],[-81.3904875,8.3522889],[-81.390991,8.3513734],[-81.391653,8.3500723],[-81.3921142,8.3490833],[-81.3924168,8.3483477],[-81.3926713,8.3477126],[-81.39293,8.3471064],[-81.3931588,8.3465633],[-81.393434,8.3459064],[-81.3938763,8.3448457],[-81.3945078,8.3432728],[-81.3950072,8.341674],[-81.3953864,8.3399972],[-81.3955899,8.3389302],[-81.3956895,8.3382831],[-81.3957634,8.3377244],[-81.3958749,8.336967],[-81.396049,8.33588],[-81.3962681,8.3344143],[-81.3963829,8.3333263],[-81.3963725,8.3324174],[-81.3962202,8.3312828],[-81.3961242,8.3307924],[-81.3940883,8.3271543],[-81.3904158,8.3234664],[-81.3853801,8.3201918],[-81.3798961,8.3175733],[-81.3740419,8.3158086],[-81.3688247,8.3153428],[-81.3643304,8.3162141],[-81.3604751,8.3181617],[-81.3571132,8.3206483],[-81.3539705,8.3230249],[-81.3506469,8.3243684],[-81.3469069,8.3244363],[-81.3427869,8.3239907],[-81.3419963,8.3238969],[-81.3416925,8.3241655],[-81.340396,8.325294],[-81.3390781,8.3263194],[-81.3376521,8.3273385],[-81.3363719,8.3283579],[-81.3351183,8.3294981],[-81.3343328,8.3302609],[-81.3339024,8.3306925],[-81.3335833,8.3310112],[-81.3331785,8.3313868],[-81.3325768,8.3319151],[-81.3317328,8.3326283],[-81.3308752,8.333249],[-81.3300217,8.3337548],[-81.3293945,8.3340678],[-81.3289972,8.3342337],[-81.3287053,8.3343292],[-81.3284654,8.3343853],[-81.328248,8.3344144],[-81.3279807,8.3344342],[-81.3276436,8.3344635],[-81.3270905,8.3345385],[-81.3260987,8.3347086],[-81.3245703,8.3350113],[-81.3232837,8.3353501],[-81.3222038,8.3357304],[-81.3214638,8.3360121],[-81.3209662,8.3362101],[-81.3204843,8.3364028],[-81.3199041,8.3366172],[-81.3193239,8.33675],[-81.3187698,8.3367397],[-81.3182615,8.3365475],[-81.3178179,8.3361294],[-81.3174437,8.3354103],[-81.3171174,8.3342937],[-81.3168102,8.3328279],[-81.3166073,8.3318316],[-81.3164702,8.3312389],[-81.3163135,8.330762],[-81.316045,8.3301729],[-81.3155027,8.3291638],[-81.3145595,8.3276288],[-81.3134061,8.3261647],[-81.3118776,8.3246758],[-81.3102751,8.3235147],[-81.308382,8.3225253],[-81.3066211,8.3218835],[-81.3048263,8.3214668],[-81.3035692,8.3212869],[-81.3025267,8.3212904],[-81.3012731,8.321475],[-81.2994947,8.3218831],[-81.2977887,8.3224713],[-81.2960401,8.3232927],[-81.2947452,8.3240488],[-81.2937148,8.3247699],[-81.2929514,8.3252549],[-81.2923304,8.3254976],[-81.2917793,8.3255291],[-81.2912857,8.3253807],[-81.2908677,8.3250846],[-81.2905453,8.3246803],[-81.2903182,8.324217],[-81.2901534,8.3237499],[-81.2900035,8.3233203],[-81.2898313,8.3228818],[-81.2896345,8.3224157],[-81.2893329,8.3217994],[-81.2887544,8.3207477],[-81.2877633,8.3191445],[-81.2865724,8.3175745],[-81.2851384,8.3159847],[-81.2841436,8.3149733],[-81.2834806,8.3143666],[-81.2829117,8.3138911],[-81.2823218,8.3134197],[-81.2817123,8.312988],[-81.2810176,8.3125297],[-81.2804196,8.3120776],[-81.2799419,8.3116038],[-81.2796111,8.3111122],[-81.2794408,8.3105987],[-81.2794416,8.3100806],[-81.2796262,8.3095895],[-81.2800208,8.3091549],[-81.2806822,8.3087868],[-81.2816933,8.3084615],[-81.2830444,8.3081334],[-81.2841524,8.3078393],[-81.2850985,8.3075604],[-81.28587,8.307411],[-81.28654,8.3074525],[-81.2871796,8.3077195],[-81.2878965,8.3082497],[-81.2888882,8.3091091],[-81.2903836,8.3103679],[-81.2919899,8.3114626],[-81.2938904,8.312442],[-81.2956503,8.313087],[-81.2974247,8.313507],[-81.2986233,8.3136918],[-81.2995438,8.3137082],[-81.3006123,8.3135938],[-81.3020193,8.3133776],[-81.3029831,8.3132121],[-81.3035588,8.3131085],[-81.3039334,8.3130472],[-81.3043151,8.312995],[-81.3048774,8.3129156],[-81.3058351,8.3127633],[-81.307257,8.3125167],[-81.3083187,8.3122976],[-81.3090531,8.3121063],[-81.3095904,8.311954],[-81.3099845,8.3118457],[-81.3102704,8.3117625],[-81.3104987,8.3116887],[-81.3107699,8.3115916],[-81.3111298,8.3114512],[-81.3117339,8.3112102],[-81.3126425,8.3108554],[-81.313681,8.3105137],[-81.3148856,8.3101571],[-81.3160418,8.3097404],[-81.3172847,8.3091926],[-81.3183476,8.3086754],[-81.3195065,8.3080442],[-81.3210575,8.3071114],[-81.322458,8.306089],[-81.3237749,8.3049325],[-81.3245785,8.3041533],[-81.3250056,8.3036838],[-81.3252582,8.303362],[-81.325466,8.303067],[-81.325778,8.3026252],[-81.3262966,8.3019266],[-81.3271169,8.3009131],[-81.3282736,8.2994949],[-81.329289,8.2980155],[-81.3302077,8.296351],[-81.330791,8.2950379],[-81.3311622,8.2939436],[-81.3314335,8.2931802],[-81.3317105,8.2926411],[-81.3320611,8.2922053],[-81.3325542,8.2917527],[-81.3333206,8.2911539],[-81.3343239,8.2904981],[-81.3347764,8.290237],[-81.334883,8.2897092],[-81.3358356,8.2841986],[-81.3375182,8.2796604],[-81.3405825,8.2765922],[-81.3452436,8.2751211],[-81.3500224,8.2744586],[-81.3545349,8.2735982],[-81.3585059,8.2718872],[-81.3616964,8.2691915],[-81.3640353,8.2657343],[-81.3657497,8.2618915],[-81.367262,8.2580108],[-81.3690894,8.2543115],[-81.3712322,8.2506362],[-81.3730052,8.2464453],[-81.3738698,8.2414445],[-81.3736603,8.2357634],[-81.3726189,8.2307205],[-81.370906,8.2264099],[-81.3689636,8.2224994],[-81.367533,8.2185552],[-81.3668651,8.2144548],[-81.3661983,8.2102689],[-81.3648288,8.2061634],[-81.3624637,8.2023582],[-81.3590759,8.1988072],[-81.3547383,8.1953137],[-81.3496756,8.1914638],[-81.3452356,8.1870369],[-81.3422685,8.1828328],[-81.3411727,8.1787986],[-81.3418275,8.1748834],[-81.3435798,8.1711282],[-81.3458271,8.1674487],[-81.3483931,8.1639531],[-81.3516122,8.1610215],[-81.3556115,8.1585683],[-81.360392,8.1564453],[-81.3658189,8.1545606],[-81.3713699,8.1539095],[-81.3772788,8.1544108],[-81.383887,8.1561808],[-81.3904171,8.1586221],[-81.3966661,8.1605438],[-81.4033823,8.1618525],[-81.4110463,8.1629606],[-81.4181447,8.1636777],[-81.4248415,8.1641596],[-81.4305503,8.1647235],[-81.4355042,8.1652735],[-81.4400406,8.1653755],[-81.4443596,8.1647506],[-81.4484589,8.1634611],[-81.4524605,8.162041],[-81.4566399,8.1611271],[-81.4610165,8.1607676],[-81.4655893,8.1607886],[-81.4703954,8.1610064],[-81.4754793,8.1616149],[-81.480915,8.1629485],[-81.4858758,8.1639437],[-81.4903951,8.1640772],[-81.4944678,8.1630461],[-81.4979927,8.1608628],[-81.500902,8.1578771],[-81.5034496,8.1547027],[-81.5062775,8.1519662],[-81.5096057,8.1498166],[-81.5128869,8.1475031],[-81.515607,8.1445673],[-81.5174568,8.140979],[-81.5184572,8.1370618],[-81.5191309,8.1333415],[-81.5204327,8.1303573],[-81.5231304,8.1286861],[-81.5268488,8.1279463],[-81.5310062,8.1272299],[-81.5351151,8.1260268],[-81.5387712,8.1241079],[-81.5416391,8.1213342],[-81.5434489,8.1177686],[-81.5440056,8.113716],[-81.5433236,8.1095705],[-81.5416754,8.105591],[-81.5394437,8.1017815],[-81.5367274,8.0983099],[-81.5337622,8.0951339],[-81.5307673,8.092014],[-81.5279157,8.0886604],[-81.5246894,8.0853679],[-81.5205404,8.0822853],[-81.5150803,8.0794888],[-81.5084891,8.076852],[-81.5029418,8.0744846],[-81.4987276,8.0718397],[-81.4953945,8.0687159],[-81.4923386,8.0654179],[-81.4893944,8.0620109],[-81.4867393,8.0584744],[-81.484382,8.0549503],[-81.4828011,8.0512602],[-81.4828101,8.0467992],[-81.4842966,8.0415334],[-81.4867979,8.0366367],[-81.490078,8.0320628],[-81.4941377,8.0277092],[-81.4980671,8.0241866],[-81.5016016,8.0211078],[-81.5043952,8.0178088],[-81.5061345,8.0140306],[-81.5066449,8.0099212],[-81.5060254,8.0057665],[-81.5046584,8.0017008],[-81.5029804,7.9976257],[-81.5012239,7.9936409],[-81.4996996,7.9896131],[-81.4982329,7.9855595],[-81.4962333,7.9818364],[-81.4934569,7.9787451],[-81.4899671,7.9762897],[-81.486016,7.9741381],[-81.4817495,7.9718182],[-81.4769461,7.9692833],[-81.4716315,7.9661295],[-81.4667266,7.9616011],[-81.4619284,7.9553957],[-81.4580641,7.9478719],[-81.4564226,7.9406724],[-81.4559324,7.9347003],[-81.4560523,7.929641],[-81.4563571,7.9250693],[-81.4562624,7.9207345],[-81.4557018,7.9165542],[-81.4552938,7.9124869],[-81.4560274,7.9084586],[-81.4582722,7.9045576],[-81.4616822,7.9010262],[-81.4655987,7.8992941],[-81.4696778,7.8990936],[-81.4738742,7.8991207],[-81.4780024,7.8984606],[-81.4816953,7.8967402],[-81.4845995,7.8939611],[-81.4864752,7.890351],[-81.4871837,7.8863702],[-81.4866497,7.8824523],[-81.4848664,7.8788603],[-81.4819744,7.8759027],[-81.4782983,7.8736245],[-81.474304,7.8715981],[-81.470493,7.8689355],[-81.4676302,7.8651475],[-81.4671734,7.8609721],[-81.4691493,7.856682],[-81.4712838,7.852464],[-81.4724673,7.8481489],[-81.4723176,7.843583],[-81.4708665,7.8386576],[-81.4684692,7.8335214],[-81.4655428,7.8292656],[-81.4624013,7.8258081],[-81.4594105,7.8225839],[-81.4563976,7.8193318],[-81.4528309,7.8162853],[-81.4483941,7.8136923],[-81.4430983,7.8115782],[-81.4381998,7.8098961],[-81.4340622,7.8080994],[-81.4306843,7.8054588],[-81.427439,7.8022185],[-81.423722,7.798847],[-81.4196353,7.7954],[-81.4166616,7.7918173],[-81.4150207,7.787915],[-81.4136845,7.7839084],[-81.4118011,7.7802485],[-81.4090591,7.7773587],[-81.4054793,7.7754396],[-81.4012117,7.7743888],[-81.3964704,7.7737261],[-81.3914326,7.7726909],[-81.3864939,7.7707319],[-81.3832285,7.7678339],[-81.3823618,7.7633625],[-81.3837842,7.7575314],[-81.3869927,7.7516753],[-81.3908331,7.7465343],[-81.3945602,7.7415902],[-81.3970114,7.736995],[-81.3978503,7.7327188],[-81.3970513,7.7287991],[-81.394721,7.7254257],[-81.3910476,7.7228152],[-81.3862735,7.7209291],[-81.3807872,7.7192784],[-81.375811,7.7171278],[-81.3712632,7.7139098],[-81.3668122,7.7092272],[-81.3624289,7.7026225],[-81.3587605,7.6961022],[-81.3562962,7.6905497],[-81.3545055,7.6857341],[-81.3528136,7.6815212],[-81.3514136,7.6777361],[-81.3510992,7.6741396],[-81.3522494,7.670985],[-81.3548583,7.66887],[-81.3587572,7.6681725],[-81.3636056,7.6688775],[-81.369175,7.6704321],[-81.3744715,7.6719708],[-81.3795547,7.6734873],[-81.3847355,7.6752857],[-81.390229,7.6772321],[-81.395642,7.67835],[-81.4012319,7.6785899],[-81.4071683,7.6785255],[-81.4127252,7.6790979],[-81.4181837,7.6800449],[-81.4236982,7.6813383],[-81.4281562,7.6833812],[-81.4314509,7.6863277],[-81.4341242,7.6898306],[-81.4365906,7.6935791],[-81.4394742,7.6971168],[-81.4432311,7.7001691],[-81.4482506,7.7026673],[-81.4545651,7.7045322],[-81.4611251,7.7054598],[-81.46697,7.7058201],[-81.4723464,7.7062539],[-81.4778032,7.7069032],[-81.4836668,7.707617],[-81.4890294,7.7081689],[-81.4939267,7.7083023],[-81.4985614,7.7083127],[-81.5031637,7.7088543],[-81.5078984,7.7104228],[-81.5129036,7.7133517],[-81.5177842,7.7175936],[-81.5203154,7.7215878],[-81.5199377,7.7250198],[-81.5176015,7.7278682],[-81.5144069,7.7305062],[-81.5108718,7.733004],[-81.5071237,7.7352512],[-81.5035884,7.7377283],[-81.500741,7.7407755],[-81.49883,7.7444109],[-81.4979172,7.7484368],[-81.498051,7.7525871],[-81.4994728,7.7565282],[-81.5023861,7.7599249],[-81.5070028,7.7624562],[-81.5136098,7.7639002],[-81.52203,7.7643363],[-81.5290825,7.7643322],[-81.5346031,7.7636993],[-81.5390217,7.7621947],[-81.5425203,7.7597835],[-81.545179,7.7567836],[-81.5473182,7.7538736],[-81.5496082,7.752014],[-81.5525473,7.7521299],[-81.5560357,7.7539055],[-81.560213,7.7565504],[-81.5648729,7.7596244],[-81.5686862,7.7630059],[-81.5715276,7.766559],[-81.5732358,7.7703186],[-81.5738792,7.7744511],[-81.5744479,7.7790458],[-81.5757798,7.7841176],[-81.5782336,7.7896798],[-81.5811308,7.79507],[-81.5837797,7.8004969],[-81.5850828,7.8054477],[-81.5849335,7.8099412],[-81.5837589,7.8142498],[-81.5824552,7.8188],[-81.5814162,7.8238792],[-81.5805582,7.8294352],[-81.579432,7.8345066],[-81.578527,7.8391708],[-81.5781192,7.8436775],[-81.5781927,7.848087],[-81.5783965,7.8524484],[-81.5787576,7.8567652],[-81.5797821,7.8607884],[-81.581784,7.8642154],[-81.5847924,7.8668007],[-81.5885768,7.8683878],[-81.5927211,7.8690709],[-81.5966996,7.8692906],[-81.5999624,7.8697742],[-81.6018045,7.8713462],[-81.6018006,7.8741305],[-81.6008163,7.8777159],[-81.5999108,7.8817309],[-81.5996609,7.8859459],[-81.6004844,7.8900428],[-81.6025454,7.8938692],[-81.605796,7.8975983],[-81.6099608,7.9017881],[-81.6143137,7.907019],[-81.6173047,7.9120658],[-81.6195641,7.9167598],[-81.6215635,7.9214378],[-81.6233061,7.9266054],[-81.6250497,7.9324772],[-81.6273405,7.9381478],[-81.6302345,7.943638],[-81.6327608,7.9484619],[-81.6347455,7.9528121],[-81.6362151,7.9569767],[-81.6370392,7.9611963],[-81.63793,7.965539],[-81.6394907,7.9699417],[-81.6420228,7.9746557],[-81.6457374,7.9802447],[-81.6509287,7.9870441],[-81.6566508,7.9939619],[-81.663109,8.0009783],[-81.6684106,8.0062268],[-81.6726445,8.0101888],[-81.6760635,8.0138974],[-81.679019,8.0178283],[-81.6822904,8.0220472],[-81.686277,8.0262872],[-81.6903336,8.0296565],[-81.6945119,8.0321139],[-81.6987962,8.0338478],[-81.7030999,8.0353742],[-81.7071476,8.0376044],[-81.7106318,8.0409396],[-81.7123126,8.044791],[-81.712928,8.0488614],[-81.7136854,8.0529651],[-81.7152516,8.0568933],[-81.7176555,8.0604255],[-81.7203679,8.0635184],[-81.7225592,8.0663049],[-81.7232048,8.0688618],[-81.7216237,8.0704838],[-81.7178926,8.0707929],[-81.7127509,8.0706626],[-81.7077825,8.0712463],[-81.7034498,8.0731612],[-81.6999307,8.0765779],[-81.6972874,8.0811941],[-81.6956443,8.085625],[-81.6943896,8.0891202],[-81.6925389,8.0909063],[-81.6897974,8.0906965],[-81.6863395,8.0896999],[-81.6823629,8.0890242],[-81.6782732,8.0893088],[-81.6744455,8.090734],[-81.671146,8.0932359],[-81.6686296,8.0965688],[-81.6671731,8.1004365],[-81.6668791,8.1045557],[-81.6675439,8.1086798],[-81.6687008,8.1127925],[-81.6695672,8.117021],[-81.6696598,8.1216828],[-81.6691208,8.1268031],[-81.667828,8.1323033],[-81.6659168,8.1368673],[-81.6629802,8.1399717],[-81.6589972,8.1413534],[-81.6540756,8.140938],[-81.6491708,8.1402717],[-81.6444728,8.1401025],[-81.6401072,8.1408401],[-81.6361509,8.1427338],[-81.6326434,8.1458165],[-81.6294891,8.1500649],[-81.6264133,8.1552923],[-81.6231427,8.1604548],[-81.6199435,8.1657026],[-81.6176023,8.170579],[-81.615983,8.1752489],[-81.6144857,8.1799996],[-81.6128388,8.1850547],[-81.6110106,8.1904725],[-81.609909,8.1956675],[-81.6096058,8.200791],[-81.6098756,8.206177],[-81.610626,8.2119354],[-81.6111927,8.2172426],[-81.6116267,8.2220855],[-81.6119409,8.2266246],[-81.6125129,8.2309291],[-81.6133186,8.2348981],[-81.6136368,8.2383733],[-81.6124784,8.241117],[-81.6097685,8.2427234],[-81.6062059,8.2438513],[-81.6024768,8.2454058],[-81.5991912,8.247848],[-81.5968484,8.2511584],[-81.5957482,8.2550226],[-81.5959487,8.2590641],[-81.597329,8.2629586],[-81.5997155,8.2663228],[-81.6029301,8.2689345],[-81.6067193,8.2705078],[-81.6107548,8.2707883],[-81.6146363,8.2697363],[-81.618027,8.2675985],[-81.620838,8.2649515],[-81.6234003,8.2626958],[-81.6264251,8.2617439],[-81.6300152,8.2620669],[-81.6340236,8.2628321],[-81.6381722,8.263809],[-81.6421548,8.2653687],[-81.6460207,8.2672842],[-81.64997,8.2691026],[-81.6541234,8.2705405],[-81.6583675,8.271576],[-81.6627034,8.2720556],[-81.6669966,8.2718971],[-81.6710995,8.2715325],[-81.6750315,8.2717721],[-81.678952,8.2726058],[-81.6829687,8.2731495],[-81.6870422,8.2728127],[-81.6909231,8.2714907],[-81.6943827,8.2696423],[-81.697464,8.268258],[-81.700464,8.26848],[-81.7030918,8.2703334],[-81.7051063,8.2734001],[-81.7071991,8.2769073],[-81.7098232,8.2800841],[-81.7131054,8.2824022],[-81.7169121,8.2835875],[-81.720964,8.2835186],[-81.7249007,8.282205],[-81.7284636,8.2799531],[-81.7315389,8.2774328],[-81.7342354,8.2756658],[-81.7369136,8.2759597],[-81.7394802,8.2789313],[-81.7417196,8.2828004],[-81.7437456,8.286563],[-81.7439758,8.2864377],[-81.745076,8.2858978],[-81.7459888,8.285519],[-81.746712,8.285284],[-81.7472586,8.2851301],[-81.7477946,8.2849866],[-81.7484634,8.2847908],[-81.7492697,8.2845024],[-81.7502962,8.2841181],[-81.7512477,8.2838697],[-81.7521867,8.2837914],[-81.7531838,8.283826],[-81.7540184,8.2838452],[-81.7549209,8.2837925],[-81.7561107,8.2836184],[-81.7577881,8.2832816],[-81.7592853,8.2828711],[-81.7607188,8.2823938],[-81.7618756,8.282104],[-81.7629239,8.2820344],[-81.7641047,8.2821246],[-81.7656295,8.2823131],[-81.7668212,8.2824201],[-81.7679103,8.2824029],[-81.7692151,8.2822167],[-81.7710468,8.2817859],[-81.7728562,8.2811029],[-81.7748496,8.2800137],[-81.776654,8.2786587],[-81.7784892,8.276898],[-81.7798113,8.2753608],[-81.7808262,8.2739418],[-81.7815397,8.2730064],[-81.7821192,8.2724793],[-81.782681,8.2722464],[-81.7832864,8.2722348],[-81.7839807,8.2723961],[-81.7848013,8.272669],[-81.785662,8.2729304],[-81.7866374,8.2732013],[-81.7874458,8.2734929],[-81.7881111,8.2738458],[-81.7887186,8.2742524],[-81.7892951,8.2746288],[-81.7899005,8.2749895],[-81.7903384,8.2752512],[-81.7906393,8.2754365],[-81.790925,8.275631],[-81.7912383,8.2758729],[-81.7916435,8.2762445],[-81.7921505,8.2767991],[-81.792779,8.2775755],[-81.7936968,8.2787012],[-81.7950937,8.2802015],[-81.7956351,8.2807313],[-81.7994537,8.2802631],[-81.8038164,8.2807083],[-81.8085097,8.2828352],[-81.8136245,8.2866106],[-81.8188148,8.290556],[-81.8232752,8.2937135],[-81.8267654,8.2965399],[-81.8289507,8.2998989],[-81.8300108,8.3037472],[-81.8301614,8.3078937],[-81.8298239,8.3121319],[-81.8293913,8.3163824],[-81.8286805,8.3203941],[-81.8271533,8.324126],[-81.8259111,8.3264446],[-81.8259701,8.326805],[-81.826105,8.3276827],[-81.8262386,8.3285696],[-81.8264561,8.329754],[-81.8268351,8.3314628],[-81.8273169,8.3330436],[-81.8279105,8.3345832],[-81.8283078,8.3356815],[-81.8284949,8.3364546],[-81.8285184,8.3370906],[-81.8284175,8.3377207],[-81.8282418,8.338481],[-81.828027,8.3395565],[-81.8277892,8.3410322],[-81.8276694,8.3421699],[-81.8276877,8.3431779],[-81.8278716,8.344422],[-81.8282667,8.3461843],[-81.8288098,8.3478428],[-81.829512,8.3494665],[-81.8300142,8.3504939],[-81.8303389,8.351072],[-81.8306608,8.3515178],[-81.8311496,8.3520631],[-81.8320327,8.3529348],[-81.8334226,8.354207],[-81.8347122,8.3552309],[-81.8359416,8.3560494],[-81.836777,8.3565808],[-81.8373439,8.3569283],[-81.8379777,8.3572831],[-81.8390087,8.3577848],[-81.8406297,8.3584762],[-81.8422871,8.359009],[-81.8440526,8.3593949],[-81.8453065,8.35957],[-81.8463516,8.3595677],[-81.847604,8.3593876],[-81.8493658,8.3589966],[-81.8510176,8.3584642],[-81.8526333,8.3577845],[-81.8536702,8.3573142],[-81.8543502,8.3570049],[-81.8548831,8.3567955],[-81.8555028,8.356603],[-81.856439,8.3563602],[-81.8577498,8.3560275],[-81.8589847,8.3556203],[-81.8602034,8.3551114],[-81.8610686,8.354724],[-81.861745,8.3544123],[-81.8618483,8.3543662],[-81.8618544,8.3541783],[-81.8620779,8.3508565],[-81.8632132,8.3483879],[-81.8655701,8.3472227],[-81.8686758,8.3470579],[-81.8722488,8.3465793],[-81.8759798,8.3455526],[-81.8799071,8.3446414],[-81.8840032,8.34399],[-81.8880876,8.3432446],[-81.8919587,8.3422255],[-81.895458,8.3403905],[-81.8987454,8.3380632],[-81.9025242,8.3359845],[-81.9069727,8.3340609],[-81.9119099,8.3319658],[-81.9165932,8.3307662],[-81.920984,8.3306735],[-81.9251232,8.3314396],[-81.9292715,8.3323263],[-81.9335837,8.3329687],[-81.9382112,8.3332541],[-81.9432718,8.3328226],[-81.9453787,8.3322594],[-81.9458284,8.331928],[-81.946421,8.3314782],[-81.9468426,8.3311813],[-81.9472314,8.3309585],[-81.9476674,8.3308062],[-81.948203,8.3307685],[-81.9489177,8.3308982],[-81.949373,8.3310494],[-81.9532051,8.3292736],[-81.9570446,8.3270572],[-81.9606662,8.3256675],[-81.9642238,8.3257661],[-81.9675776,8.3272376],[-81.9708005,8.3292673],[-81.9743852,8.3308518],[-81.9783969,8.3317799],[-81.9828535,8.3324165],[-81.9877616,8.3330991],[-81.9929216,8.3344428],[-81.9972635,8.336525],[-82.0011635,8.3387168],[-82.0047805,8.340812],[-82.0079199,8.3433414],[-82.0104015,8.3470617],[-82.0126462,8.3516894],[-82.0149845,8.3558399],[-82.0170796,8.3595833],[-82.0184194,8.3634593],[-82.0196171,8.3675204],[-82.0214921,8.3717414],[-82.0236442,8.3761605],[-82.0246956,8.3804124],[-82.0252998,8.3845258],[-82.0254377,8.3885719],[-82.0254378,8.3925464],[-82.0250174,8.3964417],[-82.024628,8.4002553],[-82.0251022,8.4041305],[-82.0262178,8.4081612],[-82.0269769,8.412773],[-82.0268443,8.4149966],[-82.0270659,8.4153225],[-82.0283168,8.4168472],[-82.0291922,8.4179281],[-82.0297232,8.4186708],[-82.0300011,8.4191372],[-82.0301758,8.4195146],[-82.0302982,8.4198514],[-82.0304317,8.4202902],[-82.030612,8.4209865],[-82.0308363,8.4220917],[-82.0310782,8.4235919],[-82.0312138,8.4247261],[-82.0312677,8.4255098],[-82.0313044,8.4261828],[-82.0313797,8.4270402],[-82.0315488,8.4281965],[-82.0318491,8.4297856],[-82.0321797,8.4310797],[-82.0325439,8.4321519],[-82.0328107,8.4329223],[-82.0329822,8.4334892],[-82.033107,8.4339943],[-82.0332252,8.4346199],[-82.0333683,8.4355241],[-82.0335577,8.436797],[-82.0337005,8.437871],[-82.0338263,8.4388901],[-82.0339971,8.4400629],[-82.034246,8.4415543],[-82.0344501,8.4426177],[-82.0346034,8.4433375],[-82.0346942,8.443917],[-82.0346855,8.444444],[-82.0345639,8.444932],[-82.0343377,8.4453684],[-82.033998,8.4457493],[-82.0335381,8.4460356],[-82.0329544,8.4461966],[-82.0322431,8.4462318],[-82.0314365,8.446187],[-82.030776,8.4461682],[-82.0300569,8.4462278],[-82.028943,8.4464255],[-82.0272191,8.4468284],[-82.0255487,8.4473918],[-82.0238634,8.4481531],[-82.0226978,8.4487931],[-82.0218698,8.4493623],[-82.0212366,8.449858],[-82.0206066,8.4504247],[-82.0197224,8.4513378],[-82.0184613,8.4527996],[-82.0173697,8.4543943],[-82.0163935,8.4562895],[-82.0157498,8.4580371],[-82.0153248,8.4597628],[-82.0151166,8.4608121],[-82.0150355,8.4613526],[-82.0150121,8.4616341],[-82.0150085,8.4618262],[-82.0150097,8.4619725],[-82.0150128,8.4621249],[-82.0150178,8.462314],[-82.015025,8.4625573],[-82.0150465,8.4628873],[-82.0151122,8.4634251],[-82.0152625,8.4643714],[-82.0155233,8.4657993],[-82.0157936,8.4669213],[-82.0161271,8.4678549],[-82.0166039,8.4688839],[-82.0172759,8.4701969],[-82.0177655,8.4711006],[-82.018082,8.4716378],[-82.0183927,8.4720679],[-82.0188654,8.4725949],[-82.019742,8.4734354],[-82.0211951,8.474679],[-82.0227911,8.4757645],[-82.0246964,8.4767385],[-82.0264762,8.4773807],[-82.0283029,8.4777984],[-82.0296183,8.477978],[-82.0307485,8.4779726],[-82.0320565,8.4777878],[-82.0338502,8.4773894],[-82.035524,8.4768435],[-82.0371568,8.4761399],[-82.0381854,8.4756394],[-82.0387471,8.4753317],[-82.039132,8.4750758],[-82.0395175,8.4747741],[-82.0400554,8.4743156],[-82.0408103,8.4736796],[-82.0415143,8.4732072],[-82.0421522,8.4729681],[-82.042734,8.4729539],[-82.0432451,8.4731373],[-82.043653,8.4734879],[-82.0439244,8.4739806],[-82.0440404,8.4746139],[-82.0440071,8.4754364],[-82.0438597,8.4765521],[-82.0436441,8.4779965],[-82.0435102,8.4789641],[-82.0434554,8.479541],[-82.0434451,8.479965],[-82.043433,8.4804151],[-82.0433365,8.4809088],[-82.0430584,8.4814348],[-82.0424874,8.4820151],[-82.0414913,8.4827393],[-82.0400216,8.4837325],[-82.0386036,8.48489],[-82.0371366,8.4864106],[-82.0359839,8.4880039],[-82.0349974,8.4898858],[-82.0343574,8.49163],[-82.0339432,8.4933922],[-82.0337655,8.4945892],[-82.033769,8.4955366],[-82.0339435,8.4967085],[-82.0343109,8.4983934],[-82.0347841,8.4999524],[-82.0353565,8.5014744],[-82.0357101,8.5025737],[-82.0358088,8.5033617],[-82.0356854,8.5039958],[-82.0353778,8.5046162],[-82.0349156,8.5053892],[-82.0343247,8.5065128],[-82.0335838,8.5081727],[-82.0330292,8.5098325],[-82.0326355,8.5115706],[-82.0324584,8.512766],[-82.032461,8.513722],[-82.0326436,8.514916],[-82.0330414,8.5166495],[-82.0335886,8.5182974],[-82.0342991,8.5199283],[-82.0348216,8.520993],[-82.0351923,8.5216675],[-82.0355998,8.5223062],[-82.036192,8.5231301],[-82.0370145,8.524079],[-82.0381217,8.525204],[-82.0389748,8.525996],[-82.0396163,8.5265441],[-82.0400887,8.5269977],[-82.0404089,8.5274563],[-82.0405735,8.5279479],[-82.0405714,8.5284543],[-82.0403843,8.5289398],[-82.0399728,8.5293745],[-82.0392493,8.529758],[-82.0380694,8.5301422],[-82.0363519,8.5306346],[-82.0346368,8.5312976],[-82.0327663,8.5322918],[-82.0311735,8.5334616],[-82.029646,8.5349929],[-82.0284792,8.536594],[-82.0274937,8.5384812],[-82.0268567,8.5402209],[-82.0264389,8.5419423],[-82.0262355,8.5429941],[-82.0261561,8.5435549],[-82.0261274,8.5439016],[-82.0260991,8.5442542],[-82.0260342,8.544791],[-82.0259024,8.5454846],[-82.0257153,8.5461043],[-82.0254649,8.5466075],[-82.0251284,8.5470161],[-82.0247039,8.5473104],[-82.0242131,8.5474604],[-82.0236877,8.547435],[-82.0231517,8.5471969],[-82.0226032,8.5466923],[-82.022006,8.5458623],[-82.021342,8.5447563],[-82.0208549,8.5439554],[-82.0204884,8.5434077],[-82.0201509,8.5429505],[-82.0197595,8.5424673],[-82.0191594,8.5417713],[-82.0182725,8.5407309],[-82.0174524,8.5396071],[-82.0166456,8.5382956],[-82.0158225,8.5368891],[-82.0147805,8.5351908],[-82.013673,8.5337068],[-82.0123789,8.5323059],[-82.0113223,8.5313448],[-82.0103703,8.5306339],[-82.0095283,8.530043],[-82.008612,8.5294355],[-82.0074444,8.5287906],[-82.0058393,8.5280421],[-82.0043541,8.5274919],[-82.0029029,8.5270724],[-82.0018869,8.5267424],[-82.0012452,8.5264315],[-82.0008692,8.526126],[-82.000674,8.525835],[-82.0005547,8.5254474],[-82.0004677,8.5248946],[-82.0003573,8.5240705],[-82.0001356,8.5228569],[-81.9997033,8.5210619],[-81.9990606,8.5193011],[-81.9982922,8.5178094],[-81.9924445,8.5185177],[-81.9863038,8.5183],[-81.9814597,8.517122],[-81.978069,8.5147178],[-81.9758497,8.5114101],[-81.9742102,8.5077243],[-81.9729115,8.5039988],[-81.9726668,8.5031429],[-81.972099,8.5030827],[-81.9711983,8.503089],[-81.9700925,8.5032255],[-81.9685777,8.5034969],[-81.9673904,8.5037835],[-81.9664609,8.5040905],[-81.9657625,8.5043535],[-81.9651316,8.5046208],[-81.9642623,8.5050139],[-81.9630167,8.5055844],[-81.9618887,8.5060606],[-81.9609368,8.5064513],[-81.9617665,8.5079749],[-81.9614146,8.5109055],[-81.9600059,8.5138856],[-81.958705,8.5172643],[-81.9575171,8.5206469],[-81.9561696,8.523483],[-81.9538251,8.5252777],[-81.9509623,8.5263085],[-81.9483032,8.5279828],[-81.9467234,8.5307291],[-81.9465327,8.5342123],[-81.9474797,8.5380333],[-81.9492779,8.5419975],[-81.9515095,8.5462297],[-81.9543219,8.5505885],[-81.9566711,8.5544335],[-81.9578686,8.5582693],[-81.958313,8.5624392],[-81.9593246,8.5670477],[-81.9616474,8.5717622],[-81.9654135,8.5752594],[-81.9703203,8.5776567],[-81.9749471,8.5797733],[-81.979194,8.5816638],[-81.9816424,8.5825576],[-81.9825554,8.5823753],[-81.9842763,8.5819544],[-81.9859927,8.5813429],[-81.9878034,8.5804628],[-81.989229,8.5795838],[-81.9904609,8.578667],[-81.9913559,8.578039],[-81.9919987,8.5776961],[-81.9924801,8.5775356],[-81.9930398,8.5774563],[-81.9938626,8.5774177],[-81.994845,8.577467],[-81.9960345,8.5776063],[-81.9975404,8.5778098],[-81.9986435,8.5779184],[-81.9991841,8.5779069],[-82.0010324,8.5767909],[-82.0039206,8.5743302],[-82.0061657,8.5710378],[-82.0085977,8.5672444],[-82.0114954,8.5633611],[-82.0148397,8.5606882],[-82.0182891,8.5584058],[-82.0216942,8.5565632],[-82.0250127,8.5557938],[-82.0276631,8.5564837],[-82.0288382,8.5587798],[-82.0284799,8.5619993],[-82.0273916,8.5656887],[-82.0258009,8.569533],[-82.0240171,8.5736643],[-82.0221599,8.5781052],[-82.0203193,8.5827309],[-82.0198805,8.5871297],[-82.0207851,8.5911631],[-82.0229121,8.5947016],[-82.0263663,8.597443],[-82.0293252,8.5992846],[-82.0320983,8.6006336],[-82.0320586,8.6034791],[-82.0328938,8.6036781],[-82.0339488,8.6038827],[-82.0345015,8.6039624],[-82.0348044,8.6039839],[-82.0350287,8.6039858],[-82.0352742,8.6039843],[-82.035499,8.6039797],[-82.0358011,8.6039558],[-82.0363448,8.6038767],[-82.0373656,8.603686],[-82.0389918,8.6033292],[-82.0404934,8.6028778],[-82.0419245,8.6023168],[-82.0429447,8.6018931],[-82.0437191,8.6015596],[-82.0446037,8.6011753],[-82.0457858,8.6006884],[-82.0468551,8.6003811],[-82.0478694,8.6002814],[-82.0488843,8.6003224],[-82.0495623,8.6003731],[-82.049999,8.6004037],[-82.050283,8.6004161],[-82.0505493,8.6004144],[-82.0508961,8.6003904],[-82.051502,8.6003173],[-82.0521333,8.6002144],[-82.0518021,8.6004261],[-82.0483818,8.603085],[-82.0443454,8.6056906],[-82.0394717,8.6077835],[-82.0347792,8.6090266],[-82.030355,8.6093845],[-82.026762,8.6103692],[-82.0238758,8.6117808],[-82.0219053,8.6140483],[-82.0202683,8.6165827],[-82.0179584,8.6183795],[-82.0149265,8.618596],[-82.011692,8.6173459],[-82.0086495,8.6150454],[-82.0058301,8.6122841],[-82.003287,8.6092358],[-82.0004522,8.6063283],[-81.9972107,8.6035966],[-81.9936682,8.6009275],[-81.9898585,8.5982001],[-81.985468,8.5956989],[-81.9815957,8.5930715],[-81.9782559,8.5906078],[-81.9752279,8.5889938],[-81.9725523,8.5890986],[-81.9704748,8.5913158],[-81.9686589,8.5948581],[-81.9661225,8.5974986],[-81.9628013,8.5985013],[-81.9590818,8.5983924],[-81.9553374,8.5976815],[-81.9518653,8.5960117],[-81.9487926,8.5936505],[-81.9457416,8.5914377],[-81.9426847,8.5900409],[-81.9397145,8.5903324],[-81.9368444,8.5925751],[-81.9334259,8.5956401],[-81.9296403,8.5976915],[-81.9257178,8.5985948],[-81.9218623,8.5988395],[-81.9181324,8.5978727],[-81.9146937,8.5956259],[-81.9115901,8.5923444],[-81.9093393,8.5878806],[-81.9086189,8.5833623],[-81.9089044,8.5791443],[-81.9092808,8.5752574],[-81.9088032,8.5715956],[-81.9076642,8.5682157],[-81.9056736,8.5653956],[-81.9031207,8.562941],[-81.9006036,8.5605588],[-81.898299,8.5585206],[-81.8954656,8.5575514],[-81.8922281,8.5571643],[-81.8891482,8.5563549],[-81.8868564,8.5545432],[-81.8855661,8.5521068],[-81.8841969,8.5500652],[-81.8815615,8.5493079],[-81.8777712,8.5501811],[-81.8730071,8.5523287],[-81.8678908,8.5543541],[-81.8625828,8.5557469],[-81.8580529,8.5556765],[-81.8544521,8.5544197],[-81.8514835,8.5530525],[-81.8485611,8.5528799],[-81.845708,8.5539745],[-81.8425835,8.5551138],[-81.8390663,8.5552735],[-81.8353774,8.5546852],[-81.831708,8.5538679],[-81.8282321,8.5527916],[-81.8252341,8.5507068],[-81.8228242,8.5478289],[-81.8209752,8.5445897],[-81.8197242,8.541282],[-81.8177265,8.538756],[-81.8101055,8.536962],[-81.8080316,8.5349797],[-81.805352,8.5327743],[-81.8023758,8.529839],[-81.7994995,8.5269198],[-81.7961902,8.5246309],[-81.7925958,8.5226149],[-81.7889796,8.5203387],[-81.785226,8.5193537],[-81.7814924,8.5197279],[-81.7776885,8.5202849],[-81.7741282,8.5201646],[-81.771401,8.5188742],[-81.7700877,8.5162945],[-81.7697446,8.5131244],[-81.7703646,8.509927],[-81.7710693,8.5067428],[-81.7706959,8.5034412],[-81.7693069,8.5002368],[-81.7674068,8.4971617],[-81.7645665,8.494733],[-81.7610418,8.4932648],[-81.757239,8.4928257],[-81.7535031,8.4933792],[-81.749965,8.4945119],[-81.7461231,8.4951869],[-81.7419399,8.4955815],[-81.7374094,8.4959314],[-81.7324602,8.4965945],[-81.7271826,8.4975291],[-81.7227084,8.4990944],[-81.7188986,8.5009054],[-81.7151083,8.5021373],[-81.7112395,8.5026712],[-81.7072492,8.5030471],[-81.7032772,8.5039895],[-81.6993615,8.5054746],[-81.6956399,8.5075438],[-81.6920405,8.5100295],[-81.6882504,8.5126713],[-81.6847036,8.5161861],[-81.6824366,8.5201847],[-81.6808171,8.5244734],[-81.6785936,8.5290219],[-81.675434,8.5338147],[-81.6712451,8.5377802],[-81.6657773,8.5410636],[-81.6590431,8.5439329],[-81.6525879,8.5452141],[-81.6463702,8.5450476],[-81.6410465,8.5443847],[-81.6362358,8.5441107],[-81.6315706,8.544306],[-81.6268164,8.5455117],[-81.622036,8.5477961],[-81.618141,8.5505561],[-81.6145869,8.5531843],[-81.6113555,8.5559654],[-81.6081877,8.5587521],[-81.6051862,8.561644],[-81.6022487,8.5645888],[-81.5983347,8.5670689],[-81.5933482,8.5690431],[-81.5885802,8.5707213],[-81.5842263,8.572278],[-81.5801638,8.5734608],[-81.5763445,8.5739709],[-81.5728229,8.5731469],[-81.5697507,8.5710331],[-81.5667099,8.5683841],[-81.5634085,8.565818],[-81.5598775,8.5634724],[-81.5561544,8.5614616],[-81.5523551,8.559704],[-81.5483109,8.5585922],[-81.5441229,8.5580443],[-81.5399384,8.557967],[-81.5358864,8.5585852],[-81.5322008,8.5600194],[-81.5291204,8.562241],[-81.5264945,8.5646718],[-81.5245088,8.5672044],[-81.5239212,8.5700756],[-81.5247126,8.5729406],[-81.5256573,8.5757962],[-81.5256165,8.5788249],[-81.5248686,8.581739],[-81.5228395,8.5839593],[-81.5195124,8.5852341],[-81.5152481,8.586108],[-81.5100898,8.5865474],[-81.50407,8.5865663],[-81.4981004,8.5864873],[-81.4921794,8.5863625],[-81.4870624,8.5863343],[-81.4824984,8.5858611],[-81.4782868,8.5850506],[-81.474499,8.5836737],[-81.4712409,8.5818173],[-81.4688083,8.5790427],[-81.4668076,8.5757686],[-81.4650412,8.5723677],[-81.4628243,8.5693924],[-81.4592597,8.5675422],[-81.4547162,8.5670352],[-81.4507831,8.5681445],[-81.4477094,8.5703171],[-81.4447451,8.5722715],[-81.4416012,8.5729068],[-81.4386535,8.5719344],[-81.43605,8.5698666],[-81.4336,8.5674623],[-81.4319341,8.5644609],[-81.4313383,8.5604192],[-81.4306939,8.5553645],[-81.4288861,8.5498704],[-81.4252402,8.5464613],[-81.4202075,8.5449371],[-81.4153219,8.5443954],[-81.4108502,8.5438806],[-81.4067014,8.5431311],[-81.4028241,8.542255],[-81.3990715,8.5415244],[-81.395395,8.5402799],[-81.3915766,8.5390566],[-81.3875715,8.5384834],[-81.3835562,8.538601],[-81.379727,8.5391012],[-81.3760868,8.5394857],[-81.372707,8.5406423],[-81.3698511,8.5428658],[-81.3673615,8.5455505],[-81.3646223,8.5479239],[-81.3617139,8.5500569],[-81.3592805,8.5526952],[-81.3576839,8.5558943],[-81.3564274,8.5590385],[-81.3543625,8.56139],[-81.3513984,8.5623259],[-81.3478616,8.5618563],[-81.344102,8.5601793],[-81.3400861,8.557631],[-81.335121,8.5552446],[-81.3298891,8.5541802],[-81.3258847,8.5535605],[-81.3233239,8.551863],[-81.322213,8.5490959],[-81.3217729,8.5456997],[-81.3207764,8.5421528],[-81.3187819,8.5388917],[-81.3161839,8.5358222],[-81.3134437,8.5327965],[-81.3104265,8.5301557],[-81.3073584,8.5278967],[-81.3041823,8.5262855],[-81.3015253,8.5245631],[-81.3002324,8.5223254],[-81.3006407,8.5202995],[-81.3028324,8.5191547],[-81.3057604,8.5184385],[-81.3084679,8.5170098],[-81.3099333,8.5148396],[-81.3093121,8.5123986],[-81.3068289,8.5105066],[-81.3030643,8.5096518],[-81.2985368,8.5096019],[-81.2935593,8.50952],[-81.2885665,8.5077097],[-81.2837167,8.505474],[-81.2785029,8.5035504],[-81.2726708,8.5021246],[-81.267173,8.5009407],[-81.2644921,8.5002031],[-81.2662886,8.4853839],[-81.2671981,8.4856441],[-81.2731808,8.4870015],[-81.2791467,8.4877866],[-81.2792666,8.4877878],[-81.2793369,8.4877623],[-81.2812138,8.486806],[-81.2827608,8.4857574],[-81.2841511,8.4845591],[-81.2850399,8.4836941],[-81.2856399,8.4830659],[-81.2862107,8.4825385],[-81.2869212,8.4820332],[-81.2877811,8.4815186],[-81.2883999,8.4811519],[-81.2888006,8.4809014],[-81.2891681,8.4806324],[-81.2896389,8.4802307],[-81.2903659,8.4795429],[-81.2913723,8.4785373],[-81.292076,8.4777946],[-81.2925123,8.4772918],[-81.2928304,8.4768945],[-81.2930949,8.4765538],[-81.293365,8.4761962],[-81.2937198,8.4757629],[-81.2942328,8.4752796],[-81.2949847,8.4747407],[-81.2959654,8.4741278],[-81.2967708,8.4735981],[-81.2974634,8.4731133],[-81.2980573,8.4727657],[-81.2986105,8.4725867],[-81.2991482,8.472593],[-81.2996758,8.4728073],[-81.3002146,8.4732734],[-81.3008368,8.4740613],[-81.3016586,8.4752026],[-81.3026689,8.4763921],[-81.3040071,8.4777073],[-81.3052576,8.4787228],[-81.3065118,8.4795684],[-81.307437,8.4802085],[-81.3082032,8.4808334],[-81.3090838,8.4816454],[-81.310253,8.4827487],[-81.3111484,8.4835369],[-81.3118192,8.4840459],[-81.3139493,8.4840511],[-81.3179266,8.4850191],[-81.3214134,8.486567],[-81.3249342,8.4877787],[-81.3285937,8.4882019],[-81.3322371,8.4886526],[-81.3356379,8.4899544],[-81.3384519,8.4921434],[-81.34037,8.4952429],[-81.341931,8.4986462],[-81.3436801,8.5017994],[-81.3441616,8.5028027],[-81.3444895,8.5030396],[-81.3450592,8.5036088],[-81.3453403,8.5041146],[-81.3454439,8.5045751],[-81.3454666,8.504996],[-81.3454848,8.5054808],[-81.3455587,8.5062305],[-81.3457622,8.5074],[-81.3461847,8.5091759],[-81.3468273,8.5109349],[-81.3478194,8.5128253],[-81.3489921,8.5144244],[-81.3505273,8.5159517],[-81.3521321,8.5171174],[-81.3540272,8.5181022],[-81.3557909,8.5187381],[-81.3575889,8.5191497],[-81.3588445,8.5193299],[-81.3598649,8.5193482],[-81.3610346,8.5192511],[-81.3625813,8.5190897],[-81.363777,8.5190564],[-81.3646524,8.5192063],[-81.3654003,8.5195445],[-81.3662316,8.5200544],[-81.367299,8.5206744],[-81.3683848,8.5212459],[-81.3686738,8.5211248],[-81.3728683,8.5190523],[-81.3774929,8.516912],[-81.3820269,8.5160592],[-81.3864013,8.5161721],[-81.3906863,8.5165754],[-81.3949052,8.517258],[-81.399127,8.5180067],[-81.4033639,8.5193305],[-81.407843,8.5212387],[-81.4130571,8.5228955],[-81.418046,8.5236268],[-81.4227322,8.5235438],[-81.4273529,8.523084],[-81.4322446,8.5225679],[-81.4375672,8.5215868],[-81.4424501,8.5211682],[-81.4467636,8.5218077],[-81.4504067,8.5234666],[-81.4506913,8.5233593],[-81.4515538,8.5230359],[-81.4521549,8.522827],[-81.452616,8.522665],[-81.4530582,8.5225017],[-81.453531,8.5223354],[-81.4540508,8.5221532],[-81.4546841,8.5219087],[-81.4554901,8.5215953],[-81.4562143,8.5213973],[-81.456836,8.5213689],[-81.4573637,8.521512],[-81.4577901,8.5218052],[-81.4580984,8.5222137],[-81.4582791,8.5226935],[-81.4583472,8.5231961],[-81.4583527,8.5236789],[-81.4583632,8.5241253],[-81.4584213,8.5247104],[-81.4585656,8.5256715],[-81.458811,8.5270885],[-81.4590307,8.5281449],[-81.4592227,8.5288749],[-81.4593321,8.5292576],[-81.4607974,8.5302283],[-81.4637392,8.5331124],[-81.4666549,8.5364133],[-81.4702376,8.5395872],[-81.4749324,8.5420656],[-81.4799235,8.5432624],[-81.4852009,8.5441979],[-81.4906812,8.5456647],[-81.4953899,8.5476993],[-81.499572,8.5498719],[-81.5035374,8.5517906],[-81.5074103,8.553163],[-81.5113395,8.5534575],[-81.5151809,8.5525137],[-81.5188169,8.5506563],[-81.522461,8.5485855],[-81.5262239,8.5464854],[-81.5299892,8.5442731],[-81.5336699,8.5419247],[-81.5373384,8.539541],[-81.5408782,8.5370078],[-81.5441329,8.5342369],[-81.5467859,8.5309982],[-81.5487756,8.5273851],[-81.5503429,8.5236259],[-81.5521326,8.5199491],[-81.5539068,8.5162615],[-81.5557895,8.512693],[-81.5574399,8.5090679],[-81.5589132,8.5055367],[-81.560542,8.5022445],[-81.5616756,8.4987529],[-81.562097,8.4949691],[-81.5625963,8.4907826],[-81.5630098,8.4859343],[-81.5631444,8.4804948],[-81.5636156,8.4755659],[-81.5647759,8.4712939],[-81.5666354,8.4674184],[-81.5686335,8.4634349],[-81.5707107,8.4592564],[-81.5734962,8.4555481],[-81.5766633,8.4541507],[-81.579896,8.4556557],[-81.581336,8.4575751],[-81.5816516,8.4572454],[-81.5827024,8.4564721],[-81.5840464,8.4556664],[-81.5849953,8.4551112],[-81.5856287,8.4547456],[-81.5861533,8.4544926],[-81.5866639,8.4543606],[-81.5871733,8.4543707],[-81.5876552,8.4545343],[-81.5880768,8.4548536],[-81.5884243,8.4553342],[-81.5887291,8.4560035],[-81.5890854,8.4569149],[-81.5896168,8.4580695],[-81.590412,8.4595577],[-81.5911696,8.4607611],[-81.5919135,8.4617726],[-81.5924246,8.4625129],[-81.5927102,8.4630612],[-81.5928352,8.4634514],[-81.5928777,8.4636956],[-81.592883,8.4638946],[-81.5928729,8.4640948],[-81.5928455,8.4643484],[-81.5927841,8.4646939],[-81.5926793,8.4650819],[-81.5925516,8.4654757],[-81.5924151,8.4658947],[-81.5922426,8.4663859],[-81.5919882,8.4669201],[-81.5916155,8.4674928],[-81.5911415,8.4681237],[-81.5906921,8.4687621],[-81.5902287,8.4694787],[-81.5897924,8.4701249],[-81.5893579,8.4707463],[-81.58891,8.4714411],[-81.5883826,8.4723163],[-81.587875,8.4731274],[-81.5873444,8.4739914],[-81.5871586,8.4743461],[-81.5872847,8.4761143],[-81.5863345,8.480274],[-81.584796,8.483963],[-81.58478,8.484183],[-81.5845926,8.4849675],[-81.5843026,8.4858117],[-81.5840524,8.4865792],[-81.5838237,8.4873584],[-81.5835815,8.4880514],[-81.5832798,8.4886922],[-81.5828831,8.489327],[-81.582303,8.4900879],[-81.5816644,8.4916571],[-81.5805689,8.495504],[-81.5797259,8.4993957],[-81.5791451,8.5033827],[-81.5791841,8.5074306],[-81.5798576,8.5113811],[-81.5809652,8.5151842],[-81.5817774,8.5191881],[-81.5823572,8.5236188],[-81.5833129,8.5285173],[-81.5851135,8.5336588],[-81.5877256,8.5378926],[-81.5909091,8.5410958],[-81.5946769,8.5431098],[-81.5989681,8.543808],[-81.6039642,8.5424113],[-81.6093635,8.5389695],[-81.613342,8.5350822],[-81.6159364,8.5312563],[-81.6170905,8.5273349],[-81.6174204,8.5233655],[-81.6177578,8.5193106],[-81.6181883,8.5151518],[-81.617973,8.510568],[-81.6175263,8.5057392],[-81.6182495,8.5018988],[-81.6201753,8.4996452],[-81.6228684,8.4993991],[-81.6257879,8.5009054],[-81.6287894,8.5032515],[-81.6316473,8.5059967],[-81.6346632,8.508534],[-81.6379404,8.5105701],[-81.6410045,8.5128174],[-81.6434874,8.5156369],[-81.6455798,8.5185667],[-81.6462109,8.5186927],[-81.6473415,8.5188944],[-81.648812,8.5191201],[-81.6498959,8.5192354],[-81.6507987,8.5192263],[-81.6519207,8.5190804],[-81.6534851,8.5187843],[-81.6547807,8.518444],[-81.6558847,8.5180496],[-81.6567133,8.5177191],[-81.6567756,8.517691],[-81.6574835,8.5159344],[-81.6587025,8.5121685],[-81.6606274,8.5084387],[-81.6634844,8.5047269],[-81.6682248,8.5012122],[-81.6749518,8.497866],[-81.6813777,8.4948343],[-81.6864764,8.4922793],[-81.6905647,8.4900106],[-81.6938133,8.4872889],[-81.696584,8.4841543],[-81.6992226,8.4807397],[-81.7012026,8.4763853],[-81.7021384,8.4711168],[-81.7014927,8.4660894],[-81.6991921,8.461412],[-81.6955708,8.4570256],[-81.6915481,8.4536533],[-81.6873698,8.4510803],[-81.6831243,8.4486407],[-81.6786377,8.4459642],[-81.6763556,8.4447211],[-81.6756697,8.4448803],[-81.6739861,8.445459],[-81.6722702,8.4462534],[-81.6710312,8.4469504],[-81.6700687,8.4475773],[-81.6692842,8.4479975],[-81.6684861,8.448204],[-81.6675247,8.4482253],[-81.6663991,8.4481231],[-81.66565,8.4480341],[-81.6652083,8.4479696],[-81.6648616,8.4478985],[-81.664484,8.4477799],[-81.6640706,8.4475779],[-81.6636774,8.4472774],[-81.66335,8.4468968],[-81.6631012,8.4464751],[-81.662917,8.4460341],[-81.6627742,8.4456008],[-81.6626257,8.4451373],[-81.6624305,8.4445285],[-81.6621729,8.443663],[-81.6618022,8.442464],[-81.6612632,8.4411391],[-81.6604931,8.4396054],[-81.6598093,8.4384636],[-81.6591859,8.437607],[-81.6587446,8.4370301],[-81.6584515,8.4366375],[-81.6581889,8.4362691],[-81.6578435,8.4357608],[-81.6572883,8.4349224],[-81.6564142,8.4336684],[-81.6552405,8.4323141],[-81.6549399,8.4320325],[-81.6511554,8.4296852],[-81.6464275,8.4274248],[-81.6453761,8.4272226],[-81.6448022,8.4271478],[-81.6444467,8.4271325],[-81.6441205,8.4271324],[-81.6437429,8.4271118],[-81.6433114,8.427051],[-81.6427097,8.426949],[-81.6416902,8.426776],[-81.6402248,8.426557],[-81.6390914,8.4264401],[-81.6381172,8.4264393],[-81.6369977,8.4265538],[-81.6355637,8.42677],[-81.6345904,8.4269435],[-81.6340083,8.4270763],[-81.6335385,8.4272324],[-81.6329731,8.4274807],[-81.6320462,8.4279355],[-81.630735,8.428624],[-81.6297587,8.4291907],[-81.6290689,8.4296568],[-81.6285494,8.4300402],[-81.6280874,8.4304088],[-81.6275215,8.4308977],[-81.6267709,8.4315635],[-81.6260914,8.4321177],[-81.6255032,8.4325503],[-81.6250308,8.4328984],[-81.6245893,8.4332213],[-81.6241433,8.433477],[-81.6236505,8.4336199],[-81.6230566,8.4336061],[-81.6222554,8.4333874],[-81.6210653,8.4329175],[-81.6193481,8.4322224],[-81.6176529,8.4316819],[-81.6158949,8.4312911],[-81.6146969,8.4311102],[-81.6137709,8.4310909],[-81.6126856,8.4311979],[-81.6112318,8.4313935],[-81.6101567,8.4315041],[-81.6092251,8.4315101],[-81.6080585,8.4314055],[-81.6065459,8.4312135],[-81.6054731,8.4310986],[-81.6046777,8.4310762],[-81.6038181,8.4311314],[-81.6026979,8.4312275],[-81.6017863,8.431225],[-81.6011102,8.4310756],[-81.6006242,8.4307775],[-81.6003002,8.4303489],[-81.6001253,8.4298122],[-81.600078,8.4291879],[-81.6001046,8.4285138],[-81.6001125,8.4279408],[-81.6000528,8.4272758],[-81.5998744,8.4262214],[-81.5995324,8.4246128],[-81.59911,8.4231674],[-81.5986047,8.4218291],[-81.5982598,8.4208912],[-81.5980587,8.4201838],[-81.5979039,8.419441],[-81.5976704,8.4183165],[-81.5972357,8.4165709],[-81.5967303,8.4152212],[-81.5949905,8.4147373],[-81.5901446,8.4122683],[-81.5856124,8.4101183],[-81.5812857,8.4086855],[-81.5772777,8.4075821],[-81.5737041,8.4059174],[-81.5705738,8.4032253],[-81.5676746,8.3997223],[-81.5666134,8.3977402],[-81.5650966,8.3973417],[-81.5638583,8.3969668],[-81.5630735,8.3965848],[-81.5625332,8.3960998],[-81.5620223,8.3953732],[-81.5613795,8.3943075],[-81.5604025,8.3927546],[-81.5592404,8.3912875],[-81.5577095,8.3898005],[-81.5561051,8.3886424],[-81.5542116,8.3876566],[-81.5524632,8.387018],[-81.5507254,8.3865999],[-81.5496402,8.3864007],[-81.5490068,8.3863338],[-81.5485243,8.3863304],[-81.5479936,8.3863376],[-81.5474598,8.3862796],[-81.5469637,8.3861067],[-81.546548,8.3858037],[-81.5462555,8.3853737],[-81.5461275,8.3848125],[-81.5462024,8.3840764],[-81.5465057,8.3830619],[-81.5470005,8.3816726],[-81.5474215,8.3801984],[-81.5477601,8.3785534],[-81.5479215,8.3773967],[-81.5479191,8.3764539],[-81.5477373,8.3752581],[-81.5473181,8.3734969],[-81.5466738,8.371754],[-81.5456796,8.3698733],[-81.5445055,8.368279],[-81.5429698,8.3667537],[-81.5413659,8.3655886],[-81.5394754,8.3646032],[-81.5377247,8.3639652],[-81.5359568,8.3635504],[-81.5347557,8.3633699],[-81.5337997,8.3633712],[-81.532599,8.3635549],[-81.5308322,8.3639745],[-81.5290833,8.3646173],[-81.5271955,8.3656078],[-81.5255948,8.3667772],[-81.5244933,8.3678771],[-81.5260369,8.3711976],[-81.5273402,8.3761778],[-81.5280642,8.3818855],[-81.52737,8.387335],[-81.5269644,8.3881038],[-81.5272333,8.3882985],[-81.5291282,8.3892821],[-81.5308756,8.3899182],[-81.5326053,8.3903359],[-81.5336628,8.3905389],[-81.5342239,8.3906172],[-81.5345557,8.390645],[-81.5348513,8.3906765],[-81.5352338,8.3907609],[-81.5356574,8.3909487],[-81.536047,8.3912564],[-81.5363409,8.3916697],[-81.5364995,8.3921535],[-81.5365063,8.3926613],[-81.5363695,8.3931419],[-81.5361239,8.3935478],[-81.5358277,8.3938445],[-81.5355333,8.3940287],[-81.5351759,8.3941619],[-81.5347765,8.3942613],[-81.53428,8.394359],[-81.5335046,8.3944981],[-81.5324297,8.3946862],[-81.531674,8.394831],[-81.5312237,8.3949317],[-81.5309053,8.3950203],[-81.5306395,8.3951055],[-81.5302903,8.3952189],[-81.5297953,8.3953641],[-81.5290478,8.3955383],[-81.5279668,8.3957464],[-81.5264809,8.3960248],[-81.5253569,8.3962837],[-81.5244552,8.3965747],[-81.5234451,8.3969717],[-81.5219872,8.3975509],[-81.5203492,8.3980928],[-81.5184034,8.3986729],[-81.5180329,8.3988159],[-81.5153407,8.401141],[-81.5116582,8.404826],[-81.5087434,8.4088256],[-81.5060945,8.4133249],[-81.5031387,8.4180879],[-81.5005725,8.4223622],[-81.4980731,8.4257783],[-81.4948634,8.4280975],[-81.4910917,8.4298666],[-81.4871109,8.431975],[-81.4831502,8.4346991],[-81.479121,8.4374775],[-81.4749821,8.4386781],[-81.4707209,8.4389321],[-81.4664056,8.438927],[-81.4621579,8.4386306],[-81.4580474,8.4376465],[-81.4540606,8.4361632],[-81.4499423,8.4349411],[-81.4456276,8.4346851],[-81.4415545,8.4356396],[-81.4415295,8.4356574],[-81.4401817,8.4368323],[-81.4393305,8.4376588],[-81.4388043,8.4382332],[-81.4383712,8.4387437],[-81.4379454,8.4392543],[-81.4376014,8.4397174],[-81.4373002,8.440187],[-81.4370284,8.4406388],[-81.4367162,8.4411995],[-81.436233,8.4421058],[-81.4355795,8.4433873],[-81.4351204,8.4443318],[-81.4348024,8.4450235],[-81.4344723,8.4457488],[-81.4340237,8.4467047],[-81.4333882,8.4480328],[-81.4329442,8.4490199],[-81.4326651,8.4497147],[-81.4324493,8.4502565],[-81.4322354,8.4507133],[-81.4319823,8.4511468],[-81.4316219,8.4516459],[-81.4311971,8.4521292],[-81.430822,8.4524854],[-81.4304149,8.4527833],[-81.4299814,8.4529987],[-81.4295863,8.4531197],[-81.4292942,8.4531764],[-81.4290157,8.4532077],[-81.428648,8.4532379],[-81.4281212,8.4532701],[-81.4275537,8.4532701],[-81.4270264,8.453239],[-81.4266618,8.4532146],[-81.426403,8.4532034],[-81.4261784,8.4532011],[-81.4259603,8.4531995],[-81.4257597,8.4531966],[-81.4255704,8.4531962],[-81.4253621,8.4531995],[-81.4251095,8.4532065],[-81.4247742,8.4532286],[-81.4242334,8.453294],[-81.4232915,8.4534371],[-81.4218953,8.4536689],[-81.4208805,8.4538553],[-81.4202058,8.4539868],[-81.4196574,8.4540691],[-81.4191586,8.4540748],[-81.4187016,8.4540087],[-81.4182694,8.4539081],[-81.4177353,8.4537715],[-81.417017,8.4535807],[-81.4162595,8.4533335],[-81.415483,8.4530414],[-81.4148197,8.4528137],[-81.4141758,8.4526287],[-81.4135329,8.452453],[-81.4127825,8.4522697],[-81.4117194,8.4520617],[-81.4102789,8.4518234],[-81.4092671,8.4516752],[-81.4086064,8.451597],[-81.4081292,8.4515443],[-81.4075961,8.4514825],[-81.4069345,8.451398],[-81.4063849,8.4513337],[-81.4058796,8.4512785],[-81.4053824,8.4512084],[-81.4048686,8.4511193],[-81.4042354,8.4510048],[-81.403455,8.450855],[-81.4022978,8.4506233],[-81.4006065,8.4502637],[-81.3990914,8.4498506],[-81.3977028,8.4493818],[-81.3965563,8.4490147],[-81.3954596,8.4486919],[-81.3945977,8.4483652],[-81.3938952,8.4479684],[-81.3932628,8.4475041],[-81.3927488,8.4471105],[-81.3922776,8.4467267],[-81.3918583,8.4462595],[-81.3914929,8.445585],[-81.3911366,8.4445592],[-81.3906845,8.4430912],[-81.3900466,8.4415394],[-81.3890631,8.4397509],[-81.3878952,8.4381922],[-81.386361,8.4366774],[-81.3847547,8.4355145],[-81.3828602,8.4345297],[-81.3811125,8.4338925],[-81.3793819,8.4334743],[-81.3783227,8.4332716],[-81.377759,8.4331931],[-81.377426,8.4331606],[-81.3771393,8.4331089],[-81.3767298,8.4329708],[-81.3761616,8.4326541],[-81.3754146,8.4320884],[-81.3750263,8.4317554],[-81.3737504,8.4322364],[-81.3703123,8.4343004],[-81.3669956,8.4362005],[-81.3633136,8.4370574],[-81.359326,8.4372707],[-81.3551259,8.437597],[-81.3507462,8.4382814],[-81.3460597,8.4390746],[-81.3406569,8.4401028],[-81.3340101,8.4420828],[-81.3262066,8.4451168],[-81.3199897,8.447324],[-81.3151266,8.4475298],[-81.3134109,8.4465002],[-81.313069,8.4467539],[-81.311602,8.44808],[-81.3105891,8.4491223],[-81.3098118,8.4500281],[-81.3090191,8.4509359],[-81.308084,8.4519338],[-81.3073347,8.4526976],[-81.3066933,8.4532881],[-81.3060991,8.4537878],[-81.3054447,8.4543429],[-81.3046366,8.4550256],[-81.303927,8.4555171],[-81.3033063,8.4557705],[-81.3027425,8.4558049],[-81.3022295,8.4556474],[-81.3017769,8.4553253],[-81.3013911,8.4548768],[-81.3010749,8.4543794],[-81.300881,8.4540174],[-81.3007799,8.4537864],[-81.3007145,8.453588],[-81.3006263,8.4533068],[-81.3004784,8.4528881],[-81.3002092,8.4522655],[-81.2997588,8.4513352],[-81.2991898,8.4502066],[-81.2984746,8.4488262],[-81.297969,8.4478896],[-81.2976498,8.4473418],[-81.2973466,8.446917],[-81.2968992,8.4464144],[-81.2960843,8.4456283],[-81.2947524,8.4444731],[-81.2933271,8.4434572],[-81.2917455,8.4425481],[-81.2905927,8.441991],[-81.2897225,8.441667],[-81.2889958,8.4414456],[-81.288221,8.4412534],[-81.2871483,8.4410477],[-81.2856865,8.4408105],[-81.2846161,8.4406487],[-81.2838316,8.4405113],[-81.2831649,8.4402885],[-81.2824194,8.4398405],[-81.2813698,8.4390181],[-81.279844,8.4377819],[-81.2782237,8.436698],[-81.2763175,8.4357227],[-81.2745613,8.4350781],[-81.2728151,8.4346535],[-81.2717104,8.4344528],[-81.2710292,8.434395],[-81.2704476,8.4344236],[-81.2697709,8.4345058],[-81.2687284,8.4222663],[-81.2688613,8.4222662],[-81.2700624,8.4220824],[-81.2718301,8.4216622],[-81.2735801,8.4210175],[-81.2754692,8.4200254],[-81.2770696,8.4188618],[-81.2785957,8.41737],[-81.2797455,8.4159011],[-81.2806829,8.4143557],[-81.281218,8.4133249],[-81.2814827,8.4126974],[-81.2816142,8.4123111],[-81.2816883,8.41204],[-81.2817598,8.4117564],[-81.2818275,8.411468],[-81.2818926,8.4112067],[-81.2819514,8.4109705],[-81.2820246,8.4106833],[-81.2821018,8.4103509],[-81.2821898,8.4099498],[-81.2823018,8.4093584],[-81.2824798,8.4083372],[-81.2827083,8.4068758],[-81.2828511,8.4058007],[-81.28295,8.4045472],[-81.2827037,8.4030334],[-81.2824591,8.4016551],[-81.2822385,8.4006296],[-81.2820296,8.3999254],[-81.281809,8.3993599],[-81.2815282,8.398733],[-81.2812632,8.3981387],[-81.2809665,8.397506],[-81.280509,8.396584],[-81.2798448,8.3953101],[-81.2793361,8.3944009],[-81.2789707,8.3938165],[-81.2786929,8.3934011],[-81.2784832,8.3930843],[-81.2782816,8.3927675],[-81.2780505,8.3923712],[-81.2776876,8.3917296],[-81.2771705,8.3908109],[-81.2767163,8.390079],[-81.2762947,8.389494],[-81.2758852,8.3889755],[-81.275376,8.3884087],[-81.274527,8.3875892],[-81.2731512,8.3864151],[-81.2716103,8.385377],[-81.2697392,8.3844244],[-81.267992,8.3837881],[-81.2662232,8.3833682],[-81.2650208,8.3831835],[-81.2640639,8.3831822],[-81.2628626,8.3833643],[-81.2610953,8.3837825],[-81.2593457,8.384424],[-81.2588577,8.3846796]],[[-81.5706717,8.3551404],[-81.5719175,8.3514985],[-81.5740179,8.3490015],[-81.5771778,8.3477743],[-81.5809115,8.3468112],[-81.5847246,8.3453754],[-81.5883046,8.343458],[-81.5916491,8.3418165],[-81.5951472,8.3417132],[-81.5990005,8.343698],[-81.6029878,8.3458414],[-81.6070978,8.347204],[-81.6112297,8.3473817],[-81.6151173,8.346221],[-81.6183689,8.3438189],[-81.6206567,8.3404753],[-81.6219079,8.3365522],[-81.6223839,8.3323093],[-81.6225527,8.3279564],[-81.6224841,8.3236611],[-81.6216924,8.3195748],[-81.6198949,8.3159636],[-81.6171148,8.3130373],[-81.6136928,8.3108275],[-81.6102786,8.3089864],[-81.6077113,8.3067287],[-81.6064759,8.3036241],[-81.6058972,8.2998584],[-81.6049929,8.295834],[-81.6033146,8.2919645],[-81.6009845,8.2884336],[-81.5984457,8.2850445],[-81.595992,8.2814982],[-81.5932819,8.278135],[-81.5901619,8.2753705],[-81.5865471,8.2734661],[-81.5825295,8.2725625],[-81.5783824,8.2724745],[-81.5743617,8.2725582],[-81.5704369,8.2719816],[-81.5664399,8.2710854],[-81.5622783,8.270653],[-81.5580931,8.2710894],[-81.5540901,8.2722219],[-81.5503056,8.2733168],[-81.5465757,8.2734466],[-81.5427191,8.2726435],[-81.538661,8.2719251],[-81.5344162,8.271999],[-81.5299604,8.2730365],[-81.5251316,8.274691],[-81.5198619,8.2761176],[-81.5151925,8.2762108],[-81.5113469,8.2750276],[-81.5086385,8.272736],[-81.5071169,8.2693539],[-81.5059553,8.26538],[-81.5045084,8.2612793],[-81.5023324,8.2573429],[-81.4992356,8.2538154],[-81.4950494,8.2508294],[-81.489751,8.2484467],[-81.4843195,8.2471241],[-81.478752,8.2468834],[-81.4732423,8.2473466],[-81.4691293,8.2474956],[-81.4667005,8.2462954],[-81.4658962,8.2435918],[-81.4654577,8.2399441],[-81.4644184,8.2360583],[-81.4624255,8.2325276],[-81.4595568,8.2297503],[-81.4559514,8.2279518],[-81.4519482,8.2274127],[-81.4479894,8.2282233],[-81.4444461,8.230202],[-81.4414199,8.2328716],[-81.4385391,8.2355078],[-81.4348833,8.2371615],[-81.4295732,8.2370481],[-81.4235906,8.236458],[-81.4181637,8.2365756],[-81.413358,8.2379983],[-81.4090457,8.2408967],[-81.4052749,8.245029],[-81.4027912,8.2493891],[-81.4018386,8.2537346],[-81.4024446,8.257824],[-81.4044946,8.2613046],[-81.4077707,8.2638076],[-81.4120261,8.2650736],[-81.4170633,8.2650583],[-81.4226275,8.264014],[-81.4276482,8.2625184],[-81.4319138,8.2605363],[-81.4354018,8.2579526],[-81.4382798,8.2549972],[-81.4410022,8.2522867],[-81.4443878,8.2508138],[-81.4488441,8.2510478],[-81.4533522,8.2515149],[-81.457378,8.2517587],[-81.4604225,8.2523264],[-81.4621289,8.2542544],[-81.4626434,8.2574287],[-81.4630366,8.2613172],[-81.4638674,8.2654151],[-81.4649843,8.2695327],[-81.4657987,8.2737817],[-81.4661595,8.2780733],[-81.4663416,8.2823304],[-81.4670492,8.2864776],[-81.4687211,8.2901775],[-81.4713989,8.29308],[-81.4748844,8.2950425],[-81.4788309,8.2962405],[-81.4827239,8.2972698],[-81.4859881,8.2990168],[-81.4883099,8.3015996],[-81.4893142,8.304734],[-81.4887883,8.3082501],[-81.4877612,8.3121598],[-81.4872695,8.3146374],[-81.4881642,8.315249],[-81.4887311,8.3158226],[-81.4889864,8.3163717],[-81.4889916,8.3169323],[-81.4887669,8.3175404],[-81.4883069,8.3182731],[-81.4876252,8.3192571],[-81.4868947,8.3205198],[-81.4864457,8.3214788],[-81.4865433,8.3250694],[-81.4875227,8.3292591],[-81.4893485,8.3331557],[-81.4919755,8.3365974],[-81.4954883,8.3394613],[-81.49966,8.3417069],[-81.5007797,8.3415357],[-81.5025464,8.3411148],[-81.5042947,8.3404693],[-81.5061814,8.339476],[-81.5077811,8.3383111],[-81.5093145,8.3368166],[-81.5104975,8.3353422],[-81.511532,8.3337859],[-81.5122902,8.3327378],[-81.5129201,8.3321601],[-81.5135693,8.3319396],[-81.5143612,8.3320181],[-81.5154103,8.3323797],[-81.5167122,8.3329556],[-81.5176317,8.3333677],[-81.5182146,8.3336185],[-81.5187198,8.3338123],[-81.519294,8.3340078],[-81.5200187,8.3342146],[-81.5209707,8.3344863],[-81.5218434,8.3348543],[-81.5226717,8.3353982],[-81.523659,8.3362002],[-81.5250741,8.3373621],[-81.5265933,8.3383884],[-81.5283764,8.339325],[-81.5299365,8.3399437],[-81.5314148,8.3403714],[-81.5324308,8.3406839],[-81.5331313,8.3410089],[-81.533775,8.3414748],[-81.5346963,8.3422608],[-81.5361713,8.3434928],[-81.5377765,8.3445794],[-81.5396806,8.3455565],[-81.5414357,8.3462016],[-81.5431716,8.3466268],[-81.5442386,8.3468328],[-81.5448209,8.3469097],[-81.545196,8.3469313],[-81.5455587,8.3469525],[-81.5459841,8.3470308],[-81.5464291,8.3472165],[-81.5468332,8.3475242],[-81.5471537,8.3479356],[-81.5473782,8.3484055],[-81.5475275,8.3488625],[-81.5476277,8.3492063],[-81.5477004,8.3494557],[-81.5477714,8.3496906],[-81.547836,8.3499063],[-81.5479107,8.3501623],[-81.5479873,8.3504247],[-81.5481267,8.3508151],[-81.5484258,8.351475],[-81.5490737,8.3526152],[-81.5503022,8.3544453],[-81.5520567,8.3565103],[-81.5545239,8.3589313],[-81.5567304,8.3606898],[-81.5589185,8.3619639],[-81.5608109,8.3627139],[-81.562691,8.3631605],[-81.5640626,8.3633428],[-81.5652728,8.3633352],[-81.566629,8.3631505],[-81.568444,8.3627595],[-81.568534,8.3627315],[-81.5696446,8.3595062],[-81.5706717,8.3551404]],[[-81.7966561,8.413519],[-81.7918577,8.4156708],[-81.7865948,8.4179665],[-81.7843149,8.4188194],[-81.7840918,8.4189419],[-81.7828174,8.4196125],[-81.7819331,8.4200872],[-81.7813797,8.4203895],[-81.780941,8.4206156],[-81.7805377,8.4207704],[-81.7801709,8.4208583],[-81.7798368,8.4209129],[-81.7793702,8.4209778],[-81.778583,8.4210932],[-81.777414,8.4212721],[-81.7765126,8.4214086],[-81.7757876,8.4215158],[-81.7750766,8.421619],[-81.7745772,8.4216844],[-81.7742333,8.4217256],[-81.7738647,8.4217642],[-81.7733304,8.4218187],[-81.7725556,8.4218839],[-81.7718493,8.421883],[-81.7712586,8.4218018],[-81.7707538,8.4216766],[-81.770249,8.4215376],[-81.7696372,8.4213711],[-81.7689192,8.4211579],[-81.7680105,8.4208956],[-81.7668348,8.4206353],[-81.7653165,8.420372],[-81.7642125,8.4202127],[-81.7633877,8.4201241],[-81.7626412,8.4200481],[-81.7616567,8.4199335],[-81.7603484,8.4197672],[-81.7593335,8.4196602],[-81.7585511,8.4196097],[-81.7580732,8.4195924],[-81.7577407,8.4195941],[-81.7574161,8.4196183],[-81.7568941,8.4196879],[-81.7559552,8.4198397],[-81.754539,8.4200913],[-81.7534807,8.4203184],[-81.7527652,8.4205177],[-81.7523012,8.4206631],[-81.7519932,8.4207628],[-81.7517053,8.4208538],[-81.751434,8.4209387],[-81.7510516,8.4210736],[-81.7504448,8.4213228],[-81.7494843,8.4217857],[-81.7481221,8.422508],[-81.7470351,8.4231513],[-81.746125,8.4237373],[-81.7452784,8.4241919],[-81.7442742,8.4245742],[-81.742949,8.4250146],[-81.742092,8.4253838],[-81.741136,8.4297398],[-81.7414343,8.435168],[-81.7425821,8.4415409],[-81.7434832,8.447951],[-81.7442041,8.4533285],[-81.7446971,8.4550695],[-81.7455802,8.4552613],[-81.7468504,8.4555379],[-81.7478547,8.4557705],[-81.7489062,8.456003],[-81.750191,8.4562878],[-81.7511713,8.4565919],[-81.7518611,8.4569611],[-81.7524,8.4574362],[-81.7529644,8.4580561],[-81.7537396,8.4588785],[-81.7548099,8.4599412],[-81.7556332,8.4607044],[-81.7562478,8.461243],[-81.7567149,8.461723],[-81.7570775,8.462287],[-81.7573968,8.4630489],[-81.7577857,8.464101],[-81.7583786,8.4653818],[-81.7593132,8.4670253],[-81.7603628,8.4684814],[-81.7606045,8.4687508],[-81.761813,8.469015],[-81.7660356,8.4700206],[-81.7700764,8.4713882],[-81.7738058,8.4731919],[-81.775634,8.4746044],[-81.7756353,8.4746047],[-81.7761372,8.4748817],[-81.7765926,8.4752891],[-81.7767877,8.4754958],[-81.7770751,8.4757177],[-81.7800956,8.4786619],[-81.7829665,8.4817394],[-81.7858381,8.4846488],[-81.7884916,8.4875426],[-81.7909863,8.4903046],[-81.7939409,8.4925105],[-81.7969721,8.4945332],[-81.7995416,8.4970655],[-81.8017668,8.4998687],[-81.8033678,8.5030504],[-81.8038925,8.5041879],[-81.8050374,8.5042639],[-81.8064027,8.5046026],[-81.8080568,8.5051687],[-81.8096715,8.5056364],[-81.8113791,8.5059965],[-81.8125589,8.5061654],[-81.81351,8.5061638],[-81.8147119,8.505979],[-81.8164832,8.5055539],[-81.8182399,8.5049029],[-81.8201383,8.5039129],[-81.8217431,8.5027933],[-81.823234,8.5014704],[-81.8242087,8.5004673],[-81.8248684,8.4996725],[-81.8254097,8.4990033],[-81.8259309,8.4983927],[-81.8263218,8.4979331],[-81.8266671,8.4975452],[-81.8271061,8.49713],[-81.8277402,8.4966341],[-81.8286284,8.4959536],[-81.8296717,8.4949921],[-81.8309593,8.4935643],[-81.8320438,8.4920065],[-81.8330114,8.4901354],[-81.8336503,8.4883936],[-81.8340688,8.486632],[-81.8342514,8.4854348],[-81.83425,8.4844821],[-81.8340636,8.4832861],[-81.8336385,8.4815268],[-81.8329902,8.479787],[-81.8320008,8.4779135],[-81.8308628,8.4763375],[-81.8294467,8.474854],[-81.8281436,8.4737663],[-81.8268538,8.4728784],[-81.8259615,8.472222],[-81.8254135,8.4716662],[-81.8250978,8.471112],[-81.8249447,8.4704916],[-81.8249226,8.4697695],[-81.8249837,8.4689899],[-81.8250362,8.468477],[-81.825066,8.4681924],[-81.8250879,8.4680192],[-81.8251832,8.4672759],[-81.8252572,8.4666532],[-81.8252828,8.466082],[-81.8252233,8.4654],[-81.8250229,8.4643002],[-81.8246091,8.462577],[-81.8240104,8.4608788],[-81.823156,8.4590999],[-81.822316,8.4577054],[-81.821413,8.4564508],[-81.8206178,8.4553054],[-81.8198702,8.454135],[-81.8192783,8.4532568],[-81.8187502,8.4525457],[-81.8183267,8.4519594],[-81.8179844,8.4514487],[-81.8177013,8.4510368],[-81.8174042,8.4506301],[-81.8170125,8.450109],[-81.8164346,8.4493974],[-81.8155332,8.4484501],[-81.814194,8.4471963],[-81.8129458,8.4461885],[-81.8117376,8.4453445],[-81.8109071,8.444707],[-81.8104146,8.4441646],[-81.810173,8.4436461],[-81.8101188,8.4431338],[-81.8102132,8.4426268],[-81.8104559,8.4420868],[-81.8108547,8.4415003],[-81.8113647,8.4408666],[-81.8117782,8.440325],[-81.8121169,8.4398179],[-81.8124056,8.439347],[-81.8127276,8.4387566],[-81.8132248,8.4377658],[-81.8139083,8.4362716],[-81.8144216,8.4348926],[-81.8147986,8.4335505],[-81.8150713,8.4325029],[-81.8152974,8.4315654],[-81.8155201,8.4304369],[-81.8157608,8.4289895],[-81.8159046,8.4280028],[-81.8159697,8.4274066],[-81.8159927,8.4270576],[-81.8159992,8.4267906],[-81.8160011,8.426538],[-81.8160015,8.4262452],[-81.816001,8.4260041],[-81.8159963,8.4257653],[-81.8159722,8.425466],[-81.8158903,8.424921],[-81.81568,8.4238729],[-81.8152495,8.4221503],[-81.8145926,8.4204027],[-81.8135715,8.4184933],[-81.812348,8.4168418],[-81.8107538,8.415229],[-81.8091791,8.4140022],[-81.807466,8.4129705],[-81.8060966,8.4122753],[-81.8047926,8.4117489],[-81.8034431,8.4113751],[-81.8021817,8.4111378],[-81.8010539,8.4117016],[-81.7966561,8.413519]],[[-81.5709625,8.0194478],[-81.566996,8.020081],[-81.5634333,8.0218969],[-81.5604212,8.0246507],[-81.5579195,8.0279177],[-81.5558566,8.031214],[-81.5545534,8.0343885],[-81.5540547,8.0379699],[-81.5546189,8.0417545],[-81.5563387,8.0453164],[-81.5590899,8.0483181],[-81.5626544,8.0506106],[-81.566719,8.0521873],[-81.5709884,8.0532007],[-81.5753158,8.0534131],[-81.5794353,8.0525412],[-81.5830323,8.0505753],[-81.5858639,8.0477245],[-81.5877878,8.0441432],[-81.5885985,8.0401213],[-81.5883373,8.0360829],[-81.5874179,8.0324835],[-81.5855783,8.0273694],[-81.5818499,8.0237612],[-81.5787608,8.0216406],[-81.5750066,8.0200346],[-81.5709625,8.0194478]]]}},{"type":"Feature","properties":{"nombre":"Corredor urbano de· Panamá Norte","notas":"La conexión del parque Soberanía con el parque Chagres se da a través de Chilibre y Alcalde Díaz en la ciudad de Panamá. Es una combinación de los remanentes de bosque en el cerro El Peñón y de las áreas verdes en las zonas residenciales. Esto nos enseña la importancia de mantener muchos árboles en la ciudad para fomentar la conectividad.\nLas nuevas barriadas con casas muy pegadas y sin áreas verdes en esta misma área son una amenaza ya que actúan como barreras a la movilidad de las especies. \n","cond_promedio":29.52,"area_ha":11949,"cat":"mediabaja","categoria_etiqueta":"Media-baja","es_mesoamericano":false},"geometry":{"type":"Polygon","coordinates":[[[-79.5103412,9.1316377],[-79.5104805,9.1318005],[-79.5104805,9.1318005],[-79.5105279,9.1318247],[-79.5100275,9.1347325],[-79.5100275,9.1347325],[-79.5098972,9.134984],[-79.5081478,9.1379718],[-79.5081035,9.138114],[-79.5080432,9.1382718],[-79.5079526,9.1384469],[-79.5077697,9.1387017],[-79.5071794,9.1398929],[-79.5087418,9.1437633],[-79.5087432,9.143764],[-79.5087432,9.143764],[-79.5096098,9.144275],[-79.5097104,9.1443605],[-79.5097827,9.1444283],[-79.5098576,9.1445001],[-79.5115115,9.1464529],[-79.5115115,9.1464529],[-79.5115588,9.1464772],[-79.5115588,9.1464772],[-79.5120311,9.1469504],[-79.5121593,9.147203],[-79.5121593,9.147203],[-79.5122019,9.1476751],[-79.5123868,9.148124],[-79.5131391,9.148901],[-79.5131865,9.1489252],[-79.5131865,9.1489252],[-79.5151439,9.1515555],[-79.5152864,9.1518465],[-79.5157287,9.1529223],[-79.5157287,9.1529223],[-79.515683,9.1532016],[-79.5126293,9.1544951],[-79.5110362,9.1557112],[-79.5089429,9.1587955],[-79.5089805,9.1590469],[-79.5089805,9.1590469],[-79.5092485,9.1611564],[-79.5092171,9.1631348],[-79.5079262,9.1666424],[-79.5079262,9.1666424],[-79.507672,9.1667698],[-79.5065767,9.1675791],[-79.5065767,9.1675791],[-79.5065632,9.1675811],[-79.505644,9.1706425],[-79.5081499,9.1740154],[-79.5085796,9.1740877],[-79.5091004,9.1742612],[-79.5092705,9.1742351],[-79.5100895,9.1742385],[-79.5103705,9.1742839],[-79.5106164,9.1761477],[-79.5106164,9.1761477],[-79.5105688,9.1761715],[-79.5087141,9.1787096],[-79.5087141,9.1787096],[-79.5086202,9.178724],[-79.5075978,9.180011],[-79.5075978,9.180011],[-79.5072437,9.181079],[-79.5076643,9.1848452],[-79.5077146,9.1874299],[-79.5078522,9.1918905],[-79.5087568,9.1927855],[-79.5092399,9.1930124],[-79.513213,9.1945756],[-79.513213,9.1945756],[-79.5132919,9.1944978],[-79.5138275,9.1943273],[-79.5141111,9.1943285],[-79.5143676,9.1943296],[-79.5146465,9.1943307],[-79.5153812,9.1947065],[-79.5155094,9.1949591],[-79.5155094,9.1949591],[-79.5161956,9.1957949],[-79.5163238,9.1960475],[-79.5163238,9.1960475],[-79.5183934,9.1982925],[-79.5184408,9.1983167],[-79.5184408,9.1983167],[-79.5208823,9.1999588],[-79.5214482,9.1999611],[-79.5242859,9.199791],[-79.525978,9.2003062],[-79.5275462,9.2016548],[-79.5294353,9.205061],[-79.5294353,9.205061],[-79.5293896,9.2053403],[-79.5305218,9.2089419],[-79.5315469,9.2117279],[-79.5322727,9.2146899],[-79.5320714,9.2191313],[-79.5320714,9.2191313],[-79.5320625,9.2191856],[-79.5319211,9.2194481],[-79.5318834,9.2195277],[-79.5318834,9.2195277],[-79.5316445,9.2229845],[-79.5317727,9.2232371],[-79.5317727,9.2232371],[-79.5320413,9.2243233],[-79.5320847,9.2246029],[-79.5320847,9.2246029],[-79.533048,9.2263346],[-79.5337678,9.2306452],[-79.5337678,9.2306452],[-79.5346058,9.2314011],[-79.5346058,9.2314011],[-79.5384293,9.2330293],[-79.5385035,9.2329921],[-79.5398167,9.2333731],[-79.5398641,9.2333973],[-79.5398641,9.2333973],[-79.541174,9.2352774],[-79.5412214,9.2353017],[-79.5412214,9.2353017],[-79.5426236,9.2377352],[-79.5435071,9.2386202],[-79.5435071,9.2386202],[-79.5441874,9.2389387],[-79.544221,9.2389389],[-79.5460164,9.2403835],[-79.5466716,9.2405764],[-79.5475347,9.2412047],[-79.5475347,9.2412047],[-79.5475619,9.2413802],[-79.5475619,9.2413802],[-79.5480322,9.2443827],[-79.5491173,9.2486405],[-79.5492134,9.2489013],[-79.5520837,9.2509821],[-79.5531622,9.2509464],[-79.5543547,9.2504709],[-79.5580162,9.2504892],[-79.5581316,9.2507165],[-79.558832,9.2513063],[-79.5588515,9.2513447],[-79.5588515,9.2513447],[-79.5589045,9.2513854],[-79.5591251,9.2514773],[-79.5609235,9.2546328],[-79.5614624,9.2521122],[-79.5609609,9.249672],[-79.5595841,9.2460183],[-79.5577631,9.2412152],[-79.5561888,9.2362019],[-79.554986,9.231031],[-79.5547926,9.2265582],[-79.5556134,9.2227753],[-79.5573161,9.2194322],[-79.5596167,9.2163989],[-79.561896,9.2133288],[-79.5637398,9.2100196],[-79.5652009,9.2065823],[-79.5667322,9.2033822],[-79.5690326,9.2008018],[-79.571955,9.1989155],[-79.5752012,9.1975071],[-79.5783826,9.1964146],[-79.5813554,9.1961952],[-79.5839657,9.1973784],[-79.5861336,9.19947],[-79.5883636,9.2019312],[-79.5904806,9.2047321],[-79.5922847,9.2076837],[-79.5940807,9.2102031],[-79.5960711,9.2118827],[-79.5983161,9.2127803],[-79.6002091,9.2132044],[-79.6014544,9.2125267],[-79.6022447,9.2106442],[-79.6032116,9.2080522],[-79.6040333,9.2052267],[-79.6044107,9.2027785],[-79.6035873,9.2007453],[-79.6017985,9.1993378],[-79.5998633,9.1980855],[-79.5985031,9.1959003],[-79.5980209,9.192705],[-79.5969759,9.1893833],[-79.5951664,9.1863196],[-79.5924737,9.1838681],[-79.5892378,9.1819043],[-79.5858635,9.1802652],[-79.5825921,9.1789022],[-79.5796764,9.1771817],[-79.577384,9.1752062],[-79.5762995,9.1729541],[-79.5767841,9.1710077],[-79.5787168,9.1702388],[-79.5812123,9.1705232],[-79.5834171,9.1711951],[-79.5848447,9.1713342],[-79.5854556,9.1701504],[-79.5857991,9.168082],[-79.5866045,9.1653207],[-79.5879936,9.1624707],[-79.5896891,9.1599772],[-79.5919777,9.1582755],[-79.5949388,9.1579144],[-79.5981608,9.1584614],[-79.6014958,9.1589862],[-79.6049997,9.1588485],[-79.6084961,9.1580731],[-79.6119432,9.1575302],[-79.6150909,9.1581538],[-79.6173845,9.1603762],[-79.6185035,9.1639671],[-79.6184025,9.1685035],[-79.6182811,9.1726342],[-79.6188683,9.1759832],[-79.6202867,9.1784158],[-79.6225233,9.1801628],[-79.6251614,9.1812229],[-79.6281948,9.181939],[-79.631351,9.1820855],[-79.634165,9.181598],[-79.6363277,9.1805307],[-79.6377485,9.1781831],[-79.6388794,9.1749371],[-79.6402844,9.1713485],[-79.6417716,9.1675268],[-79.6427998,9.1634369],[-79.6430793,9.1591016],[-79.6423587,9.1545766],[-79.6406615,9.1498322],[-79.6383742,9.1448313],[-79.6367912,9.1400664],[-79.635702,9.1356282],[-79.6346088,9.1315315],[-79.6327868,9.1278637],[-79.6301575,9.1245804],[-79.6269312,9.1213472],[-79.6234794,9.1173631],[-79.6197547,9.1120439],[-79.6154889,9.1053288],[-79.6118173,9.0988598],[-79.6083383,9.0937656],[-79.6048139,9.0895664],[-79.6016227,9.0854533],[-79.5996591,9.0816151],[-79.5982247,9.0783024],[-79.5960477,9.0758674],[-79.5930822,9.0743914],[-79.5900559,9.0729309],[-79.5876589,9.0707431],[-79.5861323,9.0677779],[-79.5843877,9.0646122],[-79.5818277,9.0618341],[-79.57879,9.0593683],[-79.575831,9.0569987],[-79.5732483,9.055211],[-79.5708686,9.0552206],[-79.5689447,9.057855],[-79.56744,9.0614086],[-79.5662187,9.0651091],[-79.5647017,9.0686229],[-79.5625829,9.071704],[-79.5601864,9.0744098],[-79.5581267,9.077113],[-79.5568477,9.0800852],[-79.5562217,9.083214],[-79.5551211,9.0862421],[-79.5530201,9.0889467],[-79.5503476,9.091594],[-79.547597,9.0945015],[-79.5453333,9.0980973],[-79.5438966,9.1023612],[-79.5436938,9.1064652],[-79.5438619,9.1104542],[-79.5439421,9.1142521],[-79.5439459,9.1178063],[-79.5443382,9.121076],[-79.5454504,9.1240466],[-79.5470202,9.1270331],[-79.5486246,9.1300526],[-79.549893,9.1332928],[-79.5509137,9.1365904],[-79.5514696,9.1397133],[-79.5511488,9.1426711],[-79.5508654,9.1458259],[-79.5512121,9.1492688],[-79.5523344,9.1528102],[-79.553975,9.1564996],[-79.5564221,9.1603754],[-79.5598471,9.1642324],[-79.5636698,9.1673591],[-79.5674113,9.170463],[-79.5696584,9.1737445],[-79.5703052,9.1768904],[-79.5694545,9.1793702],[-79.5675122,9.1808878],[-79.5649704,9.1823634],[-79.5620595,9.183738],[-79.558962,9.185345],[-79.5555151,9.1867945],[-79.5517169,9.1876037],[-79.5475756,9.1875292],[-79.5431059,9.1867168],[-79.5383957,9.1851807],[-79.5342102,9.1839554],[-79.53052,9.1832626],[-79.5271114,9.1820187],[-79.5241386,9.1797491],[-79.5216548,9.1766366],[-79.5202044,9.1725135],[-79.52027,9.1685196],[-79.5212889,9.1648803],[-79.5224658,9.1612409],[-79.523824,9.1577597],[-79.5250653,9.1545534],[-79.5254409,9.1513543],[-79.5250336,9.1482369],[-79.523966,9.1452906],[-79.5229267,9.1420717],[-79.5224074,9.1384749],[-79.5219874,9.134699],[-79.520997,9.1310145],[-79.5192921,9.1276563],[-79.516931,9.124686],[-79.5143866,9.1214996],[-79.5115117,9.1182967],[-79.5083865,9.115478],[-79.5060188,9.114373],[-79.5044668,9.1158011],[-79.5029362,9.1222747],[-79.5049801,9.1225078],[-79.5059767,9.1225787],[-79.5072184,9.1227883],[-79.5072184,9.1227883],[-79.5073466,9.1230409],[-79.5073466,9.1230409],[-79.5072128,9.1241225],[-79.5072128,9.1241225],[-79.5071132,9.1242206],[-79.5061213,9.1274343],[-79.5089065,9.1305604],[-79.5089065,9.1305604],[-79.5091795,9.1305615],[-79.510314,9.1314622],[-79.510314,9.1314622],[-79.5103412,9.1316377],[-79.5103412,9.1316377]],[[-79.5409451,9.1972411],[-79.5401552,9.1963397],[-79.5401843,9.1953533],[-79.5412556,9.1946803],[-79.542526,9.1951129],[-79.5428052,9.1961934],[-79.5409451,9.1972411]],[[-79.5737711,9.0866085],[-79.5735468,9.0885684],[-79.5723902,9.090467],[-79.5701247,9.0923292],[-79.5675946,9.0936481],[-79.5663802,9.0931058],[-79.5673956,9.0911476],[-79.5737711,9.0866085]],[[-79.5749556,9.0793744],[-79.5720111,9.0811879],[-79.570225,9.0816172],[-79.5688615,9.0808537],[-79.5681121,9.0795777],[-79.5676872,9.0783551],[-79.5684094,9.0770775],[-79.5702637,9.0765199],[-79.5723536,9.0769301],[-79.5749556,9.0793744]],[[-79.5569324,9.1079471],[-79.5592061,9.1044063],[-79.5610799,9.1023226],[-79.5635337,9.1008271],[-79.5662633,9.1000147],[-79.5692304,9.0999911],[-79.5722819,9.0995345],[-79.5751907,9.0977145],[-79.5780491,9.0946508],[-79.5802298,9.0917137],[-79.5816335,9.0892476],[-79.5831629,9.0880776],[-79.584803,9.0889116],[-79.5861906,9.0910636],[-79.5868483,9.0940489],[-79.5870886,9.097378],[-79.587532,9.1008054],[-79.5886941,9.1039468],[-79.5905755,9.1065913],[-79.5927464,9.1089431],[-79.5954909,9.1109213],[-79.5983582,9.1129082],[-79.6009414,9.1153882],[-79.6031005,9.118183],[-79.6042855,9.1212129],[-79.6040152,9.1241393],[-79.6024547,9.1265758],[-79.6001181,9.1282338],[-79.5976912,9.1294654],[-79.5953027,9.1299057],[-79.5931304,9.1302922],[-79.5907131,9.1310002],[-79.5882913,9.1315247],[-79.5862029,9.1314259],[-79.5842722,9.1310084],[-79.5818828,9.1300604],[-79.5792952,9.1282546],[-79.5765047,9.1260516],[-79.5736928,9.1235659],[-79.5709242,9.1208863],[-79.5682423,9.1179891],[-79.5650359,9.1153251],[-79.5613519,9.1129969],[-79.5586341,9.1111118],[-79.5569324,9.1079471]]]}},{"type":"Feature","properties":{"nombre":"Corredor biológico mesoamericano oeste","notas":"El río Miguel de la Borda y el río Diego marcan el límite de la sección oeste del Corredor Biológico Mesoamericano, donde los bosques están más conservados y por consiguiente hay mejor conectividad. El corredor continúa por los bosques del Golfo de Los Mosquitos, entre la costa y la cordillera central y sigue hacia el resto de Centroamérica. Los territorios ngäbe y buglé de Veraguas, la Comarca y Bocas del Toro forman el núcleo de este corredor, amenazado por la mina de cobre, nuevas carreteras y el crecimiento de la ganadería.\n","cond_promedio":62.87,"area_ha":1228155,"cat":"alta","categoria_etiqueta":"Alta","es_mesoamericano":true},"geometry":{"type":"Polygon","coordinates":[[[-80.3049923,9.0103966],[-80.3076523,9.0110157],[-80.3100074,9.0123348],[-80.3124284,9.0147573],[-80.3147633,9.0177342],[-80.3172815,9.020479],[-80.3199735,9.0223229],[-80.3229608,9.0225605],[-80.325914,9.0218479],[-80.3288575,9.0216603],[-80.3313961,9.0227252],[-80.3332775,9.0245145],[-80.3353363,9.0258377],[-80.3380559,9.0261777],[-80.3410882,9.0263537],[-80.343948,9.0276226],[-80.3460538,9.0301183],[-80.3473608,9.033216],[-80.3472449,9.0364989],[-80.3455024,9.0393442],[-80.3423156,9.0412811],[-80.3388869,9.0427662],[-80.3374995,9.0445573],[-80.3385672,9.0465037],[-80.3409162,9.0487205],[-80.3434343,9.0512969],[-80.3452167,9.0544184],[-80.346012,9.0578581],[-80.3464118,9.0611933],[-80.3472196,9.0642694],[-80.3475269,9.0673792],[-80.3466619,9.0701599],[-80.3446233,9.0720409],[-80.3424385,9.0732293],[-80.3413386,9.0748745],[-80.3421863,9.0779609],[-80.3439624,9.0812716],[-80.3459342,9.0846525],[-80.3479529,9.0878522],[-80.3504882,9.0906129],[-80.3534862,9.0926561],[-80.3567438,9.0938062],[-80.3598544,9.0944807],[-80.3627897,9.0944808],[-80.3656557,9.0950512],[-80.3680591,9.0965724],[-80.3701207,9.0981373],[-80.3725707,9.0985715],[-80.3748656,9.0980524],[-80.3759053,9.0964657],[-80.375098,9.0942009],[-80.3735665,9.091546],[-80.3726808,9.0887546],[-80.3738161,9.0861071],[-80.3771813,9.0843846],[-80.3809808,9.0840651],[-80.3843702,9.0847055],[-80.3867583,9.0866531],[-80.3875295,9.0896007],[-80.3867207,9.0928363],[-80.3848196,9.0958183],[-80.3828848,9.0986489],[-80.38198,9.1018921],[-80.3817949,9.1054342],[-80.3817892,9.1089596],[-80.3822429,9.1121476],[-80.3835291,9.1149373],[-80.3845073,9.1175751],[-80.3841041,9.1212403],[-80.3854809,9.1232341],[-80.3881951,9.1235593],[-80.3908647,9.1245806],[-80.3940612,9.1262959],[-80.397542,9.1283412],[-80.4016767,9.1301185],[-80.4064467,9.1313387],[-80.4106213,9.1326725],[-80.4139707,9.1338706],[-80.4168458,9.1340597],[-80.4197805,9.1330575],[-80.4229066,9.1314633],[-80.4257972,9.1292886],[-80.428114,9.1264903],[-80.4304671,9.1234776],[-80.4333915,9.1207523],[-80.4368205,9.1183972],[-80.4404427,9.1160706],[-80.444201,9.1137599],[-80.4483077,9.1116383],[-80.4527998,9.1095211],[-80.4578035,9.1074078],[-80.4624323,9.105737],[-80.4667269,9.1049997],[-80.4706017,9.1052922],[-80.4737846,9.1064686],[-80.4757843,9.1086079],[-80.4766931,9.110971],[-80.4776549,9.1126103],[-80.4797732,9.1131847],[-80.4830999,9.1133804],[-80.4872149,9.1131068],[-80.4919276,9.1120023],[-80.4971731,9.1104832],[-80.5019549,9.1089931],[-80.506424,9.1080163],[-80.5107094,9.1073138],[-80.5148781,9.1058849],[-80.518692,9.1034257],[-80.5213769,9.1003729],[-80.5237558,9.0972843],[-80.525943,9.0943726],[-80.5285641,9.092147],[-80.5318349,9.0909076],[-80.5354355,9.0897511],[-80.5391313,9.0873449],[-80.5419337,9.0843812],[-80.543903,9.0813333],[-80.5462206,9.0789835],[-80.5493337,9.0779867],[-80.5529456,9.0778818],[-80.5568172,9.0775239],[-80.5606256,9.0765468],[-80.5640613,9.0749061],[-80.5668873,9.0728198],[-80.5686135,9.0697851],[-80.5696519,9.0664343],[-80.5715263,9.0643561],[-80.5742245,9.0642217],[-80.5771709,9.0654735],[-80.5798525,9.0676777],[-80.5822414,9.07011],[-80.5851475,9.071729],[-80.5883853,9.0720315],[-80.5917487,9.0707946],[-80.5956431,9.0688761],[-80.600267,9.066545],[-80.6056535,9.0635014],[-80.6113227,9.0607738],[-80.6162491,9.0584676],[-80.6206353,9.056677],[-80.6246869,9.0552301],[-80.6284711,9.0534974],[-80.6322856,9.051746],[-80.6361231,9.05007],[-80.6399217,9.0485442],[-80.6434499,9.0465332],[-80.6467174,9.0441305],[-80.6500295,9.0417958],[-80.6533311,9.0395107],[-80.6567552,9.0375482],[-80.6600121,9.0355479],[-80.6629563,9.0329676],[-80.6663738,9.03017],[-80.670404,9.0274058],[-80.6739324,9.0242136],[-80.6768433,9.0204766],[-80.6798093,9.0167148],[-80.6828995,9.0144807],[-80.6858281,9.0134759],[-80.6886835,9.0122741],[-80.6917524,9.0110443],[-80.6948282,9.0098146],[-80.697755,9.0077331],[-80.7009733,9.0052989],[-80.7047238,9.0029254],[-80.7092784,9.000758],[-80.7148839,8.99859],[-80.7216223,8.9963979],[-80.7275646,8.994369],[-80.7328647,8.992049],[-80.7382046,8.9891947],[-80.7437001,8.9852705],[-80.7479909,8.9813586],[-80.7514412,8.9777569],[-80.7544306,8.9743396],[-80.7571546,8.9706893],[-80.7601647,8.9666829],[-80.7635791,8.9619203],[-80.7677303,8.9565165],[-80.7716011,8.95226],[-80.7747777,8.9486841],[-80.7771854,8.9451287],[-80.7795986,8.9416163],[-80.7821179,8.9381255],[-80.7847126,8.9346837],[-80.7871126,8.9311864],[-80.789228,8.927746],[-80.7913486,8.9247316],[-80.7934986,8.9223849],[-80.7948838,8.9200306],[-80.7951319,8.9173819],[-80.7951114,8.9146285],[-80.7961655,8.9121974],[-80.7986649,8.9107534],[-80.8019564,8.9100536],[-80.8054815,8.9090933],[-80.8088174,8.9076886],[-80.8116659,8.9056801],[-80.8144029,8.9031784],[-80.8176256,8.9007005],[-80.821306,8.8981519],[-80.8254345,8.8952083],[-80.830221,8.8919804],[-80.8350459,8.8890888],[-80.840388,8.8866485],[-80.8466198,8.8844442],[-80.8530079,8.8823452],[-80.8592323,8.8813776],[-80.8645845,8.8805861],[-80.8692932,8.879775],[-80.8737538,8.8792707],[-80.8781207,8.8789039],[-80.8823827,8.8785412],[-80.8864228,8.8778251],[-80.8900836,8.876177],[-80.8933315,8.8737032],[-80.8965498,8.8709657],[-80.8999447,8.8683417],[-80.9033596,8.8657065],[-80.9068202,8.8631867],[-80.9102786,8.860871],[-80.9136092,8.8588349],[-80.916979,8.8576879],[-80.9204026,8.8579634],[-80.9237036,8.8591482],[-80.9272768,8.8600545],[-80.931137,8.8602449],[-80.9350772,8.85964],[-80.9390333,8.8584517],[-80.9430959,8.8572049],[-80.9471448,8.8559572],[-80.9510703,8.854631],[-80.9547986,8.8526366],[-80.9586259,8.8502055],[-80.9628288,8.8473392],[-80.9679661,8.8441425],[-80.9741619,8.8406758],[-80.9799727,8.8382077],[-80.9858574,8.8366656],[-80.9926719,8.8354761],[-81.0009727,8.8338812],[-81.0091713,8.8321531],[-81.0164678,8.830389],[-81.0225859,8.8289799],[-81.0282805,8.8276495],[-81.0343271,8.825499],[-81.0406632,8.8230505],[-81.0474505,8.8203523],[-81.0528824,8.8177513],[-81.0572157,8.8153468],[-81.0607756,8.8128676],[-81.0635248,8.8096621],[-81.0657885,8.8057733],[-81.0683327,8.8016016],[-81.070702,8.7980605],[-81.0736121,8.7958681],[-81.0769999,8.7953585],[-81.0804424,8.7964516],[-81.0837121,8.798639],[-81.0872391,8.8010294],[-81.091424,8.802989],[-81.0966746,8.8042739],[-81.1030226,8.8050753],[-81.1093947,8.8051386],[-81.114843,8.8049084],[-81.1195704,8.8043055],[-81.1239695,8.8036336],[-81.1282367,8.8027163],[-81.1325437,8.801668],[-81.1371643,8.8007032],[-81.1423079,8.7993518],[-81.1481748,8.7976999],[-81.1542554,8.7965153],[-81.1607037,8.7957079],[-81.1669262,8.7949341],[-81.1734019,8.7939761],[-81.1804003,8.7925991],[-81.1862345,8.7914768],[-81.1910867,8.7899541],[-81.195466,8.7878896],[-81.1999982,8.7855113],[-81.20482,8.7828533],[-81.2092931,8.7805796],[-81.2134146,8.7786169],[-81.2175864,8.7773367],[-81.2219203,8.7768173],[-81.2263139,8.7767894],[-81.2303241,8.7778364],[-81.2321888,8.780009],[-81.2317298,8.7825737],[-81.2299375,8.7849843],[-81.2283733,8.7875163],[-81.2283277,8.7899182],[-81.2308912,8.7919104],[-81.2345771,8.7927223],[-81.2387096,8.7928278],[-81.2429535,8.7926096],[-81.2472218,8.7921982],[-81.2514718,8.7918687],[-81.2557046,8.7916182],[-81.2599352,8.7910974],[-81.264167,8.7905001],[-81.2683174,8.7898394],[-81.2722741,8.7886255],[-81.2760118,8.7869642],[-81.2794577,8.7849368],[-81.2829588,8.783065],[-81.2863364,8.781088],[-81.2896096,8.7790965],[-81.2929871,8.7776381],[-81.2963728,8.7768501],[-81.2995379,8.7756019],[-81.3021628,8.7734288],[-81.3047619,8.7709645],[-81.3077119,8.7690357],[-81.311044,8.7681713],[-81.3145447,8.7678928],[-81.3181673,8.7685637],[-81.3217994,8.7705229],[-81.3256904,8.772779],[-81.3293193,8.7736944],[-81.3326639,8.7737281],[-81.336058,8.7743528],[-81.3394196,8.7758202],[-81.3430893,8.7773314],[-81.3470362,8.7784786],[-81.3510974,8.7793187],[-81.3550928,8.7799971],[-81.3590223,8.7800792],[-81.3627948,8.7795864],[-81.3663787,8.7791988],[-81.3699546,8.779777],[-81.3736081,8.7807009],[-81.3776218,8.7805253],[-81.3807819,8.7787059],[-81.3834773,8.7760699],[-81.3861074,8.7733192],[-81.389087,8.7713754],[-81.3923535,8.7709932],[-81.395417,8.7724312],[-81.3979283,8.7752599],[-81.3993512,8.7793465],[-81.3993931,8.7843503],[-81.3988216,8.7889069],[-81.3985882,8.7926834],[-81.3994243,8.7953401],[-81.4024324,8.7966181],[-81.4071523,8.7967673],[-81.4119102,8.7961343],[-81.4162463,8.794916],[-81.4200451,8.7931473],[-81.4233467,8.7905849],[-81.4270184,8.7876799],[-81.4314613,8.7851049],[-81.4361768,8.7840421],[-81.4410969,8.7843137],[-81.4460201,8.7859979],[-81.4499326,8.7887327],[-81.4534396,8.7919732],[-81.4581655,8.7949635],[-81.462844,8.796515],[-81.4671249,8.7969084],[-81.4708272,8.7960768],[-81.4738761,8.7942137],[-81.4769375,8.7922822],[-81.4804931,8.7912621],[-81.4843307,8.7912948],[-81.4882281,8.792077],[-81.4920438,8.7931216],[-81.4958529,8.7936572],[-81.4996438,8.7932825],[-81.5034893,8.7926678],[-81.50711,8.7920883],[-81.5100751,8.7912903],[-81.5120147,8.7894906],[-81.5131575,8.7868124],[-81.5144309,8.7841694],[-81.5167996,8.7825766],[-81.5200558,8.7826787],[-81.5236946,8.784476],[-81.5273398,8.7875414],[-81.5309518,8.7900578],[-81.5346542,8.7919209],[-81.5382595,8.7935175],[-81.5415175,8.7954747],[-81.5442058,8.7980521],[-81.5467919,8.8008033],[-81.5493826,8.8035591],[-81.551483,8.8066135],[-81.5531985,8.8094762],[-81.5550726,8.8112678],[-81.5573557,8.8110915],[-81.5599712,8.809473],[-81.5632441,8.8075771],[-81.5672879,8.806047],[-81.5721577,8.8051556],[-81.5776301,8.8047629],[-81.582594,8.8051083],[-81.5870644,8.8058496],[-81.5911397,8.8071067],[-81.5948253,8.8089808],[-81.5981667,8.8113101],[-81.6009529,8.8145084],[-81.6025428,8.8187435],[-81.60223,8.8227824],[-81.6003398,8.826393],[-81.5979393,8.8302321],[-81.5957917,8.834738],[-81.5939111,8.8389439],[-81.5917885,8.8424999],[-81.5897056,8.8455005],[-81.5886258,8.8485946],[-81.589015,8.8520062],[-81.590303,8.8556445],[-81.5922786,8.8592339],[-81.594749,8.8626029],[-81.597463,8.8657427],[-81.6005215,8.8687122],[-81.6035593,8.8721273],[-81.6064876,8.876245],[-81.6096708,8.880853],[-81.6126988,8.885014],[-81.6154966,8.8888497],[-81.6183841,8.8925283],[-81.6217573,8.8964253],[-81.6261258,8.9014567],[-81.6326983,8.908976],[-81.6427489,8.9207298],[-81.6554993,8.9360709],[-81.6718267,8.9565203],[-81.6861563,8.9739842],[-81.6958505,8.985206],[-81.702168,8.9910493],[-81.7069514,8.9934217],[-81.7110734,8.9946959],[-81.7147249,8.9963302],[-81.717898,8.9986199],[-81.7205161,9.0015152],[-81.7225462,9.0048624],[-81.7236839,9.0086631],[-81.7242715,9.012695],[-81.7247947,9.0168072],[-81.7254532,9.0208092],[-81.7267654,9.0245317],[-81.7288979,9.0279421],[-81.7315507,9.0311464],[-81.734712,9.0339834],[-81.7382186,9.0365383],[-81.7420022,9.0391116],[-81.7458693,9.0419096],[-81.7499307,9.0436765],[-81.7541093,9.0444314],[-81.7582929,9.0447874],[-81.7623394,9.0450726],[-81.7660222,9.0458531],[-81.7690849,9.0478137],[-81.7714188,9.0506451],[-81.7731893,9.0537114],[-81.7744953,9.0564779],[-81.7764934,9.0583403],[-81.779482,9.0590903],[-81.7831481,9.0595989],[-81.7871227,9.0601138],[-81.791287,9.0602962],[-81.7955572,9.0604135],[-81.7999407,9.0603554],[-81.8045245,9.0602371],[-81.8095677,9.0607672],[-81.8150061,9.0621982],[-81.8197723,9.0645063],[-81.823972,9.067606],[-81.8275581,9.0717783],[-81.8302159,9.0760765],[-81.8327055,9.0802968],[-81.8351418,9.0848451],[-81.8377651,9.0898404],[-81.8397575,9.0949363],[-81.8416452,9.1004018],[-81.843578,9.1066872],[-81.8445805,9.1137125],[-81.84474,9.1216056],[-81.8457781,9.127876],[-81.8477563,9.1328875],[-81.8503403,9.1376645],[-81.8533484,9.1432645],[-81.8573866,9.1499243],[-81.8615717,9.1559714],[-81.8650611,9.1608834],[-81.8680766,9.1649735],[-81.8712019,9.1684134],[-81.8748514,9.1712667],[-81.8795546,9.1732815],[-81.8853329,9.1744512],[-81.8910778,9.1746292],[-81.8964945,9.1740086],[-81.9003771,9.1729352],[-81.9023522,9.1706123],[-81.9024487,9.1673077],[-81.9003577,9.1637262],[-81.896985,9.1611227],[-81.8930527,9.1592618],[-81.8888656,9.1580059],[-81.8846953,9.1568723],[-81.8808489,9.1555604],[-81.8777381,9.1539004],[-81.8761068,9.1514322],[-81.8764736,9.148488],[-81.8783798,9.1455916],[-81.8811366,9.1430306],[-81.8846084,9.1413135],[-81.8885825,9.1405487],[-81.8928768,9.1402527],[-81.8975004,9.139827],[-81.9026346,9.1394067],[-81.9082599,9.138817],[-81.9134471,9.1379933],[-81.9180886,9.136382],[-81.921958,9.1340622],[-81.9233631,9.1310407],[-81.9221646,9.1277971],[-81.9188291,9.124513],[-81.9138481,9.1211738],[-81.9084311,9.1176463],[-81.9023945,9.1138078],[-81.8964613,9.1097725],[-81.8911551,9.1057451],[-81.8858778,9.1016576],[-81.8809382,9.0977921],[-81.8760542,9.094055],[-81.8719178,9.0907033],[-81.8686356,9.0870278],[-81.8658483,9.0826687],[-81.8633168,9.0772213],[-81.8607616,9.0706955],[-81.8581597,9.0650301],[-81.8552563,9.0599671],[-81.8521543,9.0545516],[-81.8484112,9.0495914],[-81.8448538,9.0455092],[-81.8413619,9.0420879],[-81.8373263,9.0392767],[-81.832343,9.0368839],[-81.8261991,9.0346384],[-81.8196105,9.0325404],[-81.8124574,9.0307387],[-81.806639,9.0293634],[-81.8022714,9.0275722],[-81.7992081,9.0249113],[-81.7969077,9.0217623],[-81.794537,9.0186704],[-81.7921349,9.0155854],[-81.7892315,9.0128068],[-81.7860955,9.010115],[-81.7827611,9.007599],[-81.7794404,9.0051225],[-81.776473,9.0022602],[-81.7740785,8.9988816],[-81.7723002,8.9950711],[-81.7709484,8.9910522],[-81.7701008,8.9868913],[-81.7697683,8.9826171],[-81.7697578,8.9782387],[-81.7698153,8.9737484],[-81.770075,8.9690229],[-81.7705618,8.9639037],[-81.7717733,8.9583666],[-81.7736515,8.9534022],[-81.7767444,8.949094],[-81.7813696,8.9453295],[-81.7866073,8.9421238],[-81.7926995,8.9396463],[-81.7993881,8.9387028],[-81.8068316,8.9392499],[-81.813469,8.9410085],[-81.8195122,8.9438626],[-81.824707,8.9473159],[-81.8299638,8.9509391],[-81.8351146,8.9539464],[-81.8402903,8.9565733],[-81.8449647,8.9582056],[-81.8491647,8.9590275],[-81.8531857,8.9588057],[-81.8571777,8.9579137],[-81.8611237,8.9569968],[-81.8648972,8.9565637],[-81.8684733,8.9570492],[-81.8719874,8.9577412],[-81.8759416,8.957856],[-81.8804511,8.9578987],[-81.8854949,8.9582852],[-81.8908719,8.9591238],[-81.8952739,8.9607949],[-81.898571,8.9634246],[-81.9013902,8.9664735],[-81.9041769,8.9693161],[-81.9073809,8.9711455],[-81.9111255,8.9712987],[-81.9153296,8.9698936],[-81.9199069,8.9663086],[-81.9248306,8.9597582],[-81.9297747,8.9532898],[-81.9351373,8.9474495],[-81.9399534,8.943536],[-81.9441749,8.9407608],[-81.9480721,8.9386003],[-81.952082,8.9371359],[-81.9561793,8.9360767],[-81.960333,8.9355176],[-81.964419,8.9354066],[-81.9683769,8.9361466],[-81.9721605,8.937446],[-81.9755889,8.9393968],[-81.9788357,8.9415634],[-81.9822884,8.943613],[-81.9859157,8.9457234],[-81.9899636,8.9476574],[-81.9947816,8.9492049],[-82.0008862,8.9501619],[-82.0087726,8.9502261],[-82.017645,8.94896],[-82.0256549,8.9463433],[-82.0324149,8.9434404],[-82.0375789,8.9408672],[-82.0416021,8.9383905],[-82.0453754,8.9363014],[-82.0491456,8.9345964],[-82.0526723,8.9329412],[-82.0554894,8.9308374],[-82.0571852,8.9283475],[-82.0572944,8.9255189],[-82.056873,8.9224742],[-82.0572746,8.9194843],[-82.0588213,8.9173457],[-82.0618382,8.9169819],[-82.0657978,8.9182652],[-82.0699708,8.9193122],[-82.0741266,8.9193971],[-82.0782499,8.9186744],[-82.0825472,8.9179494],[-82.0871888,8.9177032],[-82.0922829,8.9178721],[-82.0977269,8.9183866],[-82.102373,8.9197568],[-82.1061091,8.9220337],[-82.1093511,8.9247273],[-82.1123431,8.9275324],[-82.1155121,8.9299296],[-82.1188112,8.9318167],[-82.1218146,8.934015],[-82.1243811,8.9366927],[-82.1272333,8.9392997],[-82.1304321,8.9416654],[-82.1337486,8.9441341],[-82.1373316,8.9463241],[-82.1413675,8.9476877],[-82.1460809,8.9475788],[-82.1501886,8.9464349],[-82.1532561,8.9441625],[-82.1555872,8.9414567],[-82.1568498,8.9385619],[-82.1565708,8.9352592],[-82.1554808,8.931668],[-82.1548152,8.9276332],[-82.1552261,8.9233206],[-82.1573201,8.9191449],[-82.1603946,8.9163057],[-82.1638054,8.9147553],[-82.1668544,8.9133273],[-82.1688043,8.9113954],[-82.1690724,8.9089375],[-82.1677491,8.9067453],[-82.1650705,8.9053232],[-82.1617975,8.9042338],[-82.1586813,8.9024394],[-82.156207,8.8996405],[-82.1541516,8.8962689],[-82.1525249,8.8924461],[-82.1513464,8.8881977],[-82.1504632,8.8834401],[-82.1496339,8.8783673],[-82.1487617,8.8740517],[-82.1470293,8.8706918],[-82.1446945,8.8681662],[-82.1416853,8.8669503],[-82.138332,8.8670241],[-82.1349631,8.8680281],[-82.1312705,8.8688955],[-82.1273968,8.8696729],[-82.123498,8.8708464],[-82.1196814,8.8723815],[-82.116009,8.8742157],[-82.112131,8.8756704],[-82.1080771,8.8764343],[-82.1039887,8.8764395],[-82.100063,8.8758689],[-82.0964463,8.8745734],[-82.0929383,8.8731504],[-82.0896908,8.8715434],[-82.0864878,8.8704521],[-82.0833232,8.8700364],[-82.0802346,8.8690223],[-82.077699,8.866716],[-82.0758787,8.8632997],[-82.0743734,8.8592668],[-82.0737448,8.8550546],[-82.074871,8.8521382],[-82.077257,8.8511402],[-82.0800898,8.8517719],[-82.0831852,8.8528711],[-82.0862339,8.8543327],[-82.0888916,8.8559801],[-82.091583,8.8567725],[-82.0942449,8.856246],[-82.0967716,8.8549362],[-82.0994082,8.8539265],[-82.1015505,8.8530393],[-82.102674,8.8511624],[-82.1031713,8.8485518],[-82.1043816,8.8458333],[-82.1067897,8.8437381],[-82.1098816,8.8424088],[-82.1130489,8.8414791],[-82.1160715,8.8412978],[-82.1187559,8.8426319],[-82.1209597,8.8450072],[-82.1233171,8.8472512],[-82.1262228,8.848213],[-82.129532,8.8472665],[-82.1331261,8.8448987],[-82.1366516,8.8413456],[-82.1396615,8.8379228],[-82.1427035,8.8355104],[-82.1459744,8.8347142],[-82.1492093,8.8356342],[-82.1523305,8.8374562],[-82.1555601,8.8392167],[-82.1587734,8.8404076],[-82.1621931,8.8405635],[-82.1659247,8.8405153],[-82.169729,8.8401944],[-82.1734573,8.8391993],[-82.1772127,8.8378753],[-82.1809064,8.8364981],[-82.1847848,8.835947],[-82.1888669,8.8366069],[-82.1931912,8.8380267],[-82.1977862,8.83942],[-82.2020884,8.8397084],[-82.206095,8.8398671],[-82.2096791,8.8410092],[-82.2124172,8.8435989],[-82.2139169,8.8476976],[-82.2137592,8.8533845],[-82.2121869,8.8603696],[-82.2120909,8.8660725],[-82.2142476,8.870199],[-82.2182023,8.8730864],[-82.2221067,8.8752471],[-82.2250784,8.8772693],[-82.2263528,8.8799376],[-82.2259249,8.8830616],[-82.224861,8.8864371],[-82.2241121,8.889885],[-82.2243165,8.8933959],[-82.2247182,8.8970018],[-82.2250156,8.9004409],[-82.2245958,8.9034697],[-82.2225525,8.9056646],[-82.2191174,8.9067894],[-82.2149026,8.9073419],[-82.2105334,8.9085116],[-82.2076182,8.9109013],[-82.2060933,8.9142588],[-82.2061105,8.918532],[-82.2067141,8.9234474],[-82.2066888,8.9277456],[-82.2056569,8.9311431],[-82.2046674,8.933965],[-82.204967,8.9368234],[-82.2066867,8.9393556],[-82.2092342,8.9413553],[-82.2115921,8.9434963],[-82.212897,8.9462955],[-82.2135106,8.9494298],[-82.2145713,8.9527487],[-82.2157897,8.9563074],[-82.216881,8.9599502],[-82.2183305,8.9634697],[-82.2198481,8.9669766],[-82.2216817,8.9702407],[-82.2238643,8.9732117],[-82.2258402,8.9764551],[-82.2278853,8.9796753],[-82.2309912,8.9822483],[-82.2358232,8.9837812],[-82.2411293,8.9852236],[-82.2457023,8.9870938],[-82.2498508,8.9890247],[-82.2538443,8.9908288],[-82.2576938,8.9926079],[-82.2613102,8.9945457],[-82.2648675,8.996291],[-82.2683926,8.997621],[-82.2718791,8.9988638],[-82.2751347,9.000744],[-82.2783948,9.0030012],[-82.2818282,9.0057407],[-82.2857274,9.0089546],[-82.2907541,9.0122194],[-82.2958793,9.0152567],[-82.3002212,9.0169224],[-82.3034996,9.0167348],[-82.305287,9.0148079],[-82.3056114,9.011771],[-82.3058037,9.0081645],[-82.3068391,9.0045505],[-82.308977,9.0014267],[-82.3120965,8.9991693],[-82.3159115,8.9978889],[-82.320099,8.997462],[-82.3243945,8.9975925],[-82.3286518,8.9979257],[-82.3327616,8.9985481],[-82.336624,8.9992113],[-82.3401897,8.999584],[-82.3433258,9.0006361],[-82.3454241,9.0027592],[-82.3458997,9.0057939],[-82.3450352,9.00919],[-82.3432485,9.0125249],[-82.3409715,9.0155466],[-82.3380752,9.0177586],[-82.3346131,9.0187759],[-82.3309938,9.0191194],[-82.327645,9.0190077],[-82.3249161,9.0195492],[-82.3232964,9.0215753],[-82.3224401,9.0246388],[-82.3212831,9.0281099],[-82.3195443,9.0315401],[-82.3174985,9.0348563],[-82.3148979,9.0377541],[-82.3118799,9.0400673],[-82.3088541,9.0418913],[-82.3061266,9.0430271],[-82.3046567,9.0442764],[-82.3054577,9.0462087],[-82.3083087,9.0485231],[-82.3121558,9.0511715],[-82.314684,9.0547947],[-82.3149585,9.0592892],[-82.3128533,9.0632294],[-82.3092627,9.0666245],[-82.3058734,9.0697736],[-82.302694,9.0725317],[-82.2991864,9.0743546],[-82.2953654,9.0748753],[-82.2914576,9.0738013],[-82.2877923,9.0711438],[-82.2846762,9.0672066],[-82.2825855,9.0633301],[-82.280444,9.060291],[-82.2776273,9.0587792],[-82.2737159,9.0591861],[-82.26967,9.0598648],[-82.2658404,9.0599149],[-82.2624379,9.0596163],[-82.2592833,9.0603813],[-82.2568304,9.062638],[-82.2553983,9.0660345],[-82.2551923,9.0702015],[-82.2563021,9.0749487],[-82.258694,9.0804102],[-82.2625032,9.0866007],[-82.2665861,9.0920534],[-82.2707576,9.0972315],[-82.2744817,9.1028161],[-82.2759968,9.107544],[-82.2753768,9.1111407],[-82.2739239,9.1136386],[-82.2733014,9.115223],[-82.2747847,9.1160883],[-82.2776574,9.1161872],[-82.2809017,9.1157648],[-82.283617,9.1142963],[-82.2850969,9.1115399],[-82.2856226,9.1079716],[-82.2859444,9.1041714],[-82.2870486,9.100676],[-82.289641,9.0982252],[-82.2938339,9.0976213],[-82.2987722,9.0992131],[-82.3015691,9.1020239],[-82.301893,9.1051766],[-82.3006386,9.1080427],[-82.2992895,9.1106682],[-82.2992564,9.1135997],[-82.3003855,9.1168945],[-82.3021341,9.1205141],[-82.3050026,9.1241673],[-82.3088329,9.1276776],[-82.3125034,9.1304285],[-82.3153751,9.1331022],[-82.3168184,9.136183],[-82.3166239,9.1393286],[-82.3146629,9.1420533],[-82.3116146,9.144281],[-82.3080416,9.1461915],[-82.3043125,9.147666],[-82.300776,9.1486031],[-82.2975119,9.1481461],[-82.2949576,9.1460675],[-82.2932647,9.1428543],[-82.2918152,9.1392013],[-82.2902008,9.1356527],[-82.2881465,9.1326996],[-82.2853091,9.130838],[-82.2820696,9.1300495],[-82.2789799,9.1297558],[-82.2764786,9.1305684],[-82.2750061,9.1326994],[-82.2746696,9.1357025],[-82.2742444,9.1392867],[-82.2732935,9.1431077],[-82.271932,9.1471071],[-82.2695301,9.1512551],[-82.2660914,9.1555002],[-82.2626458,9.1592213],[-82.2593481,9.1624133],[-82.2561359,9.1653154],[-82.252535,9.167855],[-82.2482416,9.1699804],[-82.243333,9.1719147],[-82.2382125,9.1729184],[-82.2325946,9.1735217],[-82.2262456,9.1739191],[-82.2199467,9.173829],[-82.2145796,9.1737921],[-82.2099656,9.1735462],[-82.2058836,9.1731962],[-82.2022311,9.1723107],[-82.1991328,9.1710972],[-82.1964192,9.1707721],[-82.194385,9.1723167],[-82.193328,9.175334],[-82.1928846,9.1791012],[-82.1934749,9.1831892],[-82.1955943,9.1873389],[-82.1991512,9.1914899],[-82.2031928,9.1951108],[-82.2075993,9.198374],[-82.212623,9.2008883],[-82.2174939,9.2013791],[-82.2210151,9.1997549],[-82.2234633,9.1968845],[-82.2260301,9.193798],[-82.2294061,9.191244],[-82.2338613,9.1897049],[-82.2391802,9.1890402],[-82.2440692,9.1883645],[-82.2483087,9.1871454],[-82.2520261,9.1852902],[-82.2557551,9.1834653],[-82.2595795,9.1819827],[-82.2635525,9.1812651],[-82.2674599,9.1812197],[-82.2711067,9.1823326],[-82.274224,9.1845642],[-82.2766134,9.1875969],[-82.278034,9.1911623],[-82.2785206,9.1949679],[-82.2789952,9.1986791],[-82.2800943,9.2017045],[-82.2820729,9.2032818],[-82.2846015,9.2027596],[-82.2874871,9.2006181],[-82.2915576,9.1981122],[-82.295935,9.1963379],[-82.3002331,9.1950435],[-82.3043005,9.1939027],[-82.308085,9.1925854],[-82.3118845,9.1913462],[-82.3158895,9.1906479],[-82.3199921,9.1902021],[-82.3240311,9.1895775],[-82.3279797,9.1889997],[-82.3319198,9.1891478],[-82.3358149,9.1899175],[-82.3397858,9.1907088],[-82.3436822,9.1912398],[-82.3475542,9.1910998],[-82.351432,9.1910257],[-82.3552085,9.1916001],[-82.3587005,9.1926165],[-82.3620198,9.1934934],[-82.3650594,9.1949689],[-82.3674349,9.1982452],[-82.3690898,9.2033663],[-82.3711232,9.2087781],[-82.3734635,9.2131224],[-82.3763274,9.2164198],[-82.3794795,9.2196641],[-82.382585,9.2236232],[-82.3854202,9.2284663],[-82.3870771,9.2336795],[-82.388211,9.2390802],[-82.3888748,9.2436883],[-82.3888965,9.247644],[-82.3892178,9.2513727],[-82.3899531,9.2550898],[-82.3913276,9.2587909],[-82.3937152,9.2626569],[-82.3964639,9.2671729],[-82.3988773,9.2715055],[-82.4016929,9.2753906],[-82.4055559,9.2789483],[-82.4102761,9.2828834],[-82.4150461,9.2865368],[-82.4188515,9.2896988],[-82.4216169,9.2926212],[-82.4242913,9.2949112],[-82.4272475,9.2965454],[-82.430253,9.2982355],[-82.4332905,9.2994958],[-82.4364856,9.2994099],[-82.4397016,9.2975814],[-82.4431268,9.2945899],[-82.447159,9.2912759],[-82.4512276,9.2887573],[-82.4550165,9.2866938],[-82.4583789,9.2848682],[-82.4608536,9.2824541],[-82.4622103,9.2791648],[-82.4625783,9.2752808],[-82.4626096,9.2710511],[-82.4630559,9.2663938],[-82.4639229,9.261388],[-82.4640171,9.2568443],[-82.4636992,9.2528551],[-82.4640556,9.2493981],[-82.4656757,9.246958],[-82.4685,9.2460762],[-82.4719054,9.2463781],[-82.4755845,9.2468618],[-82.479714,9.2464974],[-82.4842809,9.2461336],[-82.4879837,9.2470203],[-82.4903333,9.2493756],[-82.491708,9.2524957],[-82.4920279,9.2558926],[-82.4920539,9.2590686],[-82.4931835,9.2619366],[-82.4954701,9.2643921],[-82.4982369,9.2668613],[-82.5012715,9.2690661],[-82.5047583,9.2705717],[-82.5083942,9.2714036],[-82.5115423,9.2722409],[-82.5135435,9.2740894],[-82.5138561,9.2767844],[-82.5129124,9.2796806],[-82.5117204,9.2826019],[-82.5100256,9.2849784],[-82.5069826,9.2858752],[-82.5028111,9.284912],[-82.4986629,9.2834427],[-82.4944912,9.2823165],[-82.4903575,9.281176],[-82.4862853,9.279676],[-82.4821396,9.2781204],[-82.477656,9.2775209],[-82.4742998,9.278291],[-82.4726485,9.2802047],[-82.4730784,9.2826268],[-82.4749631,9.2853617],[-82.477506,9.2882185],[-82.4805011,9.2908019],[-82.4835929,9.2931512],[-82.4869173,9.2950901],[-82.4901557,9.2972145],[-82.4930132,9.2996194],[-82.4954366,9.3020739],[-82.496649,9.3047792],[-82.4959709,9.3073299],[-82.4936634,9.3089066],[-82.4904976,9.3090598],[-82.4871741,9.3079645],[-82.4839187,9.3066642],[-82.4806638,9.3063547],[-82.477471,9.3074714],[-82.4742736,9.3093454],[-82.4715233,9.3120353],[-82.4697919,9.3154429],[-82.4699817,9.3194543],[-82.4730632,9.3236687],[-82.4784707,9.3265634],[-82.4853001,9.3267853],[-82.4915535,9.3258588],[-82.4974203,9.3249201],[-82.5022974,9.3246736],[-82.5064566,9.3243887],[-82.5098802,9.3238774],[-82.5122601,9.3224266],[-82.5134345,9.3195435],[-82.5143328,9.3156397],[-82.5154157,9.3111221],[-82.5174627,9.3064803],[-82.5204369,9.3030997],[-82.5240153,9.3011118],[-82.5278258,9.30039],[-82.5314906,9.3004516],[-82.5348229,9.3000043],[-82.5373888,9.2983271],[-82.5388444,9.2950562],[-82.5404782,9.2920631],[-82.542937,9.2905087],[-82.5457853,9.2908069],[-82.5484083,9.2925328],[-82.5506586,9.2948642],[-82.5534096,9.2968679],[-82.5567101,9.2984165],[-82.5600565,9.299992],[-82.5629116,9.3025493],[-82.5645317,9.3063304],[-82.5643387,9.3099897],[-82.5633543,9.313386],[-82.5626545,9.3170148],[-82.5618842,9.320832],[-82.5609782,9.3246879],[-82.5592588,9.3283749],[-82.5568319,9.3318092],[-82.5547755,9.3353444],[-82.5547964,9.3386523],[-82.5561761,9.3418225],[-82.5580552,9.3450217],[-82.5605582,9.3478889],[-82.5643159,9.3499765],[-82.5691183,9.3518837],[-82.5735896,9.3537267],[-82.5772244,9.3560231],[-82.5797439,9.3590305],[-82.5811467,9.362637],[-82.5819842,9.3665139],[-82.582125,9.3705759],[-82.5818681,9.3746693],[-82.5815052,9.3786886],[-82.5806379,9.3825247],[-82.5795001,9.3861128],[-82.5789959,9.3897811],[-82.5792727,9.393727],[-82.580309,9.397798],[-82.5827364,9.4015404],[-82.5858238,9.403681],[-82.5888054,9.4041629],[-82.5912731,9.4029467],[-82.5939275,9.4011292],[-82.5972716,9.3998113],[-82.6010252,9.3991119],[-82.6048772,9.3987862],[-82.6087722,9.3985503],[-82.6126419,9.3984058],[-82.6165001,9.3979616],[-82.6204985,9.3979233],[-82.6245504,9.3983298],[-82.6285188,9.3992989],[-82.6324365,9.4004146],[-82.6361037,9.4020571],[-82.6393055,9.4042822],[-82.6420965,9.4067018],[-82.643891,9.4096395],[-82.6441931,9.4127795],[-82.6427341,9.4154478],[-82.6398731,9.4170752],[-82.6363742,9.4177802],[-82.6326571,9.41768],[-82.6287431,9.4178141],[-82.6248328,9.41828],[-82.6210887,9.4183724],[-82.6177779,9.4174694],[-82.6150571,9.4154969],[-82.6122631,9.4134627],[-82.6090168,9.4123291],[-82.6054232,9.4122962],[-82.6018984,9.4133193],[-82.5988789,9.4152217],[-82.5967946,9.4181231],[-82.5952165,9.421758],[-82.5931168,9.4259616],[-82.5903805,9.4311872],[-82.5870859,9.4379545],[-82.5845755,9.4460712],[-82.5836981,9.4536087],[-82.5844831,9.4595257],[-82.5870544,9.4640685],[-82.5914907,9.4675261],[-82.5967968,9.4698973],[-82.6026824,9.4714883],[-82.6083781,9.4715222],[-82.6138615,9.470042],[-82.6183941,9.4680073],[-82.6220943,9.4657993],[-82.6256079,9.4642857],[-82.6293006,9.4641367],[-82.6330749,9.4649298],[-82.6368651,9.4657785],[-82.640266,9.4664755],[-82.6427737,9.4663372],[-82.6438508,9.4644741],[-82.6437242,9.4613364],[-82.6428459,9.4575957],[-82.6415765,9.4536313],[-82.6402029,9.4496039],[-82.6387672,9.4455762],[-82.6377599,9.4413186],[-82.6377,9.436716],[-82.6389385,9.4321104],[-82.641517,9.4288582],[-82.6448658,9.4266947],[-82.6486958,9.4254753],[-82.6530081,9.4254622],[-82.6578528,9.4261652],[-82.6631176,9.427306],[-82.6678897,9.427895],[-82.6722288,9.4277194],[-82.6763512,9.4272565],[-82.6803311,9.4264992],[-82.6842621,9.4259598],[-82.6881294,9.4263998],[-82.6916799,9.4279448],[-82.6946994,9.4302978],[-82.6966734,9.4335618],[-82.6971523,9.4378448],[-82.696603,9.4428192],[-82.6949623,9.4470998],[-82.6927852,9.4506728],[-82.6900773,9.4532728],[-82.6868962,9.4546349],[-82.6834861,9.4546969],[-82.6801954,9.454598],[-82.6775978,9.455332],[-82.6762119,9.4574714],[-82.6755366,9.4604183],[-82.6743912,9.4637216],[-82.673033,9.4671111],[-82.6722805,9.4705134],[-82.6729454,9.4736412],[-82.6750909,9.475975],[-82.6783515,9.4773042],[-82.6821532,9.4783851],[-82.6861529,9.4794843],[-82.6903131,9.4804724],[-82.6945169,9.4813981],[-82.6986224,9.4825555],[-82.7025178,9.4841593],[-82.7061928,9.4861023],[-82.7096082,9.4884452],[-82.7127047,9.4910702],[-82.7151212,9.4941218],[-82.7164769,9.4975896],[-82.7165589,9.501234],[-82.7154167,9.5046803],[-82.7136508,9.5076662],[-82.7124269,9.5102428],[-82.7129617,9.5124864],[-82.715325,9.5143173],[-82.7187064,9.5160078],[-82.7226267,9.5174369],[-82.726821,9.5185828],[-82.7311276,9.519818],[-82.7354946,9.5214779],[-82.7399403,9.523997],[-82.7445611,9.5272289],[-82.7484872,9.5305512],[-82.7516061,9.5339358],[-82.7537609,9.5376575],[-82.7551887,9.5416014],[-82.7565146,9.5454828],[-82.7585023,9.5490805],[-82.7612572,9.5524662],[-82.7646604,9.555855],[-82.7688366,9.5589141],[-82.7729974,9.5607035],[-82.7768909,9.5614447],[-82.7803172,9.5624722],[-82.7827676,9.5645221],[-82.7839858,9.5673839],[-82.7846972,9.5703531],[-82.786415,9.5729689],[-82.7894164,9.574995],[-82.7934354,9.5764643],[-82.7981315,9.5779614],[-82.8033144,9.5795475],[-82.8081623,9.5805401],[-82.8126007,9.5809513],[-82.8167552,9.5804871],[-82.8207464,9.5794278],[-82.8248813,9.5785196],[-82.8294856,9.5785293],[-82.8345158,9.5791821],[-82.8387556,9.5806793],[-82.8421865,9.5827149],[-82.8458858,9.5842535],[-82.8505512,9.5845508],[-82.8565534,9.583469],[-82.8639073,9.581281],[-82.8703897,9.5783833],[-82.8749595,9.5753411],[-82.8778295,9.5720107],[-82.8801957,9.5688335],[-82.8827645,9.5662226],[-82.8854898,9.5641604],[-82.8878304,9.5615859],[-82.8897548,9.5585809],[-82.8919774,9.5557932],[-82.8951653,9.5540152],[-82.899301,9.5535959],[-82.90425,9.5543884],[-82.9098203,9.5560971],[-82.9150116,9.5578219],[-82.9198021,9.5585408],[-82.9237792,9.556116],[-82.9269463,9.550404],[-82.928872,9.542535],[-82.9299055,9.5350304],[-82.9308668,9.529041],[-82.9318628,9.5241487],[-82.9331103,9.5198695],[-82.9346031,9.5159773],[-82.9366467,9.5125059],[-82.9389121,9.5092775],[-82.9416816,9.5066869],[-82.9449858,9.5051772],[-82.9487137,9.5051685],[-82.9526965,9.5064118],[-82.9569894,9.50857],[-82.9615747,9.5118721],[-82.9663606,9.5150775],[-82.9721463,9.5177314],[-82.979141,9.5201344],[-82.9855614,9.522385],[-82.9914304,9.5248368],[-82.9965026,9.5264368],[-83.0011005,9.5268023],[-83.0054799,9.5259038],[-83.0099284,9.5236677],[-83.0147849,9.5196694],[-83.0201191,9.5124942],[-83.02522,9.5011234],[-83.0292006,9.4855272],[-83.0313924,9.4662399],[-83.0319798,9.439602],[-83.0313206,9.4045899],[-83.0302173,9.3794971],[-83.0289153,9.3611728],[-83.027676,9.342852],[-83.0267358,9.3216937],[-83.0262427,9.3058924],[-83.0262458,9.2942801],[-83.0266567,9.2865292],[-83.027139,9.2809081],[-83.027098,9.2759458],[-83.0265882,9.2706337],[-83.0262923,9.2639325],[-83.0264985,9.2553837],[-83.0268523,9.2471591],[-83.0268652,9.2369764],[-83.0266053,9.220051],[-83.0259868,9.1901075],[-83.024799,9.1458209],[-83.0237013,9.1151222],[-83.0228589,9.0980668],[-83.0223832,9.0887332],[-83.0215923,9.0824273],[-83.0206769,9.0763806],[-83.0200632,9.0694356],[-83.0194969,9.0632742],[-83.0183237,9.0576672],[-83.0164907,9.0522066],[-83.014828,9.0473256],[-83.0133364,9.0428885],[-83.011666,9.0388465],[-83.009494,9.0352074],[-83.0067081,9.0319953],[-83.0033081,9.0289594],[-82.9988999,9.0259476],[-82.9931724,9.0224311],[-82.9863592,9.0178971],[-82.9810018,9.0143522],[-82.9771418,9.0121832],[-82.9740403,9.0119792],[-82.9713975,9.0132909],[-82.9686053,9.014652],[-82.9654758,9.0147679],[-82.9622714,9.0134862],[-82.9588264,9.0117156],[-82.955037,9.0102135],[-82.9510169,9.0092899],[-82.946961,9.00868],[-82.9429599,9.0073825],[-82.939123,9.004704],[-82.9352736,9.0004458],[-82.930931,8.9951241],[-82.9269609,8.9907105],[-82.9233153,8.9872247],[-82.9197701,8.9844328],[-82.9163796,8.9817464],[-82.9130656,8.9790709],[-82.9097936,8.9763976],[-82.9061373,8.9739482],[-82.9019335,8.9713353],[-82.8968499,8.9676156],[-82.8899803,8.9623506],[-82.8815621,8.9553477],[-82.8762036,8.9494758],[-82.8742297,8.9446406],[-82.8743552,8.9402836],[-82.8746959,8.9354521],[-82.8741605,8.9296748],[-82.872263,8.9230237],[-82.8694581,8.917516],[-82.8659389,8.9129863],[-82.8615987,8.9091818],[-82.8573742,8.9063764],[-82.853668,8.9039316],[-82.8507072,8.9011903],[-82.8480354,8.8983822],[-82.8454812,8.8957494],[-82.842469,8.8940293],[-82.8388116,8.89375],[-82.8345457,8.8945016],[-82.8297679,8.8960611],[-82.8246466,8.898229],[-82.8203201,8.9007457],[-82.8165524,8.903166],[-82.8129875,8.9050321],[-82.8092234,8.9057686],[-82.8052779,8.9058141],[-82.8012639,8.9055337],[-82.7971432,8.9053355],[-82.7930188,8.9048298],[-82.7891282,8.9036642],[-82.7857119,8.9016332],[-82.7827805,8.8991295],[-82.7802922,8.8965753],[-82.7774589,8.8948133],[-82.7740077,8.8941484],[-82.7703159,8.8939898],[-82.7666442,8.8934241],[-82.7632632,8.891911],[-82.76021,8.8897213],[-82.7573907,8.8873615],[-82.7544758,8.8852587],[-82.7519617,8.8826874],[-82.7501232,8.8795059],[-82.7483698,8.8760406],[-82.7470079,8.8723329],[-82.7462583,8.8684821],[-82.7454783,8.8647957],[-82.7441627,8.861657],[-82.742204,8.8596156],[-82.7396743,8.8589845],[-82.7368306,8.8584547],[-82.7342138,8.8571344],[-82.7318745,8.8556154],[-82.729242,8.8546796],[-82.7265526,8.85348],[-82.7243169,8.8517391],[-82.722294,8.8504294],[-82.7197596,8.8504707],[-82.7170312,8.8512082],[-82.714124,8.8511308],[-82.7116547,8.8496296],[-82.7101889,8.8470037],[-82.7098855,8.8437912],[-82.7095463,8.8405162],[-82.70807,8.8377089],[-82.7054213,8.8357767],[-82.701928,8.8352472],[-82.6979144,8.8364084],[-82.6937758,8.838792],[-82.6903444,8.8407389],[-82.6877598,8.8410575],[-82.6866528,8.8394753],[-82.6872094,8.8368265],[-82.6883668,8.8337361],[-82.6891105,8.8307248],[-82.6883709,8.8280663],[-82.686102,8.8258362],[-82.6830857,8.8236156],[-82.6796894,8.8215684],[-82.6757421,8.8203393],[-82.6712807,8.8201443],[-82.6674115,8.8211966],[-82.6643824,8.8230106],[-82.6617043,8.8248929],[-82.6585377,8.8257706],[-82.6550587,8.82539],[-82.6515207,8.8241225],[-82.6480949,8.8226454],[-82.6448154,8.821862],[-82.6415956,8.8226751],[-82.6384511,8.8247674],[-82.6355222,8.8278673],[-82.6325044,8.8315933],[-82.6295129,8.8358178],[-82.6276157,8.8402891],[-82.626768,8.845004],[-82.6267936,8.8498703],[-82.6261045,8.8537077],[-82.6240406,8.8559803],[-82.6210253,8.8568824],[-82.6176118,8.8576514],[-82.6143485,8.858635],[-82.6117947,8.8606528],[-82.6101936,8.8636745],[-82.6095582,8.8673166],[-82.6093743,8.8712718],[-82.6095617,8.8752478],[-82.6103421,8.8791529],[-82.6114766,8.8828761],[-82.6120391,8.8865031],[-82.6113636,8.8897801],[-82.6093514,8.8921487],[-82.6061194,8.8930942],[-82.6020503,8.893108],[-82.5971583,8.893058],[-82.5915777,8.8930006],[-82.5864289,8.8929396],[-82.5818289,8.8925941],[-82.5777835,8.8918341],[-82.5743775,8.8903492],[-82.5714903,8.8882129],[-82.5681137,8.886193],[-82.5639776,8.8842787],[-82.5594632,8.8816966],[-82.5557236,8.8787581],[-82.5527164,8.8756594],[-82.5497688,8.8725861],[-82.5472289,8.8687001],[-82.5454806,8.8637228],[-82.5445707,8.8589105],[-82.5441648,8.8544926],[-82.5446173,8.8504195],[-82.5460619,8.8467921],[-82.5484036,8.8437773],[-82.5511519,8.8412418],[-82.5537286,8.8385277],[-82.5565336,8.8360153],[-82.5595993,8.8339245],[-82.5624484,8.8317368],[-82.5650364,8.8291072],[-82.5678373,8.8265196],[-82.5707943,8.8240926],[-82.5738104,8.8216728],[-82.5768778,8.8194203],[-82.5793866,8.8168763],[-82.5808018,8.8136877],[-82.5816278,8.8100942],[-82.5823694,8.8065682],[-82.5840446,8.8036294],[-82.5869406,8.8016994],[-82.5905311,8.8003622],[-82.5942772,8.7988104],[-82.5977577,8.7966766],[-82.6006067,8.793842],[-82.6022039,8.789966],[-82.6021858,8.7850976],[-82.6010896,8.7805338],[-82.5996794,8.7763383],[-82.5981887,8.7724326],[-82.596898,8.7686193],[-82.5964217,8.7646948],[-82.5968532,8.7607748],[-82.5976181,8.7570511],[-82.5978019,8.7537846],[-82.5966389,8.7513008],[-82.594191,8.7498379],[-82.5911705,8.7483409],[-82.58829,8.746446],[-82.5861585,8.7437637],[-82.5847649,8.7405391],[-82.5830942,8.7371698],[-82.581104,8.733786],[-82.5792925,8.7303329],[-82.5777127,8.7269898],[-82.5771871,8.7234168],[-82.5777765,8.7197113],[-82.5787143,8.7158743],[-82.5796667,8.7121848],[-82.579938,8.7090442],[-82.5791311,8.7072657],[-82.5773472,8.7076679],[-82.5750828,8.7096193],[-82.5727204,8.7122892],[-82.5708998,8.7156321],[-82.5696358,8.7194066],[-82.5682769,8.7232543],[-82.5663436,8.7268435],[-82.5638177,8.730063],[-82.5611329,8.7332083],[-82.5586152,8.7362521],[-82.5561846,8.738642],[-82.5535557,8.7394803],[-82.5512229,8.7384783],[-82.5496193,8.7363378],[-82.5482287,8.7342968],[-82.5459613,8.7331306],[-82.5431067,8.7321181],[-82.5403114,8.7306853],[-82.5377548,8.7295661],[-82.5349525,8.7300854],[-82.5318215,8.7323122],[-82.5284569,8.7343962],[-82.5251306,8.7363424],[-82.5217416,8.7379076],[-82.5183626,8.7385353],[-82.5148693,8.7373829],[-82.5113306,8.7349669],[-82.5076627,8.7332134],[-82.5039882,8.7316108],[-82.5005347,8.7294756],[-82.4972808,8.7268676],[-82.494319,8.7237837],[-82.4914386,8.7204299],[-82.4881285,8.7172293],[-82.4843549,8.7145044],[-82.4806072,8.7135936],[-82.4772191,8.7141018],[-82.474215,8.7149932],[-82.4722233,8.7162968],[-82.4719037,8.7187038],[-82.472764,8.7218932],[-82.4739369,8.7255823],[-82.4751164,8.7294789],[-82.4761658,8.7335269],[-82.477144,8.7375422],[-82.4777549,8.7414145],[-82.4775393,8.7447678],[-82.4758964,8.747103],[-82.4731584,8.7480691],[-82.4702232,8.748327],[-82.4678303,8.749215],[-82.4664723,8.7515541],[-82.4663122,8.7548897],[-82.4671062,8.7586421],[-82.468398,8.7624746],[-82.4702507,8.7660898],[-82.4727854,8.7692983],[-82.4758937,8.7720085],[-82.4793501,8.7743165],[-82.4828539,8.7766078],[-82.4863541,8.7788702],[-82.4896615,8.7811949],[-82.4922957,8.7840547],[-82.4941383,8.7872692],[-82.4952966,8.7904571],[-82.4950914,8.7936685],[-82.4937682,8.796746],[-82.4923397,8.8001215],[-82.4907251,8.8036167],[-82.4887436,8.8069417],[-82.4866072,8.8100403],[-82.4849731,8.8133958],[-82.483874,8.8168751],[-82.4837149,8.82043],[-82.4842372,8.8241235],[-82.4848677,8.8278102],[-82.4853836,8.8311263],[-82.4848792,8.8336517],[-82.4830288,8.8346198],[-82.4805145,8.8338066],[-82.4777869,8.8321414],[-82.4747066,8.8306906],[-82.4716437,8.8294678],[-82.4684764,8.8289094],[-82.4651352,8.8281309],[-82.4619472,8.8262891],[-82.4590924,8.8233912],[-82.4566296,8.8196555],[-82.4543382,8.8155153],[-82.4513245,8.8125555],[-82.4477795,8.8107156],[-82.443923,8.8099374],[-82.4399482,8.8100565],[-82.4356944,8.8115403],[-82.431484,8.8127542],[-82.4275394,8.8133975],[-82.4239592,8.8128874],[-82.4211173,8.810911],[-82.4193782,8.8078649],[-82.4189436,8.8042177],[-82.419152,8.8004306],[-82.4190712,8.7967538],[-82.4184956,8.7935171],[-82.4166453,8.7910035],[-82.413702,8.7889798],[-82.4102557,8.7870695],[-82.4069087,8.7845733],[-82.4039206,8.7812752],[-82.4010379,8.7775011],[-82.3993007,8.7736199],[-82.3984467,8.7699464],[-82.3971917,8.766784],[-82.3950221,8.7646634],[-82.3921114,8.7637825],[-82.3889049,8.7632048],[-82.3858525,8.7631007],[-82.3830001,8.7643313],[-82.3802002,8.7661619],[-82.3771793,8.767451],[-82.3738673,8.7673129],[-82.3704634,8.7661402],[-82.3669892,8.7645695],[-82.363716,8.7626914],[-82.3608712,8.7604163],[-82.3589911,8.7573592],[-82.3582002,8.7536823],[-82.357713,8.7497493],[-82.3569734,8.7459313],[-82.3559857,8.7423991],[-82.3555558,8.7389436],[-82.3554056,8.7359562],[-82.3543317,8.7339962],[-82.3512615,8.7335589],[-82.3476264,8.7341102],[-82.344057,8.7354502],[-82.3403959,8.7367217],[-82.3367512,8.7372845],[-82.3334173,8.7368573],[-82.3307181,8.7361806],[-82.3285424,8.7366503],[-82.3268239,8.7386168],[-82.3250453,8.741202],[-82.3231449,8.7438406],[-82.3219515,8.7471032],[-82.3216088,8.7508139],[-82.3217875,8.7545507],[-82.3216377,8.7578996],[-82.3201371,8.760408],[-82.3173608,8.7615091],[-82.3140782,8.761227],[-82.310943,8.7596832],[-82.3081087,8.7575578],[-82.305828,8.7550604],[-82.3041945,8.752584],[-82.3021907,8.7509926],[-82.2994327,8.7508354],[-82.2962669,8.7517616],[-82.2926798,8.7525522],[-82.2889951,8.7525387],[-82.2856609,8.7517009],[-82.2832565,8.7497073],[-82.2821303,8.7467163],[-82.2814604,8.7433371],[-82.2800793,8.7398707],[-82.2782923,8.7362733],[-82.2762754,8.7326706],[-82.2743729,8.7289917],[-82.2729638,8.7251289],[-82.2718037,8.7212349],[-82.2710907,8.7173758],[-82.2706415,8.7137266],[-82.2709749,8.7103056],[-82.2714223,8.7072369],[-82.270828,8.7044091],[-82.2689227,8.7017837],[-82.2665144,8.6989013],[-82.2639924,8.6958268],[-82.2615253,8.6926459],[-82.2587643,8.6896628],[-82.2548576,8.6871893],[-82.2495836,8.6848865],[-82.2439051,8.6810015],[-82.239248,8.6767198],[-82.2350829,8.6735731],[-82.2311699,8.6711693],[-82.2273305,8.6693353],[-82.2235608,8.6677065],[-82.2197843,8.6662651],[-82.216213,8.6642219],[-82.2130044,8.6612972],[-82.2100795,8.6575412],[-82.2073383,8.6532406],[-82.205776,8.6489845],[-82.2051673,8.6450516],[-82.2057953,8.641484],[-82.2072332,8.6382788],[-82.2084249,8.6347102],[-82.2093421,8.6308687],[-82.2095875,8.6270367],[-82.2086774,8.6236407],[-82.2060149,8.6211441],[-82.2032042,8.6200212],[-82.2007256,8.6208459],[-82.1987791,8.6229265],[-82.1964434,8.624872],[-82.1931883,8.6255442],[-82.1892959,8.6248874],[-82.1851011,8.6235587],[-82.1808407,8.6236135],[-82.1763205,8.6247379],[-82.1712734,8.6258569],[-82.1665689,8.6259851],[-82.1623384,8.6252856],[-82.1585415,8.6242497],[-82.1551146,8.6235442],[-82.1520854,8.6239578],[-82.1495459,8.6253154],[-82.146882,8.6262236],[-82.1444878,8.6257004],[-82.1433015,8.6236733],[-82.1437557,8.6207932],[-82.145023,8.61752],[-82.1458943,8.6138008],[-82.1452799,8.6097045],[-82.1424162,8.6054736],[-82.138356,8.6018665],[-82.1347314,8.5989249],[-82.1313667,8.596843],[-82.1281376,8.5951456],[-82.1252371,8.5933885],[-82.1223451,8.5923341],[-82.119364,8.5924879],[-82.116014,8.5934077],[-82.1108917,8.5934546],[-82.1036252,8.5916681],[-82.0961854,8.5891711],[-82.0900395,8.5878332],[-82.0848056,8.5875308],[-82.0799403,8.5884435],[-82.0750842,8.5902653],[-82.0705789,8.5916775],[-82.0664312,8.5929882],[-82.062583,8.5946231],[-82.0588462,8.5963851],[-82.055215,8.5982443],[-82.0518021,8.6004261],[-82.0483818,8.603085],[-82.0443454,8.6056906],[-82.0394717,8.6077835],[-82.0347792,8.6090266],[-82.030355,8.6093845],[-82.026762,8.6103692],[-82.0238758,8.6117808],[-82.0219053,8.6140483],[-82.0202683,8.6165827],[-82.0179584,8.6183795],[-82.0149265,8.618596],[-82.011692,8.6173459],[-82.0086495,8.6150454],[-82.0058301,8.6122841],[-82.003287,8.6092358],[-82.0004522,8.6063283],[-81.9972107,8.6035966],[-81.9936682,8.6009275],[-81.9898585,8.5982001],[-81.985468,8.5956989],[-81.9815957,8.5930715],[-81.9782559,8.5906078],[-81.9752279,8.5889938],[-81.9725523,8.5890986],[-81.9704748,8.5913158],[-81.9686589,8.5948581],[-81.9661225,8.5974986],[-81.9628013,8.5985013],[-81.9590818,8.5983924],[-81.9553374,8.5976815],[-81.9518653,8.5960117],[-81.9487926,8.5936505],[-81.9457416,8.5914377],[-81.9426847,8.5900409],[-81.9397145,8.5903324],[-81.9368444,8.5925751],[-81.9334259,8.5956401],[-81.9296403,8.5976915],[-81.9257178,8.5985948],[-81.9218623,8.5988395],[-81.9181324,8.5978727],[-81.9146937,8.5956259],[-81.9115901,8.5923444],[-81.9093393,8.5878806],[-81.9086189,8.5833623],[-81.9089044,8.5791443],[-81.9092808,8.5752574],[-81.9088032,8.5715956],[-81.9076642,8.5682157],[-81.9056736,8.5653956],[-81.9031207,8.562941],[-81.9006036,8.5605588],[-81.898299,8.5585206],[-81.8954656,8.5575514],[-81.8922281,8.5571643],[-81.8891482,8.5563549],[-81.8868564,8.5545432],[-81.8855661,8.5521068],[-81.8841969,8.5500652],[-81.8815615,8.5493079],[-81.8777712,8.5501811],[-81.8730071,8.5523287],[-81.8678908,8.5543541],[-81.8625828,8.5557469],[-81.8580529,8.5556765],[-81.8544521,8.5544197],[-81.8514835,8.5530525],[-81.8485611,8.5528799],[-81.845708,8.5539745],[-81.8425835,8.5551138],[-81.8390663,8.5552735],[-81.8353774,8.5546852],[-81.831708,8.5538679],[-81.8282321,8.5527916],[-81.8252341,8.5507068],[-81.8228242,8.5478289],[-81.8209752,8.5445897],[-81.8197242,8.541282],[-81.8177265,8.538756],[-81.8101055,8.536962],[-81.8080316,8.5349797],[-81.805352,8.5327743],[-81.8023758,8.529839],[-81.7994995,8.5269198],[-81.7961902,8.5246309],[-81.7925958,8.5226149],[-81.7889796,8.5203387],[-81.785226,8.5193537],[-81.7814924,8.5197279],[-81.7776885,8.5202849],[-81.7741282,8.5201646],[-81.771401,8.5188742],[-81.7700877,8.5162945],[-81.7697446,8.5131244],[-81.7703646,8.509927],[-81.7710693,8.5067428],[-81.7706959,8.5034412],[-81.7693069,8.5002368],[-81.7674068,8.4971617],[-81.7645665,8.494733],[-81.7610418,8.4932648],[-81.757239,8.4928257],[-81.7535031,8.4933792],[-81.749965,8.4945119],[-81.7461231,8.4951869],[-81.7419399,8.4955815],[-81.7374094,8.4959314],[-81.7324602,8.4965945],[-81.7271826,8.4975291],[-81.7227084,8.4990944],[-81.7188986,8.5009054],[-81.7151083,8.5021373],[-81.7112395,8.5026712],[-81.7072492,8.5030471],[-81.7032772,8.5039895],[-81.6993615,8.5054746],[-81.6956399,8.5075438],[-81.6920405,8.5100295],[-81.6882504,8.5126713],[-81.6847036,8.5161861],[-81.6824366,8.5201847],[-81.6808171,8.5244734],[-81.6785936,8.5290219],[-81.675434,8.5338147],[-81.6712451,8.5377802],[-81.6657773,8.5410636],[-81.6590431,8.5439329],[-81.6525879,8.5452141],[-81.6463702,8.5450476],[-81.6410465,8.5443847],[-81.6362358,8.5441107],[-81.6315706,8.544306],[-81.6268164,8.5455117],[-81.622036,8.5477961],[-81.618141,8.5505561],[-81.6145869,8.5531843],[-81.6113555,8.5559654],[-81.6081877,8.5587521],[-81.6051862,8.561644],[-81.6022487,8.5645888],[-81.5983347,8.5670689],[-81.5933482,8.5690431],[-81.5885802,8.5707213],[-81.5842263,8.572278],[-81.5801638,8.5734608],[-81.5763445,8.5739709],[-81.5728229,8.5731469],[-81.5697507,8.5710331],[-81.5667099,8.5683841],[-81.5634085,8.565818],[-81.5598775,8.5634724],[-81.5561544,8.5614616],[-81.5523551,8.559704],[-81.5483109,8.5585922],[-81.5441229,8.5580443],[-81.5399384,8.557967],[-81.5358864,8.5585852],[-81.5322008,8.5600194],[-81.5291204,8.562241],[-81.5264945,8.5646718],[-81.5245088,8.5672044],[-81.5239212,8.5700756],[-81.5247126,8.5729406],[-81.5256573,8.5757962],[-81.5256165,8.5788249],[-81.5248686,8.581739],[-81.5228395,8.5839593],[-81.5195124,8.5852341],[-81.5152481,8.586108],[-81.5100898,8.5865474],[-81.50407,8.5865663],[-81.4981004,8.5864873],[-81.4921794,8.5863625],[-81.4870624,8.5863343],[-81.4824984,8.5858611],[-81.4782868,8.5850506],[-81.474499,8.5836737],[-81.4712409,8.5818173],[-81.4688083,8.5790427],[-81.4668076,8.5757686],[-81.4650412,8.5723677],[-81.4628243,8.5693924],[-81.4592597,8.5675422],[-81.4547162,8.5670352],[-81.4507831,8.5681445],[-81.4477094,8.5703171],[-81.4447451,8.5722715],[-81.4416012,8.5729068],[-81.4386535,8.5719344],[-81.43605,8.5698666],[-81.4336,8.5674623],[-81.4319341,8.5644609],[-81.4313383,8.5604192],[-81.4306939,8.5553645],[-81.4288861,8.5498704],[-81.4252402,8.5464613],[-81.4202075,8.5449371],[-81.4153219,8.5443954],[-81.4108502,8.5438806],[-81.4067014,8.5431311],[-81.4028241,8.542255],[-81.3990715,8.5415244],[-81.395395,8.5402799],[-81.3915766,8.5390566],[-81.3875715,8.5384834],[-81.3835562,8.538601],[-81.379727,8.5391012],[-81.3760868,8.5394857],[-81.372707,8.5406423],[-81.3698511,8.5428658],[-81.3673615,8.5455505],[-81.3646223,8.5479239],[-81.3617139,8.5500569],[-81.3592805,8.5526952],[-81.3576839,8.5558943],[-81.3564274,8.5590385],[-81.3543625,8.56139],[-81.3513984,8.5623259],[-81.3478616,8.5618563],[-81.344102,8.5601793],[-81.3400861,8.557631],[-81.335121,8.5552446],[-81.3298891,8.5541802],[-81.3258847,8.5535605],[-81.3233239,8.551863],[-81.322213,8.5490959],[-81.3217729,8.5456997],[-81.3207764,8.5421528],[-81.3187819,8.5388917],[-81.3161839,8.5358222],[-81.3134437,8.5327965],[-81.3104265,8.5301557],[-81.3073584,8.5278967],[-81.3041823,8.5262855],[-81.3015253,8.5245631],[-81.3002324,8.5223254],[-81.3006407,8.5202995],[-81.3028324,8.5191547],[-81.3057604,8.5184385],[-81.3084679,8.5170098],[-81.3099333,8.5148396],[-81.3093121,8.5123986],[-81.3068289,8.5105066],[-81.3030643,8.5096518],[-81.2985368,8.5096019],[-81.2935593,8.50952],[-81.2885665,8.5077097],[-81.2837167,8.505474],[-81.2785029,8.5035504],[-81.2726708,8.5021246],[-81.267173,8.5009407],[-81.2623419,8.4996116],[-81.2569844,8.4985971],[-81.2542471,8.500815],[-81.2508413,8.5018995],[-81.2468771,8.5028734],[-81.2433354,8.5044706],[-81.2402984,8.5062037],[-81.2372367,8.5069501],[-81.234034,8.5062055],[-81.230875,8.5044172],[-81.2275935,8.5024176],[-81.2245302,8.5002005],[-81.2218959,8.4974942],[-81.2189735,8.4949889],[-81.2155838,8.4932541],[-81.2118454,8.4926435],[-81.2078995,8.4928422],[-81.2033698,8.4926926],[-81.1981485,8.4920869],[-81.1933384,8.4916856],[-81.1891024,8.4914961],[-81.1851419,8.4908587],[-81.1810536,8.4904282],[-81.1767884,8.4905535],[-81.1722707,8.4908111],[-81.1673809,8.4905316],[-81.162162,8.4894023],[-81.1574128,8.488374],[-81.1530442,8.4882214],[-81.1491172,8.4891682],[-81.145821,8.4912907],[-81.1431812,8.4942353],[-81.1409453,8.4974839],[-81.1386382,8.500571],[-81.1366329,8.5038078],[-81.1348243,8.507047],[-81.1325414,8.51006],[-81.1303299,8.5133065],[-81.1288625,8.5172351],[-81.1282789,8.5219091],[-81.1282242,8.5272723],[-81.1269902,8.5326054],[-81.1254252,8.5372941],[-81.1233252,8.5412293],[-81.1207455,8.5444151],[-81.1178614,8.5469111],[-81.1148304,8.5490063],[-81.1119907,8.5514038],[-81.1090387,8.5537977],[-81.10612,8.5562383],[-81.1037189,8.5592121],[-81.1016336,8.5623356],[-81.0996057,8.5649398],[-81.0970162,8.5661786],[-81.0938834,8.5660194],[-81.0902889,8.5656059],[-81.0864663,8.5655823],[-81.082597,8.5657218],[-81.0788006,8.5662975],[-81.0750443,8.5666145],[-81.0712464,8.5663439],[-81.0673728,8.5662149],[-81.0637068,8.566427],[-81.0605762,8.5662809],[-81.0582778,8.5649119],[-81.0566936,8.5629465],[-81.0546505,8.5616244],[-81.0520853,8.5619203],[-81.0495101,8.5634671],[-81.0469055,8.564936],[-81.0445839,8.5651396],[-81.0433791,8.5638197],[-81.0434852,8.5614958],[-81.043398,8.5584774],[-81.0421243,8.5553104],[-81.0398539,8.5524488],[-81.0372334,8.5499114],[-81.0346176,8.5476281],[-81.0315158,8.5462842],[-81.0281689,8.5459039],[-81.0249455,8.5455292],[-81.0220434,8.5440212],[-81.0196805,8.5413804],[-81.0172186,8.5382978],[-81.0142867,8.5353949],[-81.011048,8.5328165],[-81.007395,8.5309447],[-81.0033577,8.529825],[-80.9989935,8.5290123],[-80.9942032,8.5291546],[-80.9901252,8.5300898],[-80.9871171,8.5323899],[-80.9851228,8.5358501],[-80.9832658,8.5400936],[-80.9814201,8.5449337],[-80.9794459,8.5492025],[-80.9778658,8.5530981],[-80.9766118,8.5565155],[-80.9746072,8.5591037],[-80.9714918,8.5604896],[-80.9676855,8.5609965],[-80.9636536,8.5612221],[-80.9596925,8.5619189],[-80.9560083,8.5634841],[-80.9526516,8.565652],[-80.9495277,8.5680417],[-80.9469699,8.5710313],[-80.9447676,8.5743249],[-80.9424019,8.5775179],[-80.93984,8.5804666],[-80.9365574,8.5826325],[-80.9325684,8.5837401],[-80.9279217,8.5836439],[-80.9227183,8.5828461],[-80.918284,8.5815488],[-80.9149129,8.5799363],[-80.9131175,8.5777948],[-80.9132079,8.5750214],[-80.9142454,8.5719665],[-80.914857,8.56896],[-80.9139096,8.5665036],[-80.9112225,8.565185],[-80.9073844,8.5645532],[-80.9028012,8.5635684],[-80.8977892,8.561872],[-80.8930671,8.5605779],[-80.8887782,8.5593594],[-80.8850381,8.5576666],[-80.8818548,8.5551014],[-80.8786799,8.5519992],[-80.8754227,8.5482558],[-80.8719536,8.5440829],[-80.8684359,8.5406945],[-80.8647964,8.5383883],[-80.8612038,8.5370758],[-80.8581414,8.5359685],[-80.8560095,8.5338534],[-80.8548257,8.5309601],[-80.8534714,8.5281083],[-80.8512495,8.5262748],[-80.8485762,8.5262132],[-80.8462407,8.5280423],[-80.8444742,8.5310293],[-80.8425307,8.5343251],[-80.8402017,8.5375163],[-80.837247,8.5403067],[-80.8340038,8.5431704],[-80.8304537,8.5460417],[-80.8262521,8.5485666],[-80.8212303,8.5503705],[-80.8164788,8.5509948],[-80.8120824,8.5506237],[-80.8078277,8.5501517],[-80.8036954,8.549773],[-80.799739,8.5492956],[-80.7958873,8.5492214],[-80.7922014,8.5493973],[-80.7884537,8.548658],[-80.7845692,8.546748],[-80.7805563,8.5456628],[-80.7764698,8.5456383],[-80.7723219,8.5460286],[-80.7683186,8.5466525],[-80.7646932,8.5471786],[-80.7615557,8.5467923],[-80.7593067,8.5458546],[-80.7575383,8.5443856],[-80.754757,8.5409606],[-80.753377,8.5381597],[-80.7524161,8.5350578],[-80.7512008,8.5325367],[-80.7493052,8.5315074],[-80.7466928,8.5320613],[-80.7433165,8.5330161],[-80.7395777,8.5340427],[-80.7357977,8.5352666],[-80.731973,8.5361106],[-80.7282709,8.5362169],[-80.7249042,8.5357385],[-80.7217138,8.5359912],[-80.7189242,8.5377264],[-80.7165639,8.5405644],[-80.7140834,8.5437146],[-80.7112098,8.5465552],[-80.7083976,8.5487755],[-80.7077611,8.5507627],[-80.7093959,8.5524461],[-80.7122518,8.5543073],[-80.715569,8.5563294],[-80.7193792,8.5579055],[-80.7238329,8.5587014],[-80.7287726,8.5597377],[-80.7329023,8.5616005],[-80.7361814,8.5640216],[-80.7388157,8.5668154],[-80.7404071,8.5702178],[-80.7408052,8.574013],[-80.7398586,8.5779139],[-80.7378141,8.581772],[-80.7350037,8.5856765],[-80.7320476,8.5899431],[-80.7295119,8.5936726],[-80.7266342,8.5962742],[-80.723181,8.5974992],[-80.7194878,8.5979174],[-80.7158487,8.5976652],[-80.7123651,8.5977252],[-80.70906,8.5988423],[-80.7059374,8.6005174],[-80.7025791,8.6016506],[-80.6990551,8.6017077],[-80.6956039,8.6014488],[-80.6922138,8.6020132],[-80.6889217,8.6034039],[-80.6854442,8.6047663],[-80.6818404,8.6057751],[-80.6783593,8.6070675],[-80.6753521,8.6087706],[-80.6732412,8.6113338],[-80.6719926,8.6146202],[-80.6704803,8.6181497],[-80.6681928,8.6214372],[-80.6642645,8.6238992],[-80.6586397,8.6252032],[-80.652756,8.6254556],[-80.6478133,8.6252716],[-80.6435082,8.6255929],[-80.6394284,8.6259233],[-80.6354198,8.6256611],[-80.6316165,8.6248037],[-80.6282264,8.6237131],[-80.6252023,8.6233421],[-80.6224666,8.6242587],[-80.6196812,8.625602],[-80.6165712,8.6261994],[-80.6134957,8.6259809],[-80.6106426,8.6261717],[-80.6083904,8.6276316],[-80.6072934,8.6303252],[-80.6070595,8.6338107],[-80.6073203,8.6375863],[-80.6069895,8.6414759],[-80.6056331,8.6450965],[-80.6032096,8.6480718],[-80.5998232,8.65017],[-80.595831,8.6515404],[-80.591565,8.6523908],[-80.587349,8.6528929],[-80.5843429,8.6545973],[-80.5822863,8.6576166],[-80.5805035,8.6614373],[-80.5786051,8.6657264],[-80.5764785,8.6699796],[-80.5739217,8.6725769],[-80.5711504,8.6729481],[-80.5688375,8.6716092],[-80.5672518,8.669775],[-80.5656863,8.6690759],[-80.5641621,8.6710426],[-80.5628798,8.6755959],[-80.5610139,8.6808086],[-80.5584683,8.6852069],[-80.5558617,8.6891244],[-80.5537099,8.6931037],[-80.5523824,8.6973222],[-80.5520318,8.70155],[-80.5524949,8.7055213],[-80.5533465,8.7090049],[-80.5538751,8.7116882],[-80.5532521,8.713215],[-80.5521005,8.713975],[-80.5520024,8.7145291],[-80.5539381,8.7148597],[-80.5573115,8.7144626],[-80.5614142,8.7132187],[-80.5655439,8.7129899],[-80.5694139,8.71411],[-80.5727871,8.7168963],[-80.5756418,8.7208836],[-80.5777292,8.7246551],[-80.5799845,8.7275146],[-80.5828968,8.7289052],[-80.5861374,8.7292247],[-80.5891167,8.7284573],[-80.5913977,8.7262415],[-80.5931583,8.7231947],[-80.5947817,8.7199244],[-80.5961494,8.7165688],[-80.5980792,8.7137001],[-80.6009076,8.712017],[-80.6041351,8.711773],[-80.6071844,8.7130647],[-80.6098879,8.7151664],[-80.6126402,8.7170666],[-80.6154129,8.7183856],[-80.6175532,8.7203333],[-80.6182094,8.7233886],[-80.6173844,8.7272244],[-80.6160329,8.7315963],[-80.6147248,8.7351909],[-80.6148737,8.7382718],[-80.6173645,8.7409942],[-80.6205727,8.7435772],[-80.623856,8.7460493],[-80.6265486,8.7488356],[-80.628255,8.7520075],[-80.6287516,8.7554735],[-80.6288668,8.7589806],[-80.6294813,8.7625142],[-80.6302671,8.7660244],[-80.6314867,8.769212],[-80.6336756,8.7720013],[-80.6360588,8.7754117],[-80.6377749,8.7797769],[-80.6385089,8.7836788],[-80.6374342,8.7868135],[-80.6346901,8.7889302],[-80.6309277,8.790288],[-80.6266707,8.7916996],[-80.622238,8.7933802],[-80.6180286,8.7940735],[-80.6142043,8.7940258],[-80.6106984,8.7944688],[-80.607744,8.7959937],[-80.6051992,8.7981482],[-80.6022277,8.7999324],[-80.5987289,8.8009296],[-80.5947766,8.8019436],[-80.5898928,8.8044973],[-80.5835805,8.8086364],[-80.5766828,8.8135264],[-80.5720683,8.817916],[-80.5691017,8.8218106],[-80.566306,8.8250219],[-80.5630622,8.8272936],[-80.5591189,8.8283552],[-80.5545316,8.8285438],[-80.5494588,8.8289162],[-80.5450947,8.8300028],[-80.5414624,8.8317173],[-80.5375879,8.8332966],[-80.53337,8.8350265],[-80.5291107,8.8377373],[-80.5259519,8.8412209],[-80.5233907,8.8450654],[-80.5210187,8.8491129],[-80.5183277,8.853105],[-80.5168933,8.8567119],[-80.5174246,8.8598642],[-80.5195809,8.8622501],[-80.5227294,8.8639135],[-80.5261072,8.8659687],[-80.5291695,8.8688962],[-80.5316081,8.8728747],[-80.5335186,8.8775214],[-80.5349574,8.8814305],[-80.5369142,8.8842541],[-80.5394355,8.8865362],[-80.5417312,8.889283],[-80.5431925,8.8926579],[-80.5435356,8.8963012],[-80.5425705,8.899743],[-80.5402574,8.9024526],[-80.5368985,8.9040752],[-80.5329797,8.9048487],[-80.528877,8.9054047],[-80.5247844,8.9057803],[-80.5208835,8.9061987],[-80.5173812,8.906364],[-80.5144895,8.9054747],[-80.5126174,8.9029597],[-80.5114903,8.8991993],[-80.5095711,8.8947172],[-80.5060379,8.890875],[-80.5023738,8.8876707],[-80.4990313,8.8849089],[-80.4957088,8.8830628],[-80.4924094,8.8826421],[-80.4896557,8.8837134],[-80.4879591,8.8861085],[-80.4867947,8.8893017],[-80.485276,8.8926391],[-80.4833893,8.8957541],[-80.4815775,8.8987406],[-80.4792184,8.9010003],[-80.476171,8.9020701],[-80.4728671,8.9026269],[-80.4695087,8.903704],[-80.4662954,8.9053838],[-80.4630449,8.9070974],[-80.459465,8.9079745],[-80.4556888,8.9080104],[-80.4518337,8.9077025],[-80.4481163,8.9074928],[-80.4446128,8.9078257],[-80.44112,8.9077406],[-80.4379477,8.9064819],[-80.4356397,8.9041174],[-80.4347732,8.9009761],[-80.4352547,8.8976354],[-80.4365886,8.8944991],[-80.4390099,8.8920811],[-80.442017,8.8903017],[-80.4450389,8.8885485],[-80.4482511,8.8874465],[-80.4516106,8.8874968],[-80.4548358,8.8879429],[-80.4578672,8.8875016],[-80.4605833,8.8856045],[-80.4631924,8.8828892],[-80.465413,8.8796588],[-80.4669789,8.8760504],[-80.4677789,8.8722041],[-80.4677518,8.8685716],[-80.4665356,8.865746],[-80.4640347,8.8644202],[-80.460991,8.8645326],[-80.4578944,8.8664337],[-80.4544311,8.8696437],[-80.4495495,8.8737233],[-80.4423282,8.8784243],[-80.4347415,8.8834722],[-80.4285275,8.8882055],[-80.4231813,8.892539],[-80.4186394,8.8944767],[-80.4145864,8.8946686],[-80.4105317,8.8944559],[-80.4063582,8.893963],[-80.4020894,8.8936844],[-80.398014,8.8939097],[-80.3949585,8.8955883],[-80.3922226,8.897928],[-80.3892198,8.9000922],[-80.386111,8.9021543],[-80.3830608,8.9045992],[-80.3799063,8.9070344],[-80.3767054,8.9090424],[-80.3736635,8.9101637],[-80.3707041,8.9093665],[-80.3681826,8.9065806],[-80.3659505,8.9028292],[-80.3636022,8.9003472],[-80.3609801,8.9001371],[-80.3584226,8.9015522],[-80.3558616,8.9034514],[-80.3530357,8.9045074],[-80.3504232,8.9040057],[-80.3487033,8.9019178],[-80.3476935,8.8992092],[-80.3463457,8.8969981],[-80.34394,8.8966186],[-80.3403076,8.8987672],[-80.335611,8.9013787],[-80.3310475,8.9034942],[-80.3269269,8.905511],[-80.3231472,8.907357],[-80.3196461,8.9091255],[-80.316005,8.9101394],[-80.3123178,8.9103697],[-80.3087027,8.9104658],[-80.3050392,8.9104963],[-80.3010058,8.9095564],[-80.2966426,8.9079836],[-80.2924357,8.9070935],[-80.2883856,8.906476],[-80.2843934,8.9064108],[-80.2805013,8.9065383],[-80.2767037,8.906136],[-80.2730871,8.9056234],[-80.2698255,8.9058659],[-80.2672342,8.9072969],[-80.2653191,8.909058],[-80.2648473,8.910732],[-80.266228,8.9120517],[-80.2687287,8.9127353],[-80.2715191,8.913862],[-80.2737717,8.9158687],[-80.2753733,8.9182637],[-80.2774182,8.9202862],[-80.2803456,8.921672],[-80.2837964,8.9226202],[-80.2875597,8.9228324],[-80.2914309,8.9227364],[-80.2953115,8.9233381],[-80.2989288,8.925023],[-80.3019569,8.9282067],[-80.3042986,8.9324057],[-80.3049234,8.936504],[-80.3040949,8.9400715],[-80.3020317,8.9431187],[-80.2995413,8.9462003],[-80.2968254,8.9496351],[-80.2943908,8.9547318],[-80.2920353,8.961651],[-80.2899132,8.9679937],[-80.2885763,8.9724447],[-80.288927,8.975413],[-80.2909771,8.9773103],[-80.293779,8.9785766],[-80.2968386,8.9787059],[-80.299727,8.9777012],[-80.3026764,8.9769038],[-80.3051594,8.9772427],[-80.3064091,8.9790558],[-80.3062486,8.981535],[-80.3056357,8.983888],[-80.3060889,8.9861562],[-80.3076756,8.9880019],[-80.3090554,8.990254],[-80.3088552,8.9931757],[-80.3067639,8.9960392],[-80.3040458,8.997868],[-80.3008976,8.9979854],[-80.3049923,9.0103966]],[[-82.4764758,9.2150603],[-82.4753612,9.2171713],[-82.4739483,9.2185244],[-82.4718017,9.2188654],[-82.4699364,9.2177625],[-82.4694355,9.215821],[-82.470718,9.2141945],[-82.4729115,9.2136828],[-82.4764758,9.2150603]],[[-82.4969845,9.1816875],[-82.4952398,9.1815537],[-82.4938684,9.1809725],[-82.4932633,9.1796941],[-82.4940492,9.1787412],[-82.4954494,9.1790645],[-82.4969845,9.1816875]],[[-82.2429635,8.8624261],[-82.240036,8.8644256],[-82.2382632,8.8643981],[-82.2374305,8.8631143],[-82.2382131,8.8616075],[-82.239972,8.861027],[-82.2429635,8.8624261]],[[-80.3912989,9.0728694],[-80.3926606,9.0748858],[-80.3928504,9.0767615],[-80.3916728,9.0785259],[-80.3892635,9.0791186],[-80.386668,9.0784813],[-80.385047,9.0768274],[-80.3853064,9.0748224],[-80.3871212,9.0734798],[-80.3912989,9.0728694]],[[-80.3338477,8.9339503],[-80.3358135,8.9352781],[-80.3365501,8.9367376],[-80.3360887,8.9381615],[-80.334717,8.9383591],[-80.3336798,8.9371552],[-80.3338477,8.9339503]],[[-80.4073693,8.9502516],[-80.4105087,8.9507324],[-80.412054,8.9519394],[-80.4123028,8.953746],[-80.4109113,8.9550354],[-80.408867,8.9550311],[-80.4074623,8.9536706],[-80.4073693,8.9502516]],[[-80.4310978,9.0968763],[-80.4311389,9.0986822],[-80.430665,9.1002923],[-80.4291955,9.1014231],[-80.4274991,9.1011803],[-80.4268445,9.0997388],[-80.4277634,9.098196],[-80.4310978,9.0968763]],[[-80.6119562,8.8314692],[-80.6112726,8.8330684],[-80.6102214,8.8343993],[-80.6084476,8.8349388],[-80.6069785,8.834068],[-80.6069075,8.8324881],[-80.6083359,8.8314269],[-80.6119562,8.8314692]],[[-80.7377629,8.7467535],[-80.7379839,8.7496043],[-80.7369073,8.7512714],[-80.7346127,8.7519286],[-80.7318656,8.751126],[-80.7295354,8.7494069],[-80.7286683,8.7470436],[-80.7297134,8.7448796],[-80.7319552,8.743763],[-80.7344197,8.7441752],[-80.7377629,8.7467535]],[[-81.0172343,8.752464],[-81.0159686,8.7545149],[-81.0141981,8.7554655],[-81.0118929,8.7552201],[-81.0101799,8.7537025],[-81.0100645,8.7516329],[-81.0115393,8.7502466],[-81.0137463,8.7503066],[-81.0172343,8.752464]],[[-81.1800129,8.6824754],[-81.1823434,8.6838667],[-81.1833722,8.6858426],[-81.1834035,8.6886466],[-81.1821558,8.6913758],[-81.1798856,8.6930672],[-81.1773625,8.6930176],[-81.1756901,8.6912053],[-81.1755176,8.6884617],[-81.1766833,8.6858055],[-81.1800129,8.6824754]],[[-81.2446101,8.5925479],[-81.2435501,8.5952945],[-81.2419357,8.5966922],[-81.2397386,8.596929],[-81.2380427,8.5956145],[-81.237818,8.5933989],[-81.2390715,8.591544],[-81.241173,8.5910287],[-81.2446101,8.5925479]],[[-81.3107611,8.6078745],[-81.3114757,8.6109302],[-81.3108106,8.6132542],[-81.3088687,8.6152256],[-81.3062663,8.6159846],[-81.3040578,8.6150275],[-81.3032894,8.6127892],[-81.3042045,8.6104018],[-81.3063599,8.6088208],[-81.3107611,8.6078745]],[[-81.3273586,8.6057698],[-81.3274907,8.6087894],[-81.3266184,8.6109884],[-81.3249086,8.6125855],[-81.3228648,8.6124954],[-81.3215974,8.6107944],[-81.321856,8.6084862],[-81.3234543,8.6067309],[-81.3273586,8.6057698]],[[-81.3416942,8.7644607],[-81.3432546,8.76549],[-81.3441169,8.766745],[-81.343918,8.768177],[-81.3427108,8.768594],[-81.3416648,8.7675777],[-81.3416942,8.7644607]],[[-81.3889811,8.7031085],[-81.3918764,8.7024316],[-81.3934417,8.7030973],[-81.3938689,8.7045983],[-81.392814,8.7057441],[-81.3911134,8.7055762],[-81.3889811,8.7031085]],[[-81.6366812,8.6744108],[-81.6382796,8.6762227],[-81.6386041,8.677821],[-81.6377273,8.6790332],[-81.6363152,8.6788525],[-81.6356266,8.6774064],[-81.6366812,8.6744108]],[[-81.6413334,8.8530413],[-81.6424894,8.85575],[-81.6421653,8.8578161],[-81.6406868,8.8593336],[-81.63884,8.8593651],[-81.6379031,8.8578708],[-81.6384829,8.8558873],[-81.6413334,8.8530413]],[[-81.7145745,8.9333751],[-81.7149172,8.9363587],[-81.7135479,8.9381823],[-81.710731,8.9390689],[-81.707344,8.9381982],[-81.7056163,8.9361042],[-81.706172,8.9337897],[-81.7082031,8.9321499],[-81.7107648,8.9318055],[-81.7145745,8.9333751]],[[-81.8028532,8.666606],[-81.8046974,8.6689838],[-81.8050842,8.6713046],[-81.8042736,8.673715],[-81.8024398,8.67509],[-81.8005483,8.6746733],[-81.7997606,8.6726954],[-81.8003572,8.6702588],[-81.8028532,8.666606]],[[-81.8409243,8.8636802],[-81.8426883,8.864938],[-81.8434566,8.8663567],[-81.8430658,8.8677922],[-81.8417468,8.8680501],[-81.8407368,8.8668694],[-81.8409243,8.8636802]],[[-81.8633016,8.8983836],[-81.863727,8.900661],[-81.8630811,8.9026124],[-81.8611435,8.9042626],[-81.8585953,8.9048926],[-81.8564671,8.9040064],[-81.8558087,8.9019055],[-81.8568199,8.899735],[-81.8590123,8.8984845],[-81.8633016,8.8983836]],[[-81.9233732,8.8662768],[-81.9226149,8.8686878],[-81.9212407,8.8699506],[-81.9190579,8.8700447],[-81.9170832,8.8687126],[-81.9162851,8.8667379],[-81.9173053,8.8651662],[-81.9194594,8.8648372],[-81.9233732,8.8662768]],[[-81.9431425,8.7679466],[-81.9406725,8.7700084],[-81.9384163,8.7710218],[-81.9356885,8.7709529],[-81.9334845,8.7697409],[-81.9330476,8.7673987],[-81.9349262,8.7649636],[-81.937756,8.7641887],[-81.9403835,8.7648879],[-81.9431425,8.7679466]],[[-81.9744208,8.7073475],[-81.9730261,8.7102013],[-81.9711813,8.7110197],[-81.9690923,8.7104313],[-81.9679156,8.7088621],[-81.9685263,8.7072575],[-81.9704497,8.7066335],[-81.9744208,8.7073475]],[[-82.0435012,8.7222099],[-82.0454569,8.7239928],[-82.0459054,8.725804],[-82.0450209,8.7275918],[-82.0432576,8.7282277],[-82.0417786,8.7272073],[-82.0415423,8.7252857],[-82.0435012,8.7222099]],[[-82.2439447,8.735478],[-82.2430666,8.7384923],[-82.2416155,8.7400319],[-82.2396485,8.7403803],[-82.2382836,8.7391608],[-82.2384552,8.7372809],[-82.2400829,8.7359632],[-82.2439447,8.735478]],[[-82.4026193,8.7896222],[-82.4040146,8.7910419],[-82.404674,8.7926507],[-82.4041955,8.7944271],[-82.4026422,8.7951719],[-82.4011458,8.7943074],[-82.400808,8.7925031],[-82.4026193,8.7896222]],[[-82.5028354,8.9807943],[-82.5029233,8.9841805],[-82.5016066,8.9855667],[-82.4994555,8.9855192],[-82.4976217,8.9839614],[-82.4971024,8.98161],[-82.4981251,8.9796838],[-82.4999876,8.9791124],[-82.5028354,8.9807943]],[[-82.586206,9.3836148],[-82.5877055,9.3817218],[-82.5893792,9.3807341],[-82.5912553,9.3808681],[-82.5921658,9.3823229],[-82.5914712,9.3840022],[-82.5896439,9.3846971],[-82.586206,9.3836148]],[[-82.6066358,9.3758495],[-82.608499,9.3770348],[-82.6093458,9.3784131],[-82.6090156,9.3798466],[-82.6076776,9.380148],[-82.6065875,9.3790353],[-82.6066358,9.3758495]],[[-82.6562721,8.9634587],[-82.6583556,8.9644311],[-82.6595869,8.965883],[-82.6596882,8.9680043],[-82.6582977,8.9697473],[-82.6561644,8.9701328],[-82.6545572,8.9689357],[-82.6543718,8.9668589],[-82.6562721,8.9634587]],[[-82.8418864,8.9413346],[-82.8438791,8.9413155],[-82.8454375,8.9420343],[-82.8462161,8.9438756],[-82.8453769,8.9461751],[-82.8433791,8.9479353],[-82.8411162,8.948277],[-82.8396883,8.9468898],[-82.8397108,8.9446965],[-82.8418864,8.9413346]],[[-82.8761225,9.5454076],[-82.8733926,9.5472858],[-82.8715525,9.5471594],[-82.8704678,9.5455362],[-82.8708821,9.5431881],[-82.8724596,9.5412832],[-82.8744744,9.540859],[-82.8758525,9.5420343],[-82.8761225,9.5454076]],[[-82.0635296,8.8894471],[-82.0654075,8.8913469],[-82.0664123,8.8935249],[-82.0664327,8.8962555],[-82.0649208,8.8986072],[-82.062193,8.8997773],[-82.0592156,8.8997471],[-82.0569078,8.8981593],[-82.0560679,8.895563],[-82.0570101,8.8928826],[-82.0591356,8.8909438],[-82.0635296,8.8894471]],[[-80.3096295,8.9455924],[-80.3116624,8.9401167],[-80.3140994,8.9385146],[-80.3172381,8.9384961],[-80.3205597,8.9394716],[-80.3234184,8.9414702],[-80.3253526,8.9443213],[-80.326631,8.9474516],[-80.328186,8.9504331],[-80.3294691,8.9533303],[-80.3293566,8.9562859],[-80.327544,8.9588168],[-80.3245717,8.9606993],[-80.3212404,8.9623333],[-80.3177117,8.9635959],[-80.3140866,8.9642647],[-80.3100237,8.9642053],[-80.3064825,8.9621354],[-80.3050355,8.9586106],[-80.3058179,8.9543317],[-80.3071845,8.9505642],[-80.3096295,8.9455924]],[[-81.2071485,8.5676628],[-81.2114195,8.5705949],[-81.2137135,8.5738017],[-81.2151844,8.5783884],[-81.2153879,8.5829184],[-81.2147998,8.5869226],[-81.2135516,8.5900272],[-81.2112654,8.5915823],[-81.2083263,8.5912747],[-81.2052001,8.589789],[-81.2018282,8.5878236],[-81.1986702,8.584769],[-81.1962606,8.5806128],[-81.1951435,8.5765636],[-81.1943624,8.5729427],[-81.193266,8.5696588],[-81.1923025,8.5666053],[-81.1910439,8.5641867],[-81.1892717,8.562602],[-81.1878183,8.561066],[-81.1867622,8.5589397],[-81.1869044,8.5566182],[-81.1887474,8.555026],[-81.1916503,8.5548149],[-81.1947812,8.5560492],[-81.1978038,8.5580687],[-81.2003022,8.5607564],[-81.2022323,8.5635892],[-81.2039042,8.5658208],[-81.2071485,8.5676628]],[[-81.7365526,8.6602443],[-81.7384008,8.6546271],[-81.737869,8.651592],[-81.7369369,8.6482366],[-81.7371158,8.6444234],[-81.738904,8.6418196],[-81.7417912,8.64096],[-81.7449598,8.6414086],[-81.7477443,8.6433836],[-81.7499358,8.6463996],[-81.7518539,8.6498285],[-81.7537193,8.6530738],[-81.7559895,8.6554468],[-81.7585977,8.6562194],[-81.7611175,8.6552054],[-81.7630454,8.6526547],[-81.7647785,8.6495463],[-81.7666489,8.6468421],[-81.7693829,8.6455659],[-81.7727247,8.6462009],[-81.7762527,8.6484963],[-81.779465,8.6523879],[-81.7817956,8.6565768],[-81.7837805,8.6605753],[-81.7852767,8.6644456],[-81.7861082,8.6682589],[-81.7868132,8.6719056],[-81.7870111,8.6751995],[-81.7857429,8.6779838],[-81.7830429,8.6800096],[-81.7796407,8.6817914],[-81.7760416,8.6834691],[-81.7724487,8.6846429],[-81.7692392,8.6852599],[-81.7669219,8.6859628],[-81.7654326,8.6876782],[-81.7635213,8.690168],[-81.7606158,8.6921948],[-81.7576179,8.6920669],[-81.7546659,8.6898859],[-81.7512716,8.6866365],[-81.7481273,8.6831716],[-81.7452397,8.6796921],[-81.7427345,8.6760851],[-81.7406669,8.6723214],[-81.7390073,8.6685713],[-81.7377127,8.6651489],[-81.7365526,8.6602443]],[[-81.3120231,8.7203723],[-81.3147317,8.7151726],[-81.3169419,8.7138431],[-81.3190294,8.714427],[-81.3203382,8.7169005],[-81.3202256,8.7207217],[-81.3189708,8.7249913],[-81.3167201,8.7278385],[-81.3141524,8.7285886],[-81.3122031,8.7272208],[-81.3114049,8.7247544],[-81.3120231,8.7203723]],[[-80.3864569,8.9693224],[-80.3894699,8.9728334],[-80.3927454,8.9747848],[-80.3967619,8.9771443],[-80.399806,8.9798811],[-80.4015078,8.9826934],[-80.4025693,8.9850022],[-80.4042195,8.9869123],[-80.4062285,8.9897509],[-80.4075818,8.9939885],[-80.4076398,8.9982846],[-80.4067931,9.0022262],[-80.4048931,9.005497],[-80.4019579,9.0079562],[-80.3985823,9.0100846],[-80.3950196,9.0119049],[-80.3914469,9.0131083],[-80.3878894,9.0129713],[-80.3848507,9.011457],[-80.3829124,9.0087583],[-80.3823774,9.0050558],[-80.3825082,9.0004642],[-80.3832515,8.9951252],[-80.3841859,8.990214],[-80.3848945,8.9858027],[-80.3854442,8.981841],[-80.3853837,8.978546],[-80.3838778,8.9762506],[-80.3809513,8.9753009],[-80.3773255,8.975374],[-80.3737571,8.9769743],[-80.3716289,8.9795371],[-80.3708263,8.9822452],[-80.3716433,8.9848635],[-80.3728203,8.9875816],[-80.3728847,8.9906249],[-80.3715577,8.993625],[-80.3695538,8.9964585],[-80.3673439,8.9989772],[-80.364082,9.0003609],[-80.3599254,8.9999875],[-80.3563002,8.9983262],[-80.352954,8.9965143],[-80.3498831,8.9950237],[-80.347492,8.993507],[-80.3466754,8.9913013],[-80.3477761,8.9888314],[-80.3501153,8.9864129],[-80.3529452,8.9838409],[-80.3555757,8.9806444],[-80.3578675,8.976864],[-80.3586946,8.9732035],[-80.357818,8.9698639],[-80.3562711,8.9664651],[-80.3542179,8.9631436],[-80.3517735,8.9599138],[-80.3496522,8.9564212],[-80.3484956,8.9524587],[-80.3490445,8.9479792],[-80.3507437,8.9443187],[-80.3538616,8.9422284],[-80.3581458,8.942106],[-80.3620304,8.9431726],[-80.3654513,8.9444287],[-80.3681101,8.9462529],[-80.3694569,8.9492916],[-80.3697018,8.9536315],[-80.3698452,8.9578363],[-80.3698802,8.9614273],[-80.3705831,8.9640797],[-80.3726424,8.9655911],[-80.3756224,8.9667881],[-80.3788841,8.9677461],[-80.3819996,8.9681963],[-80.3864569,8.9693224]],[[-82.4859738,8.975419],[-82.488449,8.9776982],[-82.4886082,8.9794487],[-82.4872941,8.9814078],[-82.4846656,8.9827847],[-82.4814169,8.9833777],[-82.4782312,8.9836488],[-82.4756128,8.9828461],[-82.4744467,8.9809229],[-82.4753105,8.978735],[-82.4778107,8.9772123],[-82.4809253,8.9763573],[-82.4859738,8.975419]],[[-82.57055,9.0099811],[-82.5798388,9.010813],[-82.5835567,9.0122126],[-82.5863926,9.0134706],[-82.5894497,9.0136374],[-82.5928592,9.0134197],[-82.5963621,9.0137213],[-82.5997039,9.0151005],[-82.6029982,9.0169917],[-82.6062072,9.0190822],[-82.6087483,9.0216972],[-82.6099684,9.0246944],[-82.6093724,9.0275135],[-82.6070421,9.0292829],[-82.6035545,9.0294631],[-82.599632,9.0284797],[-82.5958104,9.0275867],[-82.5936892,9.0282438],[-82.5937425,9.0300442],[-82.5953339,9.0320659],[-82.5969035,9.0344292],[-82.5971334,9.0367764],[-82.5956026,9.0381414],[-82.5929776,9.0378557],[-82.590023,9.0363326],[-82.5869451,9.034424],[-82.5841733,9.0320748],[-82.5822006,9.0292207],[-82.580986,9.0262269],[-82.5794548,9.0235806],[-82.5764911,9.0212344],[-82.5726419,9.0183621],[-82.5693891,9.0148401],[-82.5666472,9.0121687],[-82.5637224,9.0101625],[-82.5610127,9.0080159],[-82.559221,9.0056045],[-82.5590776,9.0034516],[-82.5606977,9.002543],[-82.5631565,9.0033464],[-82.5656407,9.0051656],[-82.5675433,9.0073306],[-82.57055,9.0099811]],[[-82.5932777,9.3624631],[-82.5898852,9.3567258],[-82.5899978,9.3535025],[-82.5918043,9.3508543],[-82.5946114,9.3491248],[-82.5975539,9.3480921],[-82.6001926,9.3483551],[-82.6024728,9.350158],[-82.6040055,9.3531244],[-82.6049397,9.3565469],[-82.6055471,9.359821],[-82.6049356,9.362798],[-82.6028167,9.3648673],[-82.5998864,9.365659],[-82.5970258,9.3650698],[-82.5932777,9.3624631]],[[-82.4969326,9.2379685],[-82.4926154,9.236203],[-82.4897414,9.234792],[-82.4864917,9.2336378],[-82.4834963,9.2322953],[-82.4815457,9.2297136],[-82.4813745,9.2262403],[-82.4833059,9.2236766],[-82.4872757,9.2221351],[-82.4915549,9.2218956],[-82.4955007,9.2227763],[-82.4988892,9.22426],[-82.5011443,9.2268679],[-82.5017104,9.2304305],[-82.5005392,9.2341413],[-82.4969326,9.2379685]],[[-80.6465759,8.7931193],[-80.6463716,8.7900018],[-80.6474963,8.7888351],[-80.649814,8.7885264],[-80.6524684,8.7895857],[-80.654452,8.7918143],[-80.6548818,8.7948213],[-80.6537236,8.7977705],[-80.6513606,8.7998048],[-80.648657,8.8003677],[-80.646612,8.7992376],[-80.6459355,8.7970797],[-80.6465759,8.7931193]],[[-80.3589849,9.0231198],[-80.3627738,9.020596],[-80.3661479,9.0198044],[-80.3702922,9.0195006],[-80.3748163,9.0202503],[-80.3782963,9.0215968],[-80.3799596,9.0238183],[-80.3797893,9.0264021],[-80.3791268,9.0289695],[-80.3795326,9.0315664],[-80.3811245,9.0339331],[-80.3827894,9.0363427],[-80.383304,9.0391346],[-80.3825577,9.0419643],[-80.3814685,9.04486],[-80.3798092,9.0473482],[-80.3775326,9.0487691],[-80.3747977,9.0490216],[-80.3722585,9.0476524],[-80.3704355,9.0449546],[-80.3689432,9.0418165],[-80.3668423,9.0388861],[-80.3643345,9.0362711],[-80.3619344,9.0337153],[-80.3604189,9.0307376],[-80.3598113,9.0277038],[-80.3589849,9.0231198]],[[-80.5382789,8.9366198],[-80.5399076,8.9426042],[-80.5394909,8.9451216],[-80.5377091,8.9470765],[-80.5349392,8.9477089],[-80.5320566,8.9467099],[-80.5299373,8.9443507],[-80.5291311,8.9412379],[-80.5295191,8.9382529],[-80.5313188,8.9362363],[-80.5338866,8.9356813],[-80.5382789,8.9366198]],[[-80.6622717,8.8476991],[-80.6592568,8.8500833],[-80.6565971,8.8507175],[-80.6536479,8.8511346],[-80.6505908,8.8523525],[-80.6472832,8.8536803],[-80.6437895,8.8541294],[-80.6406263,8.8533212],[-80.6384623,8.8514153],[-80.6380004,8.8489431],[-80.6393696,8.8467598],[-80.6417407,8.8451204],[-80.644495,8.8434631],[-80.6468241,8.8411583],[-80.6485739,8.8383144],[-80.6500948,8.8357192],[-80.6522627,8.8343814],[-80.6548032,8.8349835],[-80.6571356,8.8371411],[-80.6593635,8.8399168],[-80.660966,8.8429319],[-80.6622717,8.8476991]],[[-81.2274805,8.6752907],[-81.2248086,8.683306],[-81.2213331,8.6876807],[-81.2161627,8.6915584],[-81.2113668,8.6938644],[-81.2073879,8.695231],[-81.2040749,8.6953087],[-81.2017839,8.6936711],[-81.2009625,8.6906051],[-81.2011325,8.6868069],[-81.2008956,8.6827993],[-81.1993376,8.6802237],[-81.1966281,8.6796003],[-81.1933889,8.6800523],[-81.1897643,8.6800975],[-81.1861429,8.6790848],[-81.1829844,8.6770617],[-81.1807955,8.6741399],[-81.1799177,8.6705948],[-81.1801605,8.6669144],[-81.1815584,8.6635615],[-81.183569,8.6607517],[-81.1861829,8.6591125],[-81.1893033,8.6592403],[-81.1926662,8.6606467],[-81.1966777,8.6623483],[-81.2000793,8.6645933],[-81.2026098,8.6670535],[-81.2041372,8.6696899],[-81.2052322,8.6716894],[-81.2070825,8.6722296],[-81.2095517,8.6712541],[-81.212331,8.6695304],[-81.2154256,8.6682837],[-81.2187371,8.6684375],[-81.2218348,8.6697145],[-81.224227,8.6717719],[-81.2274805,8.6752907]],[[-81.4150987,8.7112524],[-81.4232676,8.7167015],[-81.425587,8.7203151],[-81.4259952,8.7240824],[-81.4251401,8.7277855],[-81.4240253,8.7314746],[-81.4231915,8.7351286],[-81.4228513,8.7384968],[-81.4227023,8.7414102],[-81.4214992,8.743572],[-81.4191378,8.7441946],[-81.4163091,8.7431238],[-81.413391,8.741183],[-81.410506,8.7389931],[-81.4073392,8.737212],[-81.4041875,8.7353421],[-81.4010859,8.7335207],[-81.3980834,8.7314363],[-81.3957121,8.7286523],[-81.3942489,8.7254541],[-81.3940977,8.7220004],[-81.3949214,8.7185102],[-81.3969254,8.7153819],[-81.4004586,8.7131692],[-81.4051709,8.7120994],[-81.4094446,8.7115155],[-81.4150987,8.7112524]],[[-81.7254849,8.8453288],[-81.7256022,8.8496101],[-81.7243238,8.8527965],[-81.7222241,8.856534],[-81.7200223,8.860881],[-81.7178005,8.8646833],[-81.716151,8.8681347],[-81.7154315,8.8715002],[-81.7145622,8.874486],[-81.7128164,8.8763309],[-81.7103275,8.8763308],[-81.7076822,8.8748803],[-81.7047367,8.8731898],[-81.7016718,8.8718352],[-81.6989573,8.8699931],[-81.6971099,8.8673023],[-81.6958398,8.864217],[-81.6954154,8.860883],[-81.6961263,8.8573906],[-81.6982393,8.8530756],[-81.7015484,8.8491455],[-81.7060078,8.8460661],[-81.7105302,8.844247],[-81.7151174,8.8438167],[-81.7196433,8.8439489],[-81.7254849,8.8453288]],[[-81.8044982,8.7358741],[-81.8041524,8.739779],[-81.8024072,8.742114],[-81.7996603,8.7442123],[-81.7965907,8.7460499],[-81.7938293,8.7479526],[-81.7915715,8.7498903],[-81.7890428,8.7508457],[-81.7865077,8.7500597],[-81.7845025,8.7477324],[-81.782657,8.7446655],[-81.780304,8.7412789],[-81.7778435,8.7372937],[-81.7757862,8.7326662],[-81.77453,8.728721],[-81.7745036,8.7257351],[-81.7760318,8.7232236],[-81.7795093,8.7218216],[-81.7846062,8.7219932],[-81.7898605,8.7235014],[-81.7947757,8.7261489],[-81.7983385,8.7292537],[-81.8010231,8.7320847],[-81.8044982,8.7358741]],[[-81.8040433,8.7825023],[-81.8049832,8.7867501],[-81.8050456,8.7894802],[-81.8049557,8.7921153],[-81.804579,8.7949556],[-81.8032303,8.7973564],[-81.8007215,8.7984367],[-81.7979123,8.7980044],[-81.7958955,8.7960136],[-81.7953909,8.793065],[-81.7963815,8.789925],[-81.7980592,8.7869116],[-81.8001143,8.7845162],[-81.8040433,8.7825023]],[[-81.8246541,8.8395731],[-81.8269079,8.8435158],[-81.8270299,8.8465909],[-81.8256009,8.8498044],[-81.8224293,8.8524408],[-81.817777,8.8539653],[-81.8133248,8.8542726],[-81.8096831,8.8530532],[-81.8071629,8.8504924],[-81.8057422,8.8469993],[-81.8054414,8.8431573],[-81.8063158,8.8395612],[-81.8083773,8.8368096],[-81.8112218,8.8353517],[-81.8143379,8.8355212],[-81.8172394,8.8367837],[-81.820145,8.8379553],[-81.8246541,8.8395731]],[[-81.8980447,8.8499607],[-81.8981856,8.854325],[-81.89684,8.856918],[-81.8941632,8.858947],[-81.8905994,8.8601329],[-81.8867254,8.8608331],[-81.88295,8.8609325],[-81.8794997,8.8595715],[-81.8768148,8.8565023],[-81.875227,8.8523282],[-81.8752849,8.8486466],[-81.8763978,8.8460024],[-81.8781877,8.8443859],[-81.8803107,8.8446312],[-81.8818785,8.8468381],[-81.8827735,8.8499336],[-81.8845532,8.851754],[-81.8872731,8.8516793],[-81.8907526,8.8508536],[-81.8980447,8.8499607]],[[-81.9180948,8.8092369],[-81.918644,8.8146688],[-81.9175044,8.8186811],[-81.9153346,8.8221129],[-81.9125235,8.8246328],[-81.9099214,8.8270298],[-81.9081151,8.8299181],[-81.9062843,8.832902],[-81.9040943,8.835223],[-81.9013679,8.8359701],[-81.8988678,8.8349472],[-81.8974684,8.8323653],[-81.8972215,8.8289286],[-81.8978082,8.825196],[-81.8992565,8.8215733],[-81.9011702,8.8181919],[-81.9038425,8.8154242],[-81.9070532,8.813331],[-81.9104437,8.8117535],[-81.9134934,8.810361],[-81.9180948,8.8092369]],[[-81.9277525,8.7815855],[-81.9260438,8.7848409],[-81.9238306,8.7859988],[-81.9209476,8.786177],[-81.9172826,8.7852223],[-81.9135179,8.7834567],[-81.9116679,8.7810268],[-81.912403,8.7786258],[-81.9151466,8.7770962],[-81.9189677,8.7768073],[-81.922998,8.7780807],[-81.9277525,8.7815855]],[[-81.9621255,8.827205],[-81.961236,8.8315574],[-81.9588042,8.8342502],[-81.9546972,8.8366552],[-81.9505096,8.8386099],[-81.9466894,8.8404383],[-81.9428608,8.8416346],[-81.9391943,8.8423257],[-81.9359769,8.842583],[-81.9333224,8.8412809],[-81.9318017,8.838069],[-81.9315471,8.833623],[-81.932326,8.8296793],[-81.9331231,8.82646],[-81.9334626,8.8238748],[-81.9336663,8.8211776],[-81.9348293,8.8188036],[-81.937873,8.8176771],[-81.9426415,8.8182962],[-81.948535,8.8203817],[-81.9534223,8.8227108],[-81.9573362,8.8245775],[-81.9621255,8.827205]],[[-81.9661541,8.8623358],[-81.9679782,8.8652817],[-81.9676196,8.8673719],[-81.9658422,8.8693257],[-81.9631578,8.8706804],[-81.9603724,8.8718291],[-81.9579047,8.8720029],[-81.9566157,8.8707058],[-81.9572429,8.8686602],[-81.9593798,8.8667464],[-81.9619222,8.8648811],[-81.9661541,8.8623358]],[[-82.082252,8.8272823],[-82.0829968,8.8309516],[-82.0817608,8.8329874],[-82.0790079,8.834239],[-82.0753398,8.8347449],[-82.0712658,8.8352137],[-82.0670092,8.836202],[-82.0629683,8.8360922],[-82.0592778,8.8349083],[-82.0558003,8.8334004],[-82.0523208,8.8326189],[-82.0489702,8.8331015],[-82.0462307,8.8347145],[-82.0445085,8.8372619],[-82.0431932,8.8402669],[-82.0419695,8.8432507],[-82.0414826,8.8464297],[-82.0411333,8.8495745],[-82.0398992,8.8521688],[-82.0374538,8.8535481],[-82.0342911,8.8538279],[-82.0306946,8.8541135],[-82.0268605,8.8544513],[-82.0230007,8.8546587],[-82.019152,8.854234],[-82.0153212,8.8535322],[-82.0113365,8.8530752],[-82.0073455,8.8529076],[-82.0036272,8.8532136],[-82.0005201,8.8538466],[-81.9984856,8.8552819],[-81.9975563,8.8574624],[-81.9962046,8.859693],[-81.9937129,8.861021],[-81.9905277,8.8614054],[-81.9871031,8.8614548],[-81.9838516,8.8604571],[-81.9813128,8.8580884],[-81.9797092,8.8547415],[-81.9789309,8.8507932],[-81.9782582,8.8464194],[-81.977563,8.8415863],[-81.9772376,8.8360193],[-81.9769906,8.830835],[-81.9756477,8.8267781],[-81.9736829,8.8231621],[-81.9718129,8.8193854],[-81.9700439,8.8152793],[-81.9678533,8.810928],[-81.9667609,8.8067082],[-81.9671181,8.8028169],[-81.968785,8.7994846],[-81.9712582,8.7969257],[-81.9743232,8.7954777],[-81.9773446,8.7949232],[-81.9796528,8.7939478],[-81.9802071,8.7919964],[-81.9785484,8.7895363],[-81.9752885,8.7863179],[-81.9712102,8.7817365],[-81.9672714,8.7758306],[-81.9661604,8.7711657],[-81.9676538,8.7682032],[-81.9704307,8.766282],[-81.9734151,8.7642363],[-81.9761418,8.7618908],[-81.978293,8.7593902],[-81.9792106,8.7564606],[-81.9790779,8.7532374],[-81.9791503,8.7499867],[-81.9803505,8.7473644],[-81.982523,8.7462993],[-81.9851112,8.7477086],[-81.9873471,8.7513583],[-81.9889928,8.7555223],[-81.9903511,8.7595871],[-81.9912025,8.7636377],[-81.9921299,8.7676162],[-81.9932467,8.7714585],[-81.9938832,8.7753718],[-81.9939526,8.7792545],[-81.9933975,8.7830141],[-81.9931992,8.7867261],[-81.9939363,8.7900741],[-81.9955909,8.7925618],[-81.9984181,8.7937132],[-82.0019826,8.7942679],[-82.0059185,8.7943341],[-82.0100037,8.7945439],[-82.0140886,8.7954088],[-82.0181796,8.7970259],[-82.0226679,8.7989488],[-82.0273326,8.8013196],[-82.0309099,8.8018617],[-82.0332633,8.8003159],[-82.0352449,8.7979374],[-82.0378462,8.7960183],[-82.0411889,8.7952849],[-82.0449087,8.7953462],[-82.0486896,8.795523],[-82.0522993,8.795653],[-82.0556345,8.7948564],[-82.0589629,8.7923171],[-82.0629765,8.7899776],[-82.0677409,8.7888182],[-82.0718476,8.7891892],[-82.074596,8.7909803],[-82.0754299,8.7938055],[-82.0743892,8.7969141],[-82.0721992,8.799902],[-82.0695269,8.8027426],[-82.066906,8.8056039],[-82.0641755,8.8082325],[-82.0618077,8.8109992],[-82.0598208,8.8135537],[-82.058702,8.8157797],[-82.0586094,8.8181345],[-82.0599058,8.8203054],[-82.0619975,8.8216705],[-82.0645868,8.8214114],[-82.0672746,8.8202221],[-82.0701701,8.8195601],[-82.0730788,8.8203945],[-82.0757163,8.8222992],[-82.0783561,8.8242386],[-82.082252,8.8272823]],[[-82.0329426,8.8748967],[-82.0321052,8.8797019],[-82.0313525,8.8829225],[-82.0307135,8.886256],[-82.0308372,8.8896833],[-82.0307903,8.8933021],[-82.0298951,8.8969113],[-82.0284043,8.9003541],[-82.0260345,8.9031159],[-82.0229986,8.9046789],[-82.0197445,8.904584],[-82.016998,8.9028074],[-82.0153346,8.8998048],[-82.0147206,8.8963016],[-82.0152263,8.8927902],[-82.0164359,8.88958],[-82.0173701,8.8864053],[-82.0177556,8.8829301],[-82.0183752,8.8792135],[-82.0193625,8.8754704],[-82.0210673,8.8720778],[-82.0232859,8.8694308],[-82.0260295,8.868214],[-82.0287901,8.8688701],[-82.0309409,8.8707539],[-82.0329426,8.8748967]],[[-82.0303274,8.7183756],[-82.0328644,8.7216818],[-82.0332285,8.7242419],[-82.032188,8.7268661],[-82.0299827,8.729297],[-82.026972,8.7309731],[-82.023777,8.7313885],[-82.0212476,8.7302308],[-82.0202501,8.7277507],[-82.0210556,8.7247965],[-82.0231162,8.7220796],[-82.0257661,8.7200783],[-82.0303274,8.7183756]],[[-82.2197578,8.7300967],[-82.2203563,8.7345355],[-82.2182009,8.7386438],[-82.2136678,8.7436959],[-82.2099205,8.7479473],[-82.2072135,8.7512729],[-82.2043202,8.7533948],[-82.2011285,8.754274],[-82.1980916,8.7545207],[-82.1957939,8.7535802],[-82.1950946,8.7515885],[-82.1961242,8.7493621],[-82.1981677,8.7469947],[-82.2001736,8.7439498],[-82.2021622,8.7405958],[-82.2044018,8.7373884],[-82.2073461,8.7348508],[-82.210915,8.7330234],[-82.2145884,8.7311804],[-82.2197578,8.7300967]],[[-82.3873126,9.1519416],[-82.3870466,9.1559433],[-82.3853477,9.158116],[-82.3823504,9.1594921],[-82.3785763,9.1598618],[-82.3744886,9.1595442],[-82.3703132,9.1584932],[-82.3660731,9.1564279],[-82.3614821,9.1539219],[-82.3575129,9.1513972],[-82.3537201,9.1493382],[-82.3502225,9.1471981],[-82.3471854,9.1447643],[-82.3450093,9.1416801],[-82.3439483,9.1379419],[-82.3438839,9.1336964],[-82.3447616,9.1290711],[-82.3466039,9.1241557],[-82.3482336,9.1195756],[-82.3498773,9.11548],[-82.3518283,9.1118734],[-82.35375,9.1085014],[-82.3550914,9.1050646],[-82.3557807,9.1014126],[-82.3565806,9.0979404],[-82.3581729,9.0953076],[-82.3607288,9.0942614],[-82.3634712,9.0948831],[-82.365513,9.0968533],[-82.3663181,9.0997743],[-82.3667248,9.1029968],[-82.3679221,9.1061061],[-82.3698723,9.1088529],[-82.3717204,9.1117844],[-82.372695,9.1150484],[-82.3726677,9.118381],[-82.3727611,9.1215799],[-82.3743323,9.1245762],[-82.3774259,9.1274198],[-82.3800095,9.1306749],[-82.3815691,9.1343215],[-82.3822959,9.1381005],[-82.3826506,9.1416456],[-82.3836703,9.1448334],[-82.3851646,9.1476692],[-82.3873126,9.1519416]],[[-82.3844538,8.9792126],[-82.3826263,8.9849436],[-82.3802547,8.988863],[-82.3776443,8.9924304],[-82.3746788,8.9948972],[-82.3713785,8.9956608],[-82.3681514,8.9946969],[-82.3651014,8.9927051],[-82.3618741,8.9904012],[-82.3587613,8.9878791],[-82.3561987,8.9850716],[-82.3548233,8.9818532],[-82.354808,8.9787104],[-82.3563664,8.9761633],[-82.3595378,8.9741048],[-82.3636725,8.9723928],[-82.3677372,8.972116],[-82.3713013,8.9730108],[-82.3741031,8.9748652],[-82.3766448,8.9766848],[-82.3798179,8.9776147],[-82.3844538,8.9792126]],[[-82.4378063,8.9548972],[-82.4375827,8.9596743],[-82.4364616,8.9627134],[-82.4346505,8.9654532],[-82.4321349,8.9669794],[-82.4292257,8.9666233],[-82.4264001,8.9647902],[-82.4236259,8.9623507],[-82.4210268,8.9596662],[-82.4189666,8.9570748],[-82.4183836,8.9544866],[-82.4198019,8.9524832],[-82.4227309,8.9515306],[-82.4263655,8.9511384],[-82.430069,8.9514436],[-82.4333318,8.9525416],[-82.4378063,8.9548972]],[[-82.4451656,9.0014522],[-82.4446065,9.0077828],[-82.4432037,9.0100463],[-82.4406797,9.0111549],[-82.4378246,9.0106642],[-82.4356841,9.0081528],[-82.4351067,9.0042435],[-82.4363795,9.0010334],[-82.4388407,8.9993225],[-82.4415352,8.9992558],[-82.4451656,9.0014522]],[[-82.5549802,8.7979429],[-82.5552561,8.8030454],[-82.5546893,8.8065679],[-82.5535196,8.8102441],[-82.5515003,8.8134695],[-82.5487602,8.8157676],[-82.5455863,8.8166845],[-82.5425386,8.8161043],[-82.5402116,8.8142716],[-82.5386917,8.8117474],[-82.537456,8.8082847],[-82.5364674,8.8041285],[-82.5365991,8.7995563],[-82.5383696,8.7961394],[-82.5414473,8.7942413],[-82.5450512,8.7934039],[-82.5485467,8.7936336],[-82.551383,8.7949627],[-82.5549802,8.7979429]],[[-82.6663736,9.3948529],[-82.6619749,9.395999],[-82.658628,9.3958693],[-82.6549126,9.3952752],[-82.6513365,9.3939388],[-82.6483596,9.3919865],[-82.6466563,9.3891785],[-82.6464423,9.3858543],[-82.6471067,9.3825009],[-82.6484119,9.3794138],[-82.6503984,9.3773251],[-82.6530085,9.3770326],[-82.6556974,9.3783559],[-82.6585372,9.3802838],[-82.6612915,9.3826243],[-82.6636565,9.3851636],[-82.665634,9.3876744],[-82.6665879,9.3904244],[-82.6663736,9.3948529]],[[-82.7071954,8.863971],[-82.7069775,8.86882],[-82.7066007,8.8720186],[-82.7054443,8.8751292],[-82.7030341,8.8773886],[-82.6993656,8.8785106],[-82.6961858,8.8776522],[-82.694498,8.8750584],[-82.6946726,8.8714981],[-82.6965735,8.8677301],[-82.6997258,8.864478],[-82.7029206,8.8630969],[-82.7071954,8.863971]],[[-82.8836533,9.1330501],[-82.8840011,9.1389305],[-82.8830383,9.1428854],[-82.8808188,9.1456267],[-82.8776565,9.1464896],[-82.8741911,9.1459642],[-82.871023,9.1441739],[-82.8684818,9.1416027],[-82.867107,9.1383464],[-82.8669533,9.134796],[-82.8671483,9.1311961],[-82.8668615,9.1275751],[-82.866637,9.1238883],[-82.8671535,9.1202503],[-82.8682582,9.1169034],[-82.8700828,9.114165],[-82.8725888,9.1127948],[-82.8751449,9.1133785],[-82.8769942,9.115834],[-82.8781935,9.1193928],[-82.8792997,9.1234214],[-82.881141,9.127449],[-82.8836533,9.1330501]]]}},{"type":"Feature","properties":{"nombre":"Corredor biológico mesoamericano San Lorenzo","notas":"La Costa Abajo de Colón enfrenta deforestación debido a la ganadería y la construcción de una nueva carretera, amenazando el Corredor Biológico Mesoamericano. Es vital preservar los bosques de San Lorenzo y promover la restauración y creación de corredores en las fincas para mantener la conectividad de especies a lo largo del corredor biológico.","cond_promedio":45.29,"area_ha":60040,"cat":"mediana","categoria_etiqueta":"Mediana","es_mesoamericano":true},"geometry":{"type":"Polygon","coordinates":[[[-80.3008976,8.9979854],[-80.2981219,8.9988037],[-80.2951681,8.9994223],[-80.2914785,9.0000183],[-80.2875311,9.0007372],[-80.2835824,9.0013089],[-80.2798762,9.0011333],[-80.2767464,8.9997677],[-80.2744605,8.9974059],[-80.2727881,8.9946762],[-80.271016,8.9918697],[-80.2696529,8.9882857],[-80.2684463,8.9842385],[-80.2656915,8.9811444],[-80.2609999,8.9793077],[-80.256636,8.9791342],[-80.2525537,8.9795226],[-80.2485616,8.9792919],[-80.2448087,8.9780768],[-80.2414598,8.9760705],[-80.2386719,8.9735349],[-80.2369029,8.9699474],[-80.2359242,8.9654127],[-80.2348616,8.9602626],[-80.2332925,8.9558064],[-80.2312921,8.9522348],[-80.2287201,8.9497536],[-80.2259096,8.94801],[-80.2231955,8.9471562],[-80.2202638,8.9478098],[-80.2170048,8.9491791],[-80.2138811,8.9510137],[-80.2113916,8.9529416],[-80.2104582,8.9550736],[-80.2117538,8.9570404],[-80.214834,8.9589611],[-80.2187568,8.9617552],[-80.2221168,8.9649239],[-80.2250331,8.9681258],[-80.2270043,8.9718457],[-80.2274596,8.9763175],[-80.2263748,8.9811828],[-80.2241071,8.9850957],[-80.22131,8.9878923],[-80.2184904,8.9894564],[-80.2158905,8.9890395],[-80.2141003,8.9864832],[-80.2129736,8.982419],[-80.2117402,8.9775505],[-80.2100323,8.973335],[-80.2076883,8.9703319],[-80.2046121,8.9689518],[-80.200774,8.9691744],[-80.1965759,8.9704348],[-80.1932209,8.9726213],[-80.1901103,8.9749538],[-80.1873929,8.9773928],[-80.1855625,8.9804003],[-80.1845157,8.9838038],[-80.1836517,8.9876974],[-80.1823884,8.9919231],[-80.1817164,8.9960427],[-80.1813226,8.9998719],[-80.1810407,9.0032411],[-80.1811277,9.0058225],[-80.1824261,9.0076765],[-80.1846052,9.0091041],[-80.1868546,9.0112016],[-80.1883433,9.0139702],[-80.1883505,9.0169608],[-80.1864807,9.019657],[-80.1833452,9.0220553],[-80.1795565,9.0243979],[-80.1753523,9.0265387],[-80.1723304,9.0291628],[-80.1706966,9.0324424],[-80.169399,9.0360746],[-80.1676907,9.039689],[-80.1656512,9.0431384],[-80.1638453,9.0464072],[-80.1629194,9.0493397],[-80.1635612,9.0519338],[-80.1654107,9.0544732],[-80.1674114,9.0573847],[-80.1692118,9.0605362],[-80.1711665,9.0637034],[-80.1730378,9.066824],[-80.1747987,9.0696794],[-80.1754782,9.0728281],[-80.1746754,9.0760905],[-80.1730064,9.0793089],[-80.1711599,9.082635],[-80.1692606,9.0859654],[-80.1668939,9.0888872],[-80.1640966,9.0912278],[-80.1615785,9.093757],[-80.1598829,9.0967046],[-80.1590033,9.1001639],[-80.1583702,9.1038264],[-80.157898,9.1073238],[-80.1579468,9.1104387],[-80.1575093,9.1128572],[-80.1560653,9.1137768],[-80.1543639,9.1127901],[-80.1529442,9.1107411],[-80.1511325,9.1088622],[-80.1486973,9.1078019],[-80.1463203,9.1074795],[-80.1447713,9.1085848],[-80.1445644,9.1108597],[-80.1447183,9.1135797],[-80.1436021,9.1162816],[-80.1405172,9.1181557],[-80.1359792,9.1187432],[-80.1316923,9.1178199],[-80.1280583,9.1158678],[-80.1252053,9.1129982],[-80.1227161,9.1097248],[-80.120557,9.1062667],[-80.1185831,9.1029318],[-80.1168262,9.0999252],[-80.1147573,9.0979421],[-80.1127848,9.0976155],[-80.1118816,9.0989637],[-80.1125156,9.1015259],[-80.1135808,9.1049577],[-80.1140254,9.1088516],[-80.1128626,9.1127052],[-80.1103581,9.1148423],[-80.1072776,9.1150289],[-80.1043156,9.114088],[-80.1021192,9.1120485],[-80.1012434,9.109087],[-80.101139,9.105764],[-80.1011865,9.1023786],[-80.1012146,9.0993446],[-80.1001864,9.0968571],[-80.0983824,9.0954872],[-80.095995,9.0960402],[-80.0937814,9.0981071],[-80.0922907,9.1010023],[-80.0920741,9.1044449],[-80.0924789,9.1081888],[-80.0935551,9.1119688],[-80.0950821,9.1156374],[-80.0970297,9.1190945],[-80.0990263,9.1222447],[-80.1002884,9.1249891],[-80.0997849,9.1271607],[-80.0975788,9.128061],[-80.094474,9.1276719],[-80.0909634,9.1269514],[-80.0874602,9.1264642],[-80.084082,9.1267158],[-80.0808412,9.1266284],[-80.0780402,9.1252945],[-80.0760378,9.1231255],[-80.0754749,9.1205869],[-80.0762892,9.1184319],[-80.0771959,9.1168781],[-80.0768996,9.1150932],[-80.0752792,9.1130987],[-80.0731078,9.1107213],[-80.0710225,9.1082685],[-80.0687436,9.1065807],[-80.0660139,9.1059403],[-80.0631702,9.1056619],[-80.0607983,9.1065394],[-80.0595473,9.1095962],[-80.0599437,9.1147569],[-80.0603331,9.1197889],[-80.0606649,9.1243637],[-80.0614882,9.1288849],[-80.062264,9.1333757],[-80.0615087,9.1369887],[-80.05913,9.1392623],[-80.0557052,9.1402428],[-80.0518828,9.1405233],[-80.048136,9.1409863],[-80.0448353,9.1421858],[-80.0419664,9.144355],[-80.0393741,9.1469665],[-80.0365355,9.1494559],[-80.033145,9.1512852],[-80.0294261,9.1525551],[-80.0254496,9.1529742],[-80.0214377,9.152692],[-80.01751,9.1522193],[-80.01387,9.1516093],[-80.0107197,9.1513124],[-80.0081132,9.151609],[-80.00585,9.1511917],[-80.0047241,9.1495045],[-80.0053772,9.1473061],[-80.0076714,9.1455229],[-80.0105818,9.144173],[-80.0130843,9.1427846],[-80.0142261,9.1413352],[-80.0133031,9.1402197],[-80.0109384,9.139917],[-80.0077551,9.139714],[-80.0042713,9.1392217],[-80.0008188,9.13912],[-79.9976056,9.1400276],[-79.9944888,9.1413594],[-79.9913262,9.1422865],[-79.98865,9.1432158],[-79.9869209,9.1452673],[-79.9862216,9.1481726],[-79.9856132,9.151537],[-79.9846989,9.1549386],[-79.9841599,9.1584601],[-79.9838608,9.1620897],[-79.9830536,9.165705],[-79.9819002,9.1692146],[-79.9809762,9.1727691],[-79.9798951,9.1761845],[-79.9777622,9.1791087],[-79.974579,9.1812988],[-79.9708686,9.1829523],[-79.9672276,9.1844949],[-79.9642955,9.1865232],[-79.9626958,9.1894611],[-79.9622969,9.1930359],[-79.9619594,9.1970367],[-79.960778,9.2013231],[-79.9587599,9.205952],[-79.9563525,9.2110359],[-79.9540589,9.2156205],[-79.9517139,9.2195586],[-79.9493916,9.2230849],[-79.9476648,9.226816],[-79.9466249,9.2308388],[-79.9460834,9.2351044],[-79.9456053,9.239627],[-79.9444292,9.2445166],[-79.942398,9.2496351],[-79.9400604,9.2539371],[-79.9372042,9.2571243],[-79.9336963,9.2591208],[-79.9298118,9.2603435],[-79.9256517,9.2607313],[-79.9213961,9.2605999],[-79.9171716,9.2603914],[-79.9129733,9.2606691],[-79.9087737,9.2613422],[-79.9045836,9.2625535],[-79.9002871,9.2642211],[-79.8957801,9.2666323],[-79.8908648,9.270138],[-79.885436,9.2745173],[-79.8810866,9.2783571],[-79.877821,9.281633],[-79.8749519,9.2842909],[-79.8726479,9.2870169],[-79.8707631,9.2899233],[-79.8684576,9.2925639],[-79.8659926,9.294697],[-79.8643679,9.2967326],[-79.8644472,9.2984906],[-79.8669354,9.2992135],[-79.8711768,9.2990642],[-79.8754051,9.2993694],[-79.878971,9.3009174],[-79.8818497,9.3033816],[-79.8846164,9.3058369],[-79.8876362,9.3074368],[-79.8910397,9.3075372],[-79.8945609,9.3066287],[-79.8980921,9.3054373],[-79.9011648,9.3036017],[-79.9032952,9.3007258],[-79.9044767,9.2971171],[-79.9053543,9.2932736],[-79.9068908,9.2896091],[-79.9093102,9.2864497],[-79.9122493,9.2838152],[-79.9152574,9.2817916],[-79.9182074,9.2811072],[-79.9206568,9.2823775],[-79.9221886,9.285251],[-79.9232246,9.2889614],[-79.9247446,9.2930094],[-79.9270356,9.2972692],[-79.9299711,9.3018071],[-79.9329342,9.3060411],[-79.9369597,9.3098118],[-79.942338,9.3132938],[-79.9464208,9.3167698],[-79.9486153,9.3205445],[-79.9491939,9.3246145],[-79.9491059,9.3290138],[-79.9495257,9.3340276],[-79.9513266,9.3399899],[-79.9555365,9.34681],[-79.9619747,9.3522194],[-79.9686858,9.354854],[-79.9743234,9.3553195],[-79.978936,9.354446],[-79.982776,9.3526886],[-79.9859741,9.349698],[-79.9890168,9.3455549],[-79.9923059,9.3400643],[-79.9961422,9.3332375],[-79.9995464,9.3267019],[-80.0029255,9.3214115],[-80.0068259,9.3169154],[-80.0116003,9.3125466],[-80.0166071,9.3079878],[-80.0224968,9.3030277],[-80.02828,9.2978362],[-80.0321141,9.2935059],[-80.0334692,9.289447],[-80.0329153,9.2854941],[-80.0316063,9.281465],[-80.0309763,9.2771123],[-80.0320946,9.2736136],[-80.0345486,9.2710413],[-80.0378869,9.2695056],[-80.0414318,9.2683922],[-80.0446411,9.2668092],[-80.0473905,9.2646191],[-80.0500841,9.2624032],[-80.0524064,9.2600412],[-80.0541776,9.2570028],[-80.0560533,9.2536422],[-80.0582609,9.2502489],[-80.061427,9.2471302],[-80.0651262,9.2439383],[-80.0677144,9.239915],[-80.069209,9.2349526],[-80.0705931,9.2302616],[-80.071896,9.2259393],[-80.0734536,9.2220167],[-80.0755018,9.2186297],[-80.0783151,9.2159525],[-80.0814671,9.2135475],[-80.0847108,9.2114902],[-80.0879941,9.2100595],[-80.0907249,9.2087266],[-80.0921558,9.2066473],[-80.0921658,9.2040371],[-80.0921931,9.2012408],[-80.0930998,9.1991417],[-80.0949668,9.1987584],[-80.0969959,9.2002361],[-80.0990403,9.2024624],[-80.1016844,9.2041367],[-80.1048831,9.204585],[-80.1085666,9.2041919],[-80.1125485,9.2034549],[-80.1165913,9.2022215],[-80.1206352,9.200737],[-80.1245025,9.1988581],[-80.1280437,9.1966105],[-80.1307546,9.1936156],[-80.1318937,9.1898322],[-80.1309442,9.1868357],[-80.1285027,9.1851378],[-80.125503,9.184406],[-80.1226271,9.183205],[-80.120747,9.1811038],[-80.1205719,9.178595],[-80.1224584,9.1765677],[-80.1257756,9.175573],[-80.1298913,9.1759682],[-80.1342029,9.1778294],[-80.1376968,9.1801798],[-80.1412147,9.1820457],[-80.1450248,9.1833804],[-80.1490232,9.1844169],[-80.1529497,9.1855659],[-80.1565843,9.1870618],[-80.159703,9.1887096],[-80.1622777,9.1897479],[-80.1647582,9.189104],[-80.1672799,9.1874529],[-80.1704206,9.1859293],[-80.1740421,9.1846361],[-80.1781081,9.1831541],[-80.1825967,9.1813929],[-80.1871762,9.1788212],[-80.1908169,9.1759229],[-80.1932069,9.1725296],[-80.1948605,9.1689044],[-80.1958764,9.1652614],[-80.1966009,9.1618821],[-80.1981594,9.1592174],[-80.2008477,9.1579047],[-80.2040695,9.1579845],[-80.2072605,9.1590647],[-80.2099532,9.1608622],[-80.2124347,9.1623178],[-80.2151957,9.1625664],[-80.2180022,9.1619087],[-80.2208343,9.1617704],[-80.2231098,9.1630126],[-80.2242728,9.1653259],[-80.2248566,9.1675599],[-80.2260803,9.1686564],[-80.2281204,9.1679829],[-80.2309587,9.1663761],[-80.2341816,9.1644158],[-80.2376394,9.1626721],[-80.2410921,9.1609981],[-80.2446671,9.1597074],[-80.2480059,9.1581762],[-80.2506916,9.1562452],[-80.2523803,9.1537103],[-80.2541161,9.1511651],[-80.2566584,9.1493744],[-80.2595192,9.1482559],[-80.2618975,9.1469357],[-80.2631942,9.1449587],[-80.2636474,9.1426577],[-80.2647737,9.1404928],[-80.2669348,9.1395659],[-80.2693738,9.1406846],[-80.271133,9.1439816],[-80.271882,9.1477198],[-80.2728292,9.1513206],[-80.2745732,9.1543409],[-80.2771626,9.1564391],[-80.2799009,9.1578736],[-80.2824573,9.1580111],[-80.2839244,9.1569461],[-80.2837496,9.1552324],[-80.2829552,9.153083],[-80.2831408,9.1506529],[-80.2849201,9.1487784],[-80.287952,9.1479138],[-80.291718,9.1472801],[-80.2959061,9.1466557],[-80.3005133,9.146398],[-80.3056116,9.1469951],[-80.3111232,9.1487018],[-80.3160474,9.1513101],[-80.3206614,9.1540395],[-80.3249031,9.1553403],[-80.3288678,9.15513],[-80.3325831,9.1538703],[-80.3359467,9.1517395],[-80.3391066,9.149258],[-80.3418929,9.1464228],[-80.3443288,9.1434872],[-80.3466871,9.1409544],[-80.349439,9.1393616],[-80.3521395,9.1382397],[-80.354483,9.1366704],[-80.3570917,9.1352958],[-80.3601154,9.1348277],[-80.3632042,9.1346385],[-80.3661757,9.1336164],[-80.3689647,9.1322828],[-80.3720798,9.131806],[-80.3752469,9.1323285],[-80.3782114,9.1329165],[-80.3810116,9.1323121],[-80.3831837,9.1305928],[-80.3844396,9.1280574],[-80.3854809,9.1232341],[-80.3841041,9.1212403],[-80.3812933,9.1203121],[-80.3784287,9.119217],[-80.374706,9.1178592],[-80.3699595,9.1171515],[-80.3655469,9.1169412],[-80.3617593,9.116967],[-80.3584979,9.1180091],[-80.355624,9.1196845],[-80.352374,9.1208699],[-80.3488187,9.1211459],[-80.3452584,9.1209315],[-80.3418101,9.1205159],[-80.3390384,9.1192959],[-80.3377618,9.1169097],[-80.3382696,9.1138365],[-80.339894,9.1104868],[-80.3424307,9.10729],[-80.3455025,9.104347],[-80.3481912,9.1015957],[-80.3486026,9.0992521],[-80.3469888,9.0977091],[-80.3446052,9.0960392],[-80.3425398,9.093419],[-80.3409534,9.0901172],[-80.339127,9.0866791],[-80.3369516,9.0833534],[-80.334338,9.0803225],[-80.3317052,9.0771522],[-80.3290864,9.0735719],[-80.3253779,9.06986],[-80.3204268,9.0663049],[-80.31599,9.0644031],[-80.3120934,9.0639234],[-80.3088317,9.0638417],[-80.3065308,9.0641141],[-80.3055144,9.0651824],[-80.3054242,9.0670557],[-80.3049319,9.0698547],[-80.3036469,9.0730141],[-80.3022046,9.0762907],[-80.3015063,9.0798685],[-80.3014338,9.0835401],[-80.3021802,9.0870294],[-80.3035122,9.0899318],[-80.3057864,9.0915446],[-80.3084644,9.0915672],[-80.3110177,9.0903716],[-80.3135949,9.0889478],[-80.3164431,9.0885324],[-80.3191925,9.0891509],[-80.3218175,9.0895249],[-80.3241768,9.0888363],[-80.3264022,9.0874264],[-80.3290207,9.0866973],[-80.3315455,9.0875793],[-80.3331253,9.0899698],[-80.3332581,9.0930877],[-80.3319337,9.0960788],[-80.3294235,9.0983531],[-80.326457,9.1001425],[-80.3231845,9.1011852],[-80.3198001,9.1010148],[-80.3165469,9.1000462],[-80.3131175,9.0994048],[-80.3093862,9.0992844],[-80.3051489,9.0988073],[-80.3003066,9.0980111],[-80.2949892,9.0967128],[-80.2901154,9.095818],[-80.2857179,9.0956819],[-80.2817764,9.0960264],[-80.2782452,9.0965478],[-80.274769,9.0961591],[-80.271449,9.0949474],[-80.2682222,9.093793],[-80.26482,9.0937899],[-80.261274,9.0949401],[-80.2577175,9.0970783],[-80.2536389,9.0988728],[-80.2494541,9.0984276],[-80.2452226,9.0954149],[-80.2406792,9.090715],[-80.2369149,9.0865539],[-80.2333324,9.0836534],[-80.2298589,9.0818261],[-80.2265805,9.0807642],[-80.223987,9.0790301],[-80.2229406,9.0757565],[-80.2237654,9.0712173],[-80.2255714,9.066623],[-80.2276465,9.0618115],[-80.2295138,9.0566468],[-80.2306772,9.052021],[-80.2319013,9.048068],[-80.2337265,9.0449541],[-80.2362513,9.0428714],[-80.2389604,9.0412528],[-80.2419859,9.0398969],[-80.2455414,9.0394294],[-80.2493422,9.0396118],[-80.2531348,9.0398324],[-80.2568981,9.0392766],[-80.2605119,9.0381726],[-80.2637118,9.0365599],[-80.2666076,9.0354038],[-80.269275,9.0357554],[-80.271234,9.0373912],[-80.2723613,9.0393329],[-80.2736839,9.0403894],[-80.2755945,9.0397904],[-80.2775724,9.0376227],[-80.2793773,9.034529],[-80.281488,9.0312612],[-80.2841905,9.0283263],[-80.2872457,9.0256877],[-80.2901447,9.0228121],[-80.2928909,9.0198152],[-80.295771,9.0170622],[-80.2985823,9.0146703],[-80.300932,9.0124894],[-80.3049923,9.0103966],[-80.3008976,8.9979854]],[[-80.337358,9.1084412],[-80.3358541,9.1088102],[-80.3342193,9.1088072],[-80.3325011,9.1079611],[-80.3318908,9.1064574],[-80.3328974,9.1054476],[-80.3346833,9.1058039],[-80.337358,9.1084412]],[[-80.2082682,9.0238061],[-80.2076696,9.0262862],[-80.2065167,9.0279621],[-80.2044192,9.028856],[-80.2023516,9.0284276],[-80.2015543,9.0266943],[-80.2024771,9.0247091],[-80.2044856,9.0235195],[-80.2082682,9.0238061]],[[-80.0234719,9.1591661],[-80.0260227,9.1602076],[-80.0273042,9.1619999],[-80.0275083,9.1644976],[-80.0265551,9.1666235],[-80.0247156,9.1672229],[-80.0231287,9.165929],[-80.0226186,9.1635337],[-80.0234719,9.1591661]],[[-80.0775055,9.2044738],[-80.0773965,9.2062615],[-80.0768686,9.2079407],[-80.0754225,9.2091599],[-80.0737513,9.2089559],[-80.0731604,9.2074758],[-80.0741151,9.2058618],[-80.0775055,9.2044738]],[[-80.0615836,9.2170428],[-80.0632329,9.2151112],[-80.0648857,9.2145629],[-80.0663077,9.2151822],[-80.0663357,9.2165696],[-80.0649509,9.2174586],[-80.0615836,9.2170428]],[[-80.0883671,9.18646],[-80.0898047,9.1852912],[-80.0914459,9.1845157],[-80.093366,9.1847092],[-80.094365,9.1860472],[-80.093668,9.1874655],[-80.0918096,9.1878554],[-80.0883671,9.18646]],[[-80.1957591,9.1292718],[-80.1974973,9.1294702],[-80.1988834,9.1300917],[-80.1995068,9.1313852],[-80.1987104,9.1323195],[-80.1973049,9.1319527],[-80.1957591,9.1292718]],[[-80.2004544,8.992784],[-80.2010924,8.9910153],[-80.2021068,8.9898546],[-80.2035428,8.989668],[-80.204231,8.9907535],[-80.2034939,8.9920315],[-80.2004544,8.992784]],[[-80.2109559,9.0658746],[-80.2118272,9.068424],[-80.2114214,9.0701747],[-80.2101339,9.0710818],[-80.2089372,9.0703476],[-80.208886,9.0686301],[-80.2109559,9.0658746]],[[-80.2269892,9.1437908],[-80.2308207,9.1448366],[-80.2327298,9.1463403],[-80.2333812,9.1487758],[-80.232366,9.1512946],[-80.2299703,9.1529385],[-80.2270541,9.1531338],[-80.2246191,9.151757],[-80.223551,9.1493537],[-80.224081,9.14686],[-80.2269892,9.1437908]],[[-80.2746672,9.1140161],[-80.27478,9.1163299],[-80.2742925,9.118628],[-80.2728293,9.120919],[-80.2706342,9.1221456],[-80.2685126,9.1215534],[-80.2675455,9.1195802],[-80.2683598,9.1172329],[-80.2704013,9.1154538],[-80.2746672,9.1140161]],[[-80.0243675,9.2714055],[-80.0229514,9.2753641],[-80.0214436,9.2771943],[-80.0195404,9.2777859],[-80.0177096,9.2768261],[-80.0170387,9.2747529],[-80.0180932,9.2723994],[-80.0201021,9.2701539],[-80.0220857,9.2676841],[-80.0242096,9.2657677],[-80.0262699,9.265377],[-80.0273439,9.2666736],[-80.026932,9.268632],[-80.0243675,9.2714055]],[[-80.0466119,9.2005316],[-80.0482934,9.2041156],[-80.0479233,9.2068708],[-80.0463431,9.2097401],[-80.0442736,9.2126059],[-80.0420231,9.2151504],[-80.0403699,9.2177486],[-80.039689,9.2208535],[-80.0383999,9.2249207],[-80.034865,9.2299105],[-80.0295991,9.234643],[-80.0246947,9.2379133],[-80.0203849,9.2400669],[-80.0159693,9.2405562],[-80.0114613,9.2390429],[-80.0078941,9.2362381],[-80.0053793,9.232498],[-80.0033526,9.2281701],[-80.0020653,9.223419],[-80.002372,9.2192013],[-80.0037463,9.2156901],[-80.0055834,9.21289],[-80.0067039,9.2105976],[-80.0060241,9.2086138],[-80.0038417,9.2073828],[-80.0009804,9.2069279],[-79.9980787,9.2059024],[-79.9958163,9.203468],[-79.9943352,9.1999313],[-79.9936542,9.1956662],[-79.9947346,9.1907756],[-79.9975318,9.1869812],[-80.0005875,9.185562],[-80.0030534,9.1865741],[-80.0047838,9.1888513],[-80.0065671,9.1910353],[-80.0092959,9.1921646],[-80.0126398,9.1926372],[-80.0161266,9.1932469],[-80.0193034,9.1937011],[-80.0220314,9.1928331],[-80.0238861,9.19049],[-80.0246407,9.1872933],[-80.0243885,9.1838661],[-80.0242606,9.1806249],[-80.025182,9.1781219],[-80.0275638,9.1766894],[-80.0310915,9.1767891],[-80.0352523,9.1782123],[-80.0394147,9.1810696],[-80.0424004,9.184626],[-80.0441593,9.188501],[-80.0449961,9.1923679],[-80.0454715,9.1958108],[-80.0466119,9.2005316]],[[-80.1968976,9.0925616],[-80.1981663,9.0977919],[-80.1974899,9.101911],[-80.1956798,9.1053834],[-80.1930551,9.1074078],[-80.1901235,9.107555],[-80.1875265,9.1058265],[-80.1854247,9.1030303],[-80.1832754,9.1001585],[-80.180856,9.097869],[-80.1783013,9.0963868],[-80.1765318,9.0947986],[-80.176574,9.0931459],[-80.1784698,9.0923859],[-80.1813696,9.0927426],[-80.1848248,9.0932613],[-80.1885284,9.0934754],[-80.1920186,9.0934516],[-80.1968976,9.0925616]],[[-80.202526,9.0558209],[-80.2027906,9.0600431],[-80.2018382,9.0624975],[-80.1998626,9.0642939],[-80.1976109,9.0653777],[-80.1957139,9.0668218],[-80.1941816,9.0686394],[-80.1924649,9.0706299],[-80.1904844,9.0716627],[-80.1888556,9.0705983],[-80.1887757,9.067363],[-80.1907255,9.0628933],[-80.1945189,9.0590934],[-80.202526,9.0558209]],[[-80.2222693,9.1037294],[-80.2247281,9.1067269],[-80.2247963,9.1090534],[-80.2232222,9.1110824],[-80.2203082,9.111934],[-80.2168967,9.1115985],[-80.2137877,9.1099488],[-80.2115527,9.107269],[-80.2104068,9.1040086],[-80.210088,9.1003385],[-80.2107756,9.0966668],[-80.2124089,9.0935764],[-80.2146168,9.0917174],[-80.2169122,9.0917954],[-80.2184777,9.0937323],[-80.2193743,9.0965446],[-80.2204992,9.0993943],[-80.2222693,9.1037294]]]}},{"type":"Feature","properties":{"nombre":"Corredor Pacífico del Darién","notas":"Este corredor está en la parte donde se juntan Panamá y la provincia de Darién y tiene una conectividad media-baja. Comienza en el sector de Majé y Chimán, conectado al humedal de importancia internacional Bahía de Panamá y bosques que incluyen al cerro Chucantí, que tiene una gran diversidad. Continúa por el sector de Río Congo en el Golfo de San Miguel en Darién, donde está La Palma y la desembocadura del río Tuira.  Además, los fragmentos de bosque en el río Sabanas, cerca de Santa Fe, enlazan con el humedal de Matusagaratí y el Corredor Biológico Mesoamericano a través de la tierra colectiva emberá de Arimae.","cond_promedio":24.45,"area_ha":39787,"cat":"mediabaja","categoria_etiqueta":"Media-baja","es_mesoamericano":false},"geometry":{"type":"Polygon","coordinates":[[[-78.3595309,8.7247276],[-78.3591017,8.7297034],[-78.3585524,8.7328795],[-78.3569925,8.7358423],[-78.3542087,8.7379574],[-78.3508202,8.7390241],[-78.3476297,8.7388874],[-78.3452596,8.7366892],[-78.3441827,8.7324304],[-78.343763,8.7278484],[-78.3436959,8.7234472],[-78.3433602,8.719259],[-78.3430832,8.7152915],[-78.3435716,8.7113208],[-78.3443743,8.7072936],[-78.3447336,8.7031657],[-78.3441782,8.699098],[-78.3426275,8.6952607],[-78.340525,8.6916972],[-78.3379872,8.6885063],[-78.335376,8.6855119],[-78.3336585,8.6818064],[-78.3334171,8.6770945],[-78.3346629,8.6727128],[-78.336608,8.6686671],[-78.3386784,8.6647102],[-78.3403286,8.6606675],[-78.3416827,8.6565683],[-78.342699,8.6524471],[-78.3432587,8.6483988],[-78.3427725,8.644515],[-78.3410483,8.6411556],[-78.338195,8.6385239],[-78.3348528,8.6362609],[-78.3316733,8.63369],[-78.3288279,8.6306458],[-78.3258992,8.6275704],[-78.3227128,8.6247204],[-78.3194396,8.6219504],[-78.3159711,8.6195142],[-78.3123406,8.6174507],[-78.3082196,8.6162309],[-78.3036959,8.615701],[-78.2990729,8.614864],[-78.2957101,8.6131777],[-78.2935252,8.6114402],[-78.2917618,8.6108633],[-78.2902467,8.6114157],[-78.2897828,8.6128855],[-78.2904821,8.615381],[-78.291842,8.6183827],[-78.2936285,8.6211889],[-78.2960851,8.6231768],[-78.2992543,8.6243149],[-78.302685,8.6250234],[-78.3061315,8.6252198],[-78.3093386,8.6260211],[-78.3118245,8.6280889],[-78.3135293,8.6309323],[-78.314595,8.6338319],[-78.3142233,8.6365203],[-78.3125268,8.6382448],[-78.3099607,8.6382976],[-78.3071002,8.6371555],[-78.3035944,8.6362135],[-78.2993422,8.6363847],[-78.2956214,8.6373886],[-78.2921217,8.6382278],[-78.2885595,8.6381043],[-78.2848491,8.6377283],[-78.2807962,8.6382993],[-78.2768525,8.6401645],[-78.2743771,8.6425937],[-78.2742646,8.6456985],[-78.2761841,8.6490837],[-78.2792272,8.6525893],[-78.2823865,8.6550427],[-78.2858454,8.65603],[-78.2894227,8.6565595],[-78.2927368,8.6572873],[-78.2953772,8.6582345],[-78.2974288,8.6583432],[-78.2990258,8.6570339],[-78.3011133,8.6553187],[-78.3041446,8.6543212],[-78.30778,8.6539646],[-78.3116594,8.6535906],[-78.3154067,8.6527876],[-78.3187197,8.6513826],[-78.3215462,8.6496136],[-78.3246988,8.6484928],[-78.3280424,8.6483276],[-78.3312596,8.648703],[-78.333949,8.6503635],[-78.3355469,8.6533737],[-78.33593,8.6573183],[-78.334741,8.661918],[-78.3323225,8.6668076],[-78.3293225,8.6704045],[-78.3267055,8.6711352],[-78.3253489,8.6693906],[-78.3252268,8.666478],[-78.3243491,8.6642648],[-78.3224107,8.6636159],[-78.3198506,8.6635783],[-78.3174835,8.6636593],[-78.3158733,8.6647449],[-78.3151467,8.667209],[-78.3149157,8.6704785],[-78.3151104,8.6741609],[-78.3150364,8.6780503],[-78.3146212,8.6819567],[-78.3135829,8.6857035],[-78.3120852,8.6892216],[-78.3107288,8.6927582],[-78.3091409,8.6962499],[-78.3069934,8.6994732],[-78.3046626,8.7025153],[-78.3028237,8.7056224],[-78.3018502,8.7088516],[-78.3021631,8.7122252],[-78.303137,8.7157286],[-78.3038215,8.719366],[-78.3034308,8.7230223],[-78.3019005,8.7264531],[-78.2998116,8.7296754],[-78.2980411,8.7331128],[-78.2969241,8.7368486],[-78.2959342,8.7405893],[-78.2942554,8.7440072],[-78.2917277,8.7468935],[-78.2888977,8.7495325],[-78.2861415,8.7520025],[-78.2841648,8.7546203],[-78.2836034,8.7575181],[-78.2842964,8.7603814],[-78.2852179,8.7635061],[-78.2855978,8.7668886],[-78.2859243,8.7703035],[-78.2869772,8.7738903],[-78.2883695,8.7776402],[-78.2889246,8.7817132],[-78.2880705,8.7845736],[-78.2861013,8.7855881],[-78.2839679,8.785481],[-78.2819608,8.7860155],[-78.280879,8.7878464],[-78.2805644,8.7902625],[-78.2795594,8.7926444],[-78.2771996,8.7940742],[-78.2739959,8.7942924],[-78.2705591,8.7937942],[-78.2672307,8.7935565],[-78.2640154,8.7946005],[-78.2606119,8.796817],[-78.2572388,8.800097],[-78.2541565,8.8031555],[-78.2509958,8.8050164],[-78.2478589,8.8050555],[-78.2452531,8.8032914],[-78.2434634,8.8005354],[-78.2428563,8.7974267],[-78.2431374,8.7946369],[-78.2430017,8.7922709],[-78.2415342,8.7898314],[-78.2389921,8.7871385],[-78.236274,8.7836522],[-78.2344774,8.7802753],[-78.2327403,8.7777196],[-78.2303216,8.7765683],[-78.2271567,8.7761175],[-78.2236415,8.7752724],[-78.2201332,8.7738517],[-78.2165223,8.7724838],[-78.2125962,8.7716282],[-78.2083519,8.7708412],[-78.2040096,8.7702909],[-78.2003816,8.7711269],[-78.1969864,8.7726549],[-78.1938176,8.7746131],[-78.1906562,8.7764338],[-78.187922,8.7784896],[-78.1861024,8.7808324],[-78.1852364,8.783124],[-78.1838615,8.7848341],[-78.1817827,8.784967],[-78.1798571,8.7833035],[-78.1786986,8.7806338],[-78.1790548,8.7775456],[-78.1807307,8.7746655],[-78.1834647,8.772494],[-78.1867917,8.7710019],[-78.1902281,8.7698657],[-78.1934776,8.7683629],[-78.1962096,8.7660025],[-78.1986231,8.7629848],[-78.200304,8.7588532],[-78.2016614,8.7547402],[-78.2026532,8.75083],[-78.2037445,8.7470548],[-78.2052291,8.743542],[-78.2070716,8.7402961],[-78.209626,8.7375655],[-78.2125386,8.7351563],[-78.215486,8.7329634],[-78.2182671,8.7304925],[-78.221162,8.7280538],[-78.2238454,8.7256769],[-78.2256072,8.7229567],[-78.2261945,8.7196804],[-78.2260084,8.7161213],[-78.225959,8.7126499],[-78.2271362,8.7096528],[-78.2295794,8.7076432],[-78.2327207,8.7067002],[-78.2359506,8.7060534],[-78.2391235,8.7047872],[-78.2419076,8.7030176],[-78.2436896,8.700587],[-78.244215,8.6975048],[-78.2441054,8.6941607],[-78.2442999,8.691015],[-78.245858,8.6884753],[-78.2485458,8.6867507],[-78.2513789,8.6851448],[-78.2533935,8.6832224],[-78.2540181,8.6814208],[-78.2528214,8.6802223],[-78.2508555,8.6799992],[-78.2489552,8.6809754],[-78.2468662,8.6817449],[-78.2447961,8.6809705],[-78.2432191,8.6785487],[-78.242028,8.6752757],[-78.240637,8.6720141],[-78.2383889,8.669421],[-78.2357596,8.6676277],[-78.2335674,8.6679631],[-78.2318593,8.6697051],[-78.2299107,8.671707],[-78.2280655,8.6735736],[-78.2267907,8.675918],[-78.2252179,8.6780039],[-78.2229216,8.6787249],[-78.220444,8.6776719],[-78.2181728,8.6754455],[-78.2158651,8.6727973],[-78.2133636,8.6704283],[-78.2107852,8.6686786],[-78.208666,8.6666906],[-78.2077512,8.6639103],[-78.2077219,8.6607179],[-78.2076611,8.6573947],[-78.2075409,8.6541872],[-78.2067782,8.6510858],[-78.205964,8.6476646],[-78.2054013,8.6440272],[-78.2046072,8.6403775],[-78.2034703,8.6370072],[-78.2020041,8.6340712],[-78.2010176,8.6311075],[-78.2007643,8.6282179],[-78.2004222,8.62533],[-78.2005068,8.6222669],[-78.2012956,8.6192996],[-78.2018716,8.616329],[-78.2016166,8.6130168],[-78.2009239,8.6093807],[-78.1998465,8.605561],[-78.1988764,8.6013327],[-78.1977088,8.5967997],[-78.1969602,8.5925952],[-78.1964958,8.5888319],[-78.1956975,8.5852373],[-78.1954336,8.5810755],[-78.1959636,8.57652],[-78.1978364,8.572896],[-78.2004853,8.5700158],[-78.2034865,8.567675],[-78.2060591,8.5650295],[-78.2076502,8.5616503],[-78.2076923,8.5577937],[-78.2056469,8.554882],[-78.2023383,8.5531259],[-78.1991625,8.5535503],[-78.1962671,8.5554124],[-78.1922046,8.5573932],[-78.1863977,8.5587295],[-78.1800674,8.5597646],[-78.1744527,8.5612861],[-78.1694871,8.5634476],[-78.1652901,8.5666045],[-78.1629932,8.5704032],[-78.1623147,8.5744881],[-78.1622363,8.57869],[-78.1623547,8.582824],[-78.1621841,8.5867017],[-78.1612007,8.5903905],[-78.1603132,8.5942418],[-78.160192,8.5982288],[-78.1609615,8.6019819],[-78.1629179,8.6048947],[-78.1659718,8.6064102],[-78.1696472,8.6064561],[-78.1734247,8.6056493],[-78.1768533,8.6043906],[-78.1798259,8.6036477],[-78.1824486,8.6046361],[-78.1843804,8.6069274],[-78.1852245,8.6095517],[-78.1844002,8.6116323],[-78.1821258,8.6123499],[-78.1790332,8.6123271],[-78.1756054,8.6129573],[-78.1723772,8.6147342],[-78.1696473,8.6173104],[-78.1679266,8.6206305],[-78.1673826,8.6244382],[-78.1671903,8.6285017],[-78.1660485,8.6327466],[-78.163803,8.636635],[-78.1605883,8.6385717],[-78.1568537,8.6387083],[-78.1529193,8.6378676],[-78.1488384,8.6369821],[-78.1448555,8.6362304],[-78.1412964,8.6351424],[-78.1386598,8.6337431],[-78.1376988,8.6316239],[-78.1382831,8.6290152],[-78.1388371,8.6258622],[-78.1382284,8.6225368],[-78.1363664,8.6194754],[-78.1338282,8.6167592],[-78.1314849,8.6137028],[-78.129446,8.6099877],[-78.1269731,8.6058287],[-78.1241022,8.6013937],[-78.1218651,8.5972418],[-78.1194877,8.5936887],[-78.1164569,8.590994],[-78.1130445,8.5889276],[-78.109732,8.5870445],[-78.1069414,8.5846782],[-78.104403,8.5825039],[-78.102082,8.5813663],[-78.1005069,8.5816555],[-78.0996813,8.58337],[-78.099568,8.5855706],[-78.1008338,8.5878936],[-78.1025576,8.5905479],[-78.1037769,8.5933472],[-78.1034325,8.5963437],[-78.1017604,8.5993315],[-78.0996691,8.6026386],[-78.0976422,8.6067258],[-78.0956606,8.6115199],[-78.0947747,8.6163662],[-78.0951462,8.6214775],[-78.0967849,8.6271136],[-78.0983111,8.6327399],[-78.0990867,8.6373755],[-78.0986653,8.6412361],[-78.0979151,8.6446769],[-78.0983064,8.6484054],[-78.1001805,8.6523412],[-78.1026219,8.6554256],[-78.1055319,8.6578123],[-78.108443,8.6601814],[-78.111487,8.6623259],[-78.1147206,8.6643004],[-78.117759,8.6666461],[-78.120308,8.6694035],[-78.1221481,8.6725183],[-78.1231556,8.6758318],[-78.1239222,8.6790678],[-78.1236986,8.6821087],[-78.1220119,8.6845055],[-78.1194711,8.6862224],[-78.1169994,8.6881657],[-78.1148894,8.6908687],[-78.1131102,8.6940334],[-78.1110432,8.6971372],[-78.1086706,8.7000615],[-78.1065295,8.7036434],[-78.1044234,8.7076319],[-78.1023086,8.7118536],[-78.1005569,8.7161069],[-78.0998265,8.7190404],[-78.1008333,8.7199238],[-78.103069,8.718132],[-78.1057748,8.7143137],[-78.1081814,8.7100071],[-78.1105443,8.7056826],[-78.1135818,8.7015175],[-78.1174445,8.6976172],[-78.1213726,8.6949436],[-78.1252802,8.693809],[-78.1289678,8.6940421],[-78.1323947,8.6951574],[-78.1359526,8.6961256],[-78.1395149,8.6969833],[-78.1430895,8.6986442],[-78.1470382,8.7008779],[-78.1517422,8.7029393],[-78.1560583,8.7043646],[-78.1595491,8.7058911],[-78.1621122,8.7085291],[-78.1644279,8.7121694],[-78.167772,8.7162504],[-78.1720931,8.7196551],[-78.1770879,8.7228582],[-78.1819514,8.7260101],[-78.1866619,8.7290103],[-78.1901453,8.731457],[-78.1917698,8.7338298],[-78.1915307,8.7365854],[-78.1902465,8.7395806],[-78.1877442,8.7423825],[-78.1842886,8.7452482],[-78.180553,8.7489078],[-78.1774538,8.7526065],[-78.1745053,8.7559097],[-78.1713336,8.7589254],[-78.1679104,8.7620328],[-78.1639485,8.7652498],[-78.1591048,8.7684292],[-78.1544594,8.7715698],[-78.1503707,8.772422],[-78.1464664,8.771869],[-78.1426344,8.7707285],[-78.1387861,8.7694408],[-78.134827,8.768704],[-78.1308145,8.7689626],[-78.1269143,8.7700802],[-78.1232681,8.771782],[-78.1200786,8.77387],[-78.1177478,8.7765649],[-78.1162102,8.7794854],[-78.1148509,8.7821344],[-78.1141186,8.7848463],[-78.1146261,8.7871796],[-78.1168599,8.7885158],[-78.1201216,8.7892196],[-78.1236942,8.7896828],[-78.1271335,8.7894806],[-78.1297985,8.7883825],[-78.1310701,8.7862894],[-78.1313233,8.7837022],[-78.1319882,8.7813263],[-78.1337932,8.7802295],[-78.1361456,8.7810471],[-78.1382847,8.7833324],[-78.1398989,8.7863594],[-78.1411766,8.7894611],[-78.1415493,8.7925346],[-78.141144,8.7950529],[-78.1411865,8.7967153],[-78.142769,8.7978154],[-78.1456319,8.7982558],[-78.1491088,8.7982161],[-78.1528995,8.7982934],[-78.1567925,8.798438],[-78.1606099,8.7992516],[-78.1642217,8.8008133],[-78.1678651,8.8024966],[-78.1720285,8.8036122],[-78.176689,8.8040578],[-78.181006,8.8045498],[-78.1848182,8.8058925],[-78.1881333,8.8080764],[-78.1911008,8.8108325],[-78.1937211,8.8142654],[-78.1965317,8.8181688],[-78.1996692,8.8223408],[-78.2019096,8.8264792],[-78.203467,8.83043],[-78.204721,8.8340053],[-78.2064543,8.8368148],[-78.2092362,8.8385951],[-78.2125936,8.8401118],[-78.2160281,8.8418356],[-78.219527,8.8435214],[-78.2227367,8.8456305],[-78.2251721,8.8484091],[-78.2265382,8.851614],[-78.2272484,8.854502],[-78.2280323,8.8562244],[-78.2295513,8.8561029],[-78.2309201,8.854237],[-78.2316804,8.8513284],[-78.2320733,8.8481979],[-78.2334055,8.8452548],[-78.2359545,8.8429342],[-78.2391107,8.8409533],[-78.2424015,8.8393513],[-78.2455991,8.8383112],[-78.2484387,8.8373644],[-78.2513986,8.8361717],[-78.2547704,8.8354263],[-78.2583392,8.8351211],[-78.2619953,8.8355527],[-78.2654685,8.8363677],[-78.2685568,8.8367597],[-78.2709647,8.8361345],[-78.2726056,8.8344043],[-78.2747753,8.8324633],[-78.2775484,8.8312881],[-78.2802074,8.831459],[-78.2818065,8.8332516],[-78.2818375,8.8360347],[-78.2808348,8.839062],[-78.2788755,8.8416884],[-78.2769114,8.8435924],[-78.2772214,8.845267],[-78.2794917,8.8467425],[-78.2827276,8.8481894],[-78.2862121,8.8500402],[-78.2898201,8.8522831],[-78.2942513,8.8542798],[-78.29841,8.8559969],[-78.3018741,8.8581019],[-78.3044807,8.8609513],[-78.3061883,8.8644688],[-78.3072453,8.8683094],[-78.3078988,8.872188],[-78.3082014,8.8758448],[-78.3076681,8.8790847],[-78.3066096,8.8816588],[-78.3062759,8.8840284],[-78.3070951,8.8861936],[-78.3085976,8.8877183],[-78.311173,8.8880249],[-78.3145362,8.8879415],[-78.3182099,8.8876956],[-78.3218811,8.8876385],[-78.3252465,8.8871017],[-78.3280433,8.8856146],[-78.3298402,8.883195],[-78.3308683,8.8800722],[-78.3316812,8.8766663],[-78.3319575,8.8729663],[-78.3321722,8.8690706],[-78.3327883,8.8651689],[-78.3338061,8.8614224],[-78.3354732,8.8580884],[-78.3373779,8.8551258],[-78.3387936,8.851952],[-78.3403087,8.8486747],[-78.3425926,8.8458126],[-78.3457032,8.8437321],[-78.3492641,8.8423556],[-78.3530395,8.8419228],[-78.3567521,8.8425203],[-78.3602965,8.8434307],[-78.3636058,8.8440547],[-78.3664866,8.8439049],[-78.3692123,8.8425217],[-78.3714247,8.8400853],[-78.3729424,8.8369932],[-78.3738348,8.8337046],[-78.3742417,8.8308016],[-78.3736171,8.828765],[-78.3717398,8.8276139],[-78.3694471,8.8264952],[-78.3678167,8.8243523],[-78.367589,8.8213449],[-78.3685379,8.8180698],[-78.3699257,8.8147318],[-78.3705854,8.8109641],[-78.3702335,8.8069135],[-78.3684573,8.8028156],[-78.3662771,8.7995903],[-78.3641667,8.7967958],[-78.3628703,8.7936288],[-78.3620924,8.7902666],[-78.3609494,8.787051],[-78.3594146,8.7840685],[-78.3574745,8.7815893],[-78.3548846,8.7794596],[-78.3522944,8.7772331],[-78.3506281,8.774282],[-78.350203,8.7707413],[-78.3506472,8.7669253],[-78.3518041,8.7631418],[-78.3533535,8.759607],[-78.3554375,8.7567046],[-78.3581574,8.7547603],[-78.3614142,8.754312],[-78.3647203,8.7554013],[-78.367807,8.7574845],[-78.3702698,8.7605016],[-78.3721635,8.7640464],[-78.3736915,8.7676846],[-78.3751517,8.7708745],[-78.3770113,8.7729175],[-78.379223,8.7732893],[-78.3813992,8.7718289],[-78.3830742,8.7691901],[-78.383736,8.765715],[-78.3838576,8.7617562],[-78.3835492,8.757548],[-78.3832133,8.7530962],[-78.3822878,8.748567],[-78.380998,8.7451108],[-78.3796533,8.7424182],[-78.3794414,8.7397983],[-78.3808361,8.7377829],[-78.3833862,8.7370117],[-78.3861105,8.7372659],[-78.3883424,8.7372669],[-78.3893478,8.7361044],[-78.3890145,8.7338815],[-78.3877646,8.7313979],[-78.3854156,8.7293565],[-78.3824621,8.7274841],[-78.3791572,8.7259243],[-78.3751266,8.7250615],[-78.3705108,8.7247384],[-78.3657184,8.7246219],[-78.3595309,8.7247276]],[[-78.331873,8.7313796],[-78.3320436,8.7347051],[-78.3307218,8.7366206],[-78.3284465,8.7376959],[-78.3261836,8.7373345],[-78.3251613,8.7357031],[-78.3259739,8.7337866],[-78.327956,8.7324734],[-78.331873,8.7313796]],[[-78.1857427,8.7243441],[-78.1867964,8.7225211],[-78.1881756,8.721707],[-78.1896441,8.7220362],[-78.1899914,8.723349],[-78.1889141,8.724418],[-78.1857427,8.7243441]],[[-78.1081997,8.6112015],[-78.111355,8.609739],[-78.1137716,8.6098426],[-78.1158841,8.6112126],[-78.1167911,8.6132815],[-78.1158898,8.6149893],[-78.1136978,8.6153214],[-78.1113393,8.6142935],[-78.1081997,8.6112015]],[[-78.2153539,8.779326],[-78.2170234,8.7815417],[-78.2169183,8.7831895],[-78.2156169,8.7841416],[-78.2141316,8.7836624],[-78.213711,8.7821169],[-78.2153539,8.779326]],[[-78.2401095,8.8042358],[-78.2408029,8.8067011],[-78.2406654,8.8087648],[-78.2394805,8.8104894],[-78.2375721,8.8107028],[-78.2360747,8.8092087],[-78.235759,8.8069729],[-78.2368263,8.8051704],[-78.2401095,8.8042358]],[[-78.3289876,8.6888094],[-78.3267897,8.6908324],[-78.3253983,8.6907819],[-78.3249844,8.6896934],[-78.3259704,8.6887201],[-78.3289876,8.6888094]],[[-78.3378502,8.837644],[-78.3357385,8.8409581],[-78.3335833,8.8426438],[-78.3314358,8.8443926],[-78.3302523,8.8467317],[-78.3300532,8.8491309],[-78.3300199,8.8513407],[-78.3289548,8.8527393],[-78.3267748,8.8527554],[-78.3243188,8.8513937],[-78.322163,8.8493926],[-78.3213605,8.8467348],[-78.3223954,8.843948],[-78.3247304,8.8414585],[-78.3277812,8.8395023],[-78.3308437,8.8377855],[-78.3337674,8.8369235],[-78.3378502,8.837644]],[[-78.3265203,8.7020718],[-78.3303537,8.7029437],[-78.3324198,8.7049318],[-78.3339654,8.7080046],[-78.3350887,8.7115765],[-78.3361705,8.7151541],[-78.3369813,8.7185026],[-78.3365299,8.7215607],[-78.3343481,8.7240213],[-78.331227,8.7261264],[-78.3283842,8.7282224],[-78.3255174,8.7296325],[-78.3228388,8.7298336],[-78.3211483,8.7282508],[-78.3214094,8.7247504],[-78.3232898,8.7199677],[-78.3245209,8.7152527],[-78.3252087,8.7109276],[-78.325712,8.7071569],[-78.3265203,8.7020718]],[[-78.1407315,8.6826221],[-78.1391594,8.6787739],[-78.1373834,8.6763549],[-78.1356585,8.6735197],[-78.1345493,8.6703549],[-78.1339547,8.6671535],[-78.13302,8.6638325],[-78.1322625,8.6603951],[-78.1321332,8.6572333],[-78.1334328,8.6547279],[-78.135983,8.6532472],[-78.1389749,8.6520744],[-78.1418159,8.650551],[-78.1446855,8.6495845],[-78.1473463,8.6500103],[-78.1494569,8.6516245],[-78.1517494,8.6532104],[-78.1548634,8.653866],[-78.1585913,8.654093],[-78.1626136,8.6541282],[-78.1667373,8.6542166],[-78.1707257,8.6545197],[-78.1742447,8.6555109],[-78.1767377,8.6573149],[-78.1775035,8.6598954],[-78.1764668,8.6626852],[-78.1746453,8.6654506],[-78.1732344,8.6684781],[-78.172647,8.6714337],[-78.1736764,8.6741435],[-78.1758213,8.6763789],[-78.1784236,8.677688],[-78.1813366,8.6774375],[-78.1844238,8.6765701],[-78.1878236,8.6764265],[-78.1912789,8.6772701],[-78.1946855,8.678704],[-78.1978597,8.6812558],[-78.2010107,8.684695],[-78.2044963,8.6885832],[-78.2073555,8.6923449],[-78.209577,8.6957986],[-78.2108881,8.6991233],[-78.2107446,8.7022075],[-78.2089406,8.7046937],[-78.2062482,8.706701],[-78.203482,8.7087613],[-78.2007402,8.7107627],[-78.1976531,8.7118079],[-78.1945061,8.7113856],[-78.1917869,8.7098427],[-78.190028,8.7072269],[-78.1888617,8.703886],[-78.1868579,8.6995934],[-78.1842621,8.6941733],[-78.18221,8.6896625],[-78.18024,8.68663],[-78.17847,8.6852451],[-78.1765958,8.6858014],[-78.1744232,8.6869559],[-78.1720565,8.6876733],[-78.1691666,8.6880366],[-78.1660315,8.6888526],[-78.1628873,8.6902575],[-78.1594015,8.6915104],[-78.1551097,8.6914483],[-78.1500977,8.689529],[-78.1454593,8.6870054],[-78.1407315,8.6826221]]]}},{"type":"Feature","properties":{"nombre":"Corredor Santa Fe-Montijo","notas":"Aunque la conectividad no es alta, este es uno de los corredores más importantes de Panamá. Une los bosques del Caribe en el Corredor Biológico Mesoamericano y la Cordillera Central en el Parque Nacional Santa Fe con los manglares del Golfo de Montijo en el Pacífico, conectando con la Península de Azuero. Empieza en la parte alta del Río Santa María, una zona amenazada por la minería y las hidroeléctricas, donde está La Yeguada y los Pozos de Calobre. Continúa por los cerros al este de Soná para llegar a los esteros en el Golfo de Montijo.","cond_promedio":32.59,"area_ha":178947,"cat":"mediabaja","categoria_etiqueta":"Media-baja","es_mesoamericano":false},"geometry":{"type":"Polygon","coordinates":[[[-81.2548932,8.3747739],[-81.2588577,8.3846796],[-81.2574571,8.3854132],[-81.2558555,8.3865817],[-81.2543229,8.3881103],[-81.2531521,8.3897075],[-81.2521621,8.3915911],[-81.2515218,8.3933367],[-81.2511061,8.3950994],[-81.2509235,8.3962905],[-81.2509095,8.3972088],[-81.2510345,8.398289],[-81.2512873,8.399748],[-81.2515505,8.4008626],[-81.2518664,8.4017691],[-81.2523032,8.4027515],[-81.2529065,8.4040079],[-81.2533302,8.4049195],[-81.2535737,8.4054669],[-81.2537342,8.4058372],[-81.2538712,8.4061368],[-81.2539935,8.4063948],[-81.2541297,8.4066804],[-81.2542573,8.406968],[-81.2543934,8.4073148],[-81.254508,8.4076843],[-81.2545714,8.4079815],[-81.254603,8.4082682],[-81.2546362,8.4086305],[-81.2547196,8.409263],[-81.2549275,8.4103659],[-81.2553513,8.4121124],[-81.2559939,8.413861],[-81.2569855,8.4157491],[-81.2581577,8.4173483],[-81.2596921,8.4188767],[-81.2612952,8.4200436],[-81.2631853,8.4210306],[-81.2649358,8.4216699],[-81.2667038,8.4220859],[-81.2679051,8.4222671],[-81.2687284,8.4222663],[-81.2697709,8.4345058],[-81.2697643,8.4345066],[-81.2691383,8.4345887],[-81.2684232,8.4346907],[-81.267362,8.4348714],[-81.2658003,8.4351841],[-81.2644511,8.4355607],[-81.2631709,8.4360646],[-81.261897,8.4366638],[-81.2604418,8.4374191],[-81.2594161,8.438012],[-81.2587036,8.4384969],[-81.2581424,8.4389273],[-81.2575732,8.4394254],[-81.256782,8.4402066],[-81.2556826,8.4413841],[-81.2547944,8.4424668],[-81.2540495,8.4434922],[-81.253448,8.4442097],[-81.2528633,8.4446412],[-81.2521839,8.4448444],[-81.2513266,8.4448719],[-81.2502918,8.4447957],[-81.2494537,8.4447519],[-81.2486187,8.4447848],[-81.2475291,8.4449227],[-81.2460374,8.4451745],[-81.2449065,8.4454119],[-81.244066,8.4456219],[-81.2434037,8.4457439],[-81.2428341,8.4457342],[-81.2423346,8.4455761],[-81.2419236,8.4452724],[-81.2416383,8.4448329],[-81.2415222,8.4442544],[-81.2416201,8.4434999],[-81.2419626,8.4425016],[-81.2424984,8.4412819],[-81.2428762,8.4404356],[-81.2430877,8.4399488],[-81.2432128,8.4396289],[-81.2432907,8.4393986],[-81.2433598,8.4391509],[-81.2434308,8.4388487],[-81.2435151,8.4384673],[-81.2436255,8.437894],[-81.2438016,8.4368981],[-81.2440224,8.4354672],[-81.2441408,8.4343891],[-81.2441462,8.4334871],[-81.2440468,8.4323808],[-81.2438719,8.4308782],[-81.2437901,8.4297484],[-81.2438158,8.4290103],[-81.2439057,8.4285151],[-81.2440644,8.4279972],[-81.244308,8.4272094],[-81.2445655,8.4260861],[-81.2448262,8.4245615],[-81.2449584,8.4233608],[-81.2449483,8.4222667],[-81.2447641,8.4209621],[-81.244335,8.4191351],[-81.2436524,8.41733],[-81.2425551,8.4153376],[-81.2411631,8.4135234],[-81.2392867,8.411658],[-81.2374634,8.410275],[-81.2354667,8.4091856],[-81.2336741,8.408509],[-81.2318974,8.4080838],[-81.2307173,8.4078976],[-81.2298427,8.4078708],[-81.2288575,8.4079527],[-81.2280094,8.4080461],[-81.2279929,8.4080796],[-81.2266002,8.4099693],[-81.2244273,8.4099592],[-81.221506,8.4084346],[-81.2176877,8.4061787],[-81.212956,8.4033757],[-81.2072209,8.4002526],[-81.2010755,8.3978536],[-81.1954943,8.3966953],[-81.1906243,8.39656],[-81.1861323,8.3970711],[-81.1821429,8.3975719],[-81.1783322,8.3974359],[-81.1744559,8.396898],[-81.1704551,8.3966084],[-81.1663703,8.3968431],[-81.1621632,8.3972064],[-81.1578725,8.3977428],[-81.1534834,8.3990708],[-81.1489884,8.4013561],[-81.1443195,8.4043105],[-81.1402855,8.4071915],[-81.1362845,8.4095288],[-81.1322248,8.4120125],[-81.1280844,8.4152156],[-81.1240487,8.4197503],[-81.1212385,8.4247446],[-81.1197798,8.4286777],[-81.1181063,8.4311588],[-81.1154605,8.4319506],[-81.1121987,8.4316008],[-81.1087683,8.4306923],[-81.1055606,8.4288786],[-81.1023467,8.4266896],[-81.0986629,8.4248608],[-81.0945295,8.4237478],[-81.0900874,8.4234428],[-81.0853928,8.4243072],[-81.0806664,8.4262657],[-81.0771845,8.4295583],[-81.074796,8.4339597],[-81.0731712,8.4390164],[-81.0734691,8.4436277],[-81.0762066,8.4473333],[-81.0803259,8.4494758],[-81.0853471,8.4510496],[-81.0910536,8.4533495],[-81.0962434,8.4566063],[-81.1004723,8.4596654],[-81.1042566,8.4618607],[-81.1080316,8.4629909],[-81.1118137,8.4638691],[-81.1127322,8.4640404],[-81.1127311,8.4623282],[-81.1130125,8.4527787],[-81.1134373,8.4498393],[-81.1139275,8.4493287],[-81.1144412,8.4495606],[-81.1149666,8.4500341],[-81.1155394,8.4507266],[-81.1162642,8.451782],[-81.1172788,8.4532904],[-81.1184842,8.4547614],[-81.1200584,8.4563037],[-81.1215947,8.4574902],[-81.1232069,8.4584593],[-81.1243359,8.4590316],[-81.1251222,8.4593589],[-81.1256867,8.4595903],[-81.1260891,8.4597915],[-81.126364,8.459955],[-81.1266127,8.4601231],[-81.1268877,8.4603242],[-81.127225,8.4605988],[-81.1275769,8.4609256],[-81.1278872,8.4612585],[-81.1279099,8.4612885],[-81.1291538,8.4610806],[-81.1325814,8.4623489],[-81.1361225,8.4651901],[-81.1398872,8.46754],[-81.1437737,8.4688662],[-81.147618,8.4692713],[-81.1513381,8.468884],[-81.1548643,8.4677257],[-81.158503,8.4667372],[-81.1623753,8.4663418],[-81.1664038,8.4658345],[-81.1703788,8.4649935],[-81.1742227,8.4642493],[-81.1779292,8.4642088],[-81.1815975,8.4645598],[-81.1852483,8.464547],[-81.1886259,8.4644045],[-81.1917998,8.4651634],[-81.1949228,8.4665621],[-81.198433,8.4674779],[-81.2022266,8.4674765],[-81.2061228,8.4671604],[-81.2101328,8.46743],[-81.214231,8.4682241],[-81.2184175,8.4691128],[-81.2225715,8.4700644],[-81.2266618,8.470832],[-81.2305477,8.4711719],[-81.2312269,8.4710932],[-81.2315992,8.4708658],[-81.2322081,8.4705321],[-81.2327556,8.4703641],[-81.2332886,8.4703793],[-81.2338183,8.470607],[-81.2340011,8.4707718],[-81.2340485,8.4707663],[-81.236982,8.4702927],[-81.2396877,8.4711846],[-81.2420677,8.4735042],[-81.2444518,8.4763803],[-81.2473516,8.4789078],[-81.2505289,8.4807439],[-81.2534632,8.4818226],[-81.256889,8.4826419],[-81.2618423,8.4841116],[-81.2662886,8.4853839],[-81.2644921,8.5002031],[-81.2623419,8.4996116],[-81.2569844,8.4985971],[-81.2542471,8.500815],[-81.2508413,8.5018995],[-81.2468771,8.5028734],[-81.2433354,8.5044706],[-81.2402984,8.5062037],[-81.2372367,8.5069501],[-81.234034,8.5062055],[-81.230875,8.5044172],[-81.2275935,8.5024176],[-81.2245302,8.5002005],[-81.2218959,8.4974942],[-81.2189735,8.4949889],[-81.2155838,8.4932541],[-81.2118454,8.4926435],[-81.2078995,8.4928422],[-81.2033698,8.4926926],[-81.1981485,8.4920869],[-81.1933384,8.4916856],[-81.1891024,8.4914961],[-81.1851419,8.4908587],[-81.1810536,8.4904282],[-81.1767884,8.4905535],[-81.1722707,8.4908111],[-81.1673809,8.4905316],[-81.162162,8.4894023],[-81.1574128,8.488374],[-81.1530442,8.4882214],[-81.1491172,8.4891682],[-81.145821,8.4912907],[-81.1431812,8.4942353],[-81.1409453,8.4974839],[-81.1386382,8.500571],[-81.1366329,8.5038078],[-81.1348243,8.507047],[-81.1325414,8.51006],[-81.1303299,8.5133065],[-81.1288625,8.5172351],[-81.1282789,8.5219091],[-81.1282242,8.5272723],[-81.1269902,8.5326054],[-81.1254252,8.5372941],[-81.1233252,8.5412293],[-81.1207455,8.5444151],[-81.1178614,8.5469111],[-81.1148304,8.5490063],[-81.1119907,8.5514038],[-81.1090387,8.5537977],[-81.10612,8.5562383],[-81.1037189,8.5592121],[-81.1016336,8.5623356],[-81.0996057,8.5649398],[-81.0970162,8.5661786],[-81.0938834,8.5660194],[-81.0902889,8.5656059],[-81.0864663,8.5655823],[-81.082597,8.5657218],[-81.0788006,8.5662975],[-81.0750443,8.5666145],[-81.0712464,8.5663439],[-81.0673728,8.5662149],[-81.0637068,8.566427],[-81.0605762,8.5662809],[-81.0582778,8.5649119],[-81.0566936,8.5629465],[-81.0546505,8.5616244],[-81.0520853,8.5619203],[-81.0495101,8.5634671],[-81.0469055,8.564936],[-81.0445839,8.5651396],[-81.0433791,8.5638197],[-81.0434852,8.5614958],[-81.043398,8.5584774],[-81.0421243,8.5553104],[-81.0398539,8.5524488],[-81.0372334,8.5499114],[-81.0346176,8.5476281],[-81.0315158,8.5462842],[-81.0281689,8.5459039],[-81.0249455,8.5455292],[-81.0220434,8.5440212],[-81.0196805,8.5413804],[-81.0172186,8.5382978],[-81.0142867,8.5353949],[-81.011048,8.5328165],[-81.007395,8.5309447],[-81.0033577,8.529825],[-80.9989935,8.5290123],[-80.9942032,8.5291546],[-80.9901252,8.5300898],[-80.9871171,8.5323899],[-80.9851228,8.5358501],[-80.9832658,8.5400936],[-80.9814201,8.5449337],[-80.9794459,8.5492025],[-80.9778658,8.5530981],[-80.9766118,8.5565155],[-80.9746072,8.5591037],[-80.9714918,8.5604896],[-80.9676855,8.5609965],[-80.9636536,8.5612221],[-80.9596925,8.5619189],[-80.9560083,8.5634841],[-80.9526516,8.565652],[-80.9495277,8.5680417],[-80.9469699,8.5710313],[-80.9447676,8.5743249],[-80.9424019,8.5775179],[-80.93984,8.5804666],[-80.9365574,8.5826325],[-80.9325684,8.5837401],[-80.9279217,8.5836439],[-80.9227183,8.5828461],[-80.918284,8.5815488],[-80.9149129,8.5799363],[-80.9131175,8.5777948],[-80.9132079,8.5750214],[-80.9142454,8.5719665],[-80.914857,8.56896],[-80.9139096,8.5665036],[-80.9112225,8.565185],[-80.9073844,8.5645532],[-80.9028012,8.5635684],[-80.8977892,8.561872],[-80.8930671,8.5605779],[-80.8887782,8.5593594],[-80.8850381,8.5576666],[-80.8818548,8.5551014],[-80.8786799,8.5519992],[-80.8754227,8.5482558],[-80.8719536,8.5440829],[-80.8684359,8.5406945],[-80.8647964,8.5383883],[-80.8612038,8.5370758],[-80.8581414,8.5359685],[-80.8560095,8.5338534],[-80.8548257,8.5309601],[-80.8534714,8.5281083],[-80.8512495,8.5262748],[-80.8485762,8.5262132],[-80.8462407,8.5280423],[-80.8444742,8.5310293],[-80.8425307,8.5343251],[-80.8402017,8.5375163],[-80.837247,8.5403067],[-80.8340038,8.5431704],[-80.8304537,8.5460417],[-80.8262521,8.5485666],[-80.8212303,8.5503705],[-80.8164788,8.5509948],[-80.8120824,8.5506237],[-80.8078277,8.5501517],[-80.8036954,8.549773],[-80.799739,8.5492956],[-80.7958873,8.5492214],[-80.7922014,8.5493973],[-80.7884537,8.548658],[-80.7845692,8.546748],[-80.7805563,8.5456628],[-80.7764698,8.5456383],[-80.7723219,8.5460286],[-80.7683186,8.5466525],[-80.7646932,8.5471786],[-80.7615557,8.5467923],[-80.7593067,8.5458546],[-80.7575383,8.5443856],[-80.757401,8.5227018],[-80.7602217,8.5152148],[-80.76484,8.5111481],[-80.7701198,8.5097075],[-80.7745267,8.5102844],[-80.7779339,8.5122658],[-80.7810759,8.5144572],[-80.7844918,8.5158699],[-80.7880292,8.5166251],[-80.7914971,8.517307],[-80.7950278,8.5171734],[-80.7985084,8.5161288],[-80.8021114,8.5148826],[-80.805649,8.5131272],[-80.8090578,8.5111403],[-80.8124262,8.5095573],[-80.8161141,8.5089781],[-80.8200612,8.5085648],[-80.823969,8.5076921],[-80.8275248,8.506181],[-80.8303813,8.5036642],[-80.8327358,8.5005489],[-80.8343848,8.4970216],[-80.834989,8.4932139],[-80.8345152,8.4893406],[-80.8322988,8.4855477],[-80.8286022,8.4820712],[-80.8245196,8.4796927],[-80.8205086,8.4777103],[-80.8166367,8.4758563],[-80.8131118,8.4738099],[-80.8102852,8.4710832],[-80.8083255,8.4674991],[-80.8073178,8.4629904],[-80.8065606,8.4575121],[-80.8058773,8.4523713],[-80.8052504,8.4476167],[-80.804362,8.4430386],[-80.8030513,8.4387339],[-80.8012458,8.4345086],[-80.7993121,8.4304339],[-80.7976061,8.4260781],[-80.796533,8.4211803],[-80.7964438,8.4157113],[-80.7975818,8.4107677],[-80.8000662,8.4064523],[-80.8032213,8.4022659],[-80.8061142,8.3982054],[-80.8085125,8.3940515],[-80.8104093,8.3900567],[-80.8122339,8.3862864],[-80.814422,8.3832963],[-80.8168484,8.3809845],[-80.8184615,8.3786958],[-80.8181058,8.3762172],[-80.8159991,8.3739819],[-80.8132667,8.3718109],[-80.8109618,8.3697583],[-80.8103328,8.3677048],[-80.8121165,8.365853],[-80.8156018,8.3640443],[-80.8199436,8.3625036],[-80.8236141,8.3618679],[-80.8262056,8.3630252],[-80.8273655,8.3654729],[-80.8271618,8.3685424],[-80.8269215,8.3717893],[-80.827491,8.3744902],[-80.8290951,8.3758053],[-80.8318761,8.3753284],[-80.8351594,8.3734366],[-80.8382722,8.3706608],[-80.8410125,8.3671273],[-80.8430645,8.3631197],[-80.8444302,8.3585041],[-80.8450275,8.3533992],[-80.8451195,8.3479779],[-80.8454308,8.3432938],[-80.8471999,8.339281],[-80.8505438,8.3359128],[-80.8537191,8.3328618],[-80.8559903,8.3298194],[-80.8581964,8.3269784],[-80.860159,8.324094],[-80.8613257,8.3209065],[-80.8622429,8.3177501],[-80.8640462,8.3148436],[-80.8663088,8.3119601],[-80.8682378,8.3087224],[-80.8697005,8.3054403],[-80.8707383,8.3024386],[-80.8702984,8.299659],[-80.8680627,8.2976992],[-80.8644742,8.2968955],[-80.860372,8.2963418],[-80.8572142,8.2944594],[-80.8551864,8.291462],[-80.8548957,8.2874325],[-80.8562033,8.2828842],[-80.8584837,8.2791365],[-80.8605713,8.2755937],[-80.8617005,8.2718538],[-80.8618635,8.267906],[-80.8619198,8.2637707],[-80.8619344,8.2596545],[-80.8621745,8.2559132],[-80.8632102,8.2530222],[-80.8654411,8.2517627],[-80.8682582,8.2524035],[-80.8708751,8.2544304],[-80.8727743,8.2572587],[-80.8733303,8.2606754],[-80.8728605,8.2643284],[-80.8723787,8.268143],[-80.8721321,8.2718747],[-80.8713553,8.2754996],[-80.8702606,8.2790722],[-80.8698068,8.2826505],[-80.8705872,8.2858368],[-80.8728367,8.2880596],[-80.8761538,8.2891578],[-80.8798988,8.2898799],[-80.8836692,8.2908031],[-80.8874816,8.2919826],[-80.8915216,8.2927764],[-80.8958386,8.292859],[-80.8998459,8.2935045],[-80.9037191,8.2939981],[-80.9077275,8.2934561],[-80.9119947,8.292067],[-80.9166175,8.2903279],[-80.9214962,8.2884883],[-80.9258553,8.2872894],[-80.9293491,8.2861386],[-80.9316061,8.284158],[-80.9324513,8.281463],[-80.9330419,8.2787673],[-80.9347829,8.276577],[-80.9376819,8.275281],[-80.9412624,8.274179],[-80.9453569,8.2732719],[-80.9499553,8.2720648],[-80.9549103,8.2703833],[-80.9596142,8.2693412],[-80.9640576,8.2683121],[-80.9682758,8.2669237],[-80.9723467,8.2651899],[-80.9766558,8.2635401],[-80.981686,8.2625861],[-80.9863917,8.2615373],[-80.9906365,8.259998],[-80.9948955,8.258384],[-80.9995835,8.2566992],[-81.0049243,8.2552489],[-81.0104652,8.2549539],[-81.0153,8.2545759],[-81.0194291,8.2534755],[-81.0231193,8.2522086],[-81.0268294,8.2518844],[-81.0304061,8.25284],[-81.0336531,8.2546969],[-81.0363959,8.257299],[-81.0389639,8.2604564],[-81.0424045,8.2639325],[-81.047024,8.2683118],[-81.0532978,8.2736838],[-81.0604723,8.2779348],[-81.0676946,8.2800736],[-81.0737455,8.2799531],[-81.077526,8.2780771],[-81.0800819,8.2751987],[-81.082752,8.2721106],[-81.0857594,8.2690472],[-81.0895687,8.2668232],[-81.0934316,8.2664953],[-81.0970501,8.2672968],[-81.1000575,8.2689105],[-81.1022508,8.2713007],[-81.1045849,8.2734543],[-81.1073609,8.2743102],[-81.1103017,8.2734204],[-81.1131982,8.2716247],[-81.1160727,8.2699992],[-81.1193022,8.269545],[-81.1227018,8.2702383],[-81.1264512,8.2709677],[-81.1305259,8.2710155],[-81.1348226,8.2703768],[-81.1392039,8.2684899],[-81.1429382,8.2653399],[-81.1446897,8.2616736],[-81.1447461,8.2579979],[-81.144367,8.2546031],[-81.1450229,8.2514956],[-81.1470318,8.2488831],[-81.1497712,8.2464052],[-81.1525549,8.2435572],[-81.1555451,8.2406014],[-81.1594329,8.2380709],[-81.1647069,8.2360256],[-81.1715733,8.2340485],[-81.1791534,8.2314017],[-81.1866955,8.2280363],[-81.1938788,8.2244103],[-81.1998767,8.2203826],[-81.2041961,8.2160425],[-81.207158,8.2110521],[-81.2092325,8.2046057],[-81.2105019,8.1965522],[-81.2107682,8.1884586],[-81.2106032,8.180837],[-81.2100607,8.1727832],[-81.2088396,8.1647878],[-81.2073298,8.1573924],[-81.2055018,8.1510315],[-81.203282,8.1450466],[-81.2015109,8.1398602],[-81.200078,8.1351733],[-81.1984752,8.1307953],[-81.1963259,8.1263717],[-81.1937063,8.1219366],[-81.1908786,8.117139],[-81.1892254,8.1124788],[-81.1889458,8.1079359],[-81.1898097,8.1038244],[-81.1917704,8.1000388],[-81.1948171,8.0966252],[-81.1989,8.093208],[-81.2035564,8.0896948],[-81.2081209,8.0866287],[-81.2124169,8.0834264],[-81.2165593,8.0793258],[-81.22027,8.073925],[-81.2228285,8.0678358],[-81.2240191,8.0619036],[-81.2242787,8.0559849],[-81.2242335,8.0494722],[-81.2248934,8.0429851],[-81.2264154,8.0360896],[-81.2277485,8.0293831],[-81.2281221,8.0234686],[-81.2273313,8.0181428],[-81.2252336,8.0126983],[-81.2219396,8.007008],[-81.2184588,8.0015692],[-81.2165031,7.9964549],[-81.2166352,7.9910516],[-81.2184246,7.9846479],[-81.2200978,7.9773201],[-81.2205011,7.9697011],[-81.2194035,7.962749],[-81.2172577,7.9573197],[-81.2144633,7.9532868],[-81.2110315,7.9501354],[-81.2072467,7.9477483],[-81.2030558,7.9458014],[-81.1988697,7.9440572],[-81.1948265,7.9419889],[-81.1910844,7.9388963],[-81.1878974,7.9345619],[-81.1860002,7.93007],[-81.1850564,7.9254594],[-81.1843041,7.9210137],[-81.1833303,7.9166387],[-81.1820365,7.9123153],[-81.1806766,7.9081375],[-81.1791702,7.903888],[-81.1773413,7.8998836],[-81.1749487,7.8960938],[-81.1720815,7.8928203],[-81.1686212,7.890003],[-81.1647835,7.8878681],[-81.1603746,7.8863775],[-81.1554749,7.8856819],[-81.1496172,7.8857731],[-81.1427932,7.8866478],[-81.1357127,7.8880261],[-81.1292986,7.8899211],[-81.1229342,7.8924522],[-81.1171276,7.8952313],[-81.1117973,7.8986016],[-81.1076398,7.9024639],[-81.1046826,7.9070549],[-81.1026806,7.9131667],[-81.1016976,7.9212102],[-81.1016409,7.9304187],[-81.1013742,7.9384031],[-81.0992899,7.9426352],[-81.0953752,7.9432702],[-81.0908325,7.9425785],[-81.0857853,7.9417321],[-81.0804756,7.9414386],[-81.0747889,7.9420199],[-81.069726,7.9434538],[-81.0654933,7.9455704],[-81.0618207,7.9483719],[-81.0587578,7.9516004],[-81.0560243,7.9551815],[-81.0534488,7.9587549],[-81.0506351,7.9620511],[-81.047423,7.964949],[-81.043838,7.9675658],[-81.0403163,7.9702377],[-81.0369589,7.9732895],[-81.0340107,7.9765257],[-81.0312249,7.9797063],[-81.0284067,7.9819195],[-81.0252418,7.9821314],[-81.0221714,7.9797357],[-81.0195556,7.9743649],[-81.0174813,7.9665218],[-81.017183,7.9598658],[-81.0190524,7.9545555],[-81.0226309,7.949909],[-81.0262676,7.9453643],[-81.0293717,7.9401493],[-81.0320009,7.9332191],[-81.0339981,7.924233],[-81.0344533,7.9160488],[-81.0335239,7.9097132],[-81.0315947,7.9049463],[-81.0287447,7.9010397],[-81.0251702,7.8978013],[-81.0207799,7.8948055],[-81.0160532,7.8918786],[-81.0123676,7.888822],[-81.0100539,7.885431],[-81.0093325,7.8816742],[-81.0096618,7.8775654],[-81.0101559,7.8732662],[-81.0102023,7.8686298],[-81.0093782,7.8637805],[-81.0073554,7.8583092],[-81.0039819,7.8521556],[-80.9999091,7.8458743],[-80.9964102,7.8399088],[-80.9952115,7.8337626],[-80.9963279,7.8264304],[-80.9988395,7.8179197],[-81.0022767,7.8088205],[-81.0046726,7.8002784],[-81.0054017,7.7928977],[-81.0047662,7.7871878],[-81.0031019,7.7823142],[-81.0008198,7.7779564],[-80.998147,7.7734495],[-80.9955332,7.768326],[-80.994022,7.7632561],[-80.9936539,7.7579717],[-80.9942777,7.7519789],[-80.995441,7.7445839],[-80.9961282,7.7360476],[-80.9958476,7.726714],[-80.9947379,7.7169341],[-80.9923277,7.707947],[-80.988904,7.7000804],[-80.9854638,7.693372],[-80.9825956,7.6879639],[-80.9802491,7.6835635],[-80.978558,7.6796049],[-80.9782973,7.6757905],[-80.9804049,7.6719879],[-80.9850658,7.6680397],[-80.9908263,7.6643736],[-80.9970964,7.6622353],[-81.0044585,7.6614729],[-81.0123086,7.6604973],[-81.0197569,7.6585619],[-81.026048,7.6561592],[-81.0310164,7.6545683],[-81.0351796,7.6547618],[-81.0387125,7.6567822],[-81.0415893,7.6603627],[-81.0437935,7.6652264],[-81.0447833,7.6701662],[-81.0445489,7.6751955],[-81.0432717,7.6807253],[-81.0416458,7.6872278],[-81.0406012,7.6940894],[-81.0405993,7.7006568],[-81.0415156,7.7073769],[-81.0430738,7.7150881],[-81.0443601,7.7224616],[-81.0455758,7.7298446],[-81.0473794,7.7366477],[-81.0501388,7.7423164],[-81.0543177,7.7472864],[-81.0607255,7.7526081],[-81.0692987,7.7588991],[-81.0764109,7.7654479],[-81.0816031,7.7734858],[-81.0841566,7.7837506],[-81.0837304,7.7951915],[-81.0816018,7.8062004],[-81.0802292,7.8146725],[-81.0802514,7.8218221],[-81.0818941,7.8285297],[-81.0848906,7.8343486],[-81.0885355,7.8386723],[-81.0925735,7.8416688],[-81.0973547,7.8437902],[-81.103042,7.8452221],[-81.1101175,7.8462686],[-81.1177441,7.8470087],[-81.1251926,7.8473013],[-81.1317731,7.8475017],[-81.1380969,7.8481919],[-81.1448946,7.8495637],[-81.1515302,7.8506367],[-81.1575425,7.8506366],[-81.1635772,7.8491536],[-81.1697472,7.8457949],[-81.1752013,7.8406692],[-81.1792935,7.8344124],[-81.1820342,7.8281367],[-81.1843346,7.8232258],[-81.187849,7.8202927],[-81.1937177,7.8191876],[-81.2008541,7.8183251],[-81.2080275,7.8170588],[-81.2142081,7.816137],[-81.2185838,7.8171859],[-81.2213365,7.8201859],[-81.2229802,7.8249257],[-81.2245607,7.831573],[-81.227281,7.8404873],[-81.2315058,7.8505165],[-81.235453,7.8580361],[-81.2390553,7.8639284],[-81.242236,7.8695167],[-81.245516,7.8759036],[-81.2491314,7.8827638],[-81.2527213,7.8899343],[-81.2567347,7.8983319],[-81.2615931,7.9064646],[-81.2669433,7.9135474],[-81.2711691,7.9190747],[-81.2744823,7.9237642],[-81.2771517,7.9283841],[-81.279627,7.933601],[-81.2823454,7.9395183],[-81.2848378,7.9451678],[-81.2856229,7.9497034],[-81.2841966,7.9532051],[-81.2812642,7.9563438],[-81.2779343,7.9598634],[-81.2746124,7.964563],[-81.27187,7.9708397],[-81.270493,7.9780663],[-81.2706728,7.9853717],[-81.2719594,7.9921164],[-81.2738933,7.9987168],[-81.2765992,8.0051001],[-81.2808565,8.0116965],[-81.2868162,8.0180144],[-81.2937679,8.0238492],[-81.2997216,8.029198],[-81.3036821,8.0342702],[-81.3060993,8.0398557],[-81.3079235,8.046417],[-81.309754,8.0529101],[-81.311261,8.0587191],[-81.3121792,8.0644426],[-81.3125234,8.070426],[-81.3128075,8.0758141],[-81.3131812,8.0808936],[-81.3132539,8.0857408],[-81.3123849,8.0906881],[-81.3102116,8.0958336],[-81.3071546,8.1003045],[-81.3033462,8.1044711],[-81.29917,8.1088257],[-81.2954591,8.1129915],[-81.2919576,8.1172705],[-81.2882385,8.1218317],[-81.2839536,8.1274021],[-81.2801891,8.1337892],[-81.2775252,8.1403538],[-81.2757877,8.1476337],[-81.2752569,8.1553368],[-81.2755001,8.1625535],[-81.2751426,8.1686323],[-81.273311,8.1743446],[-81.2699634,8.1804424],[-81.2664287,8.1869277],[-81.2637557,8.1935159],[-81.2625119,8.2000348],[-81.2626662,8.2070696],[-81.2640488,8.2156118],[-81.2659829,8.2244681],[-81.2684551,8.2336027],[-81.2706069,8.2406525],[-81.2727225,8.2463041],[-81.2749431,8.2514675],[-81.2768027,8.2564384],[-81.2770568,8.2608958],[-81.276057,8.2650542],[-81.2748659,8.2689868],[-81.2742272,8.2727934],[-81.2746937,8.2759136],[-81.2762735,8.2782691],[-81.2776966,8.2807685],[-81.277863,8.2835738],[-81.2765779,8.2864254],[-81.2749183,8.2897839],[-81.2733541,8.2936534],[-81.2711354,8.297541],[-81.2673545,8.3005471],[-81.2635357,8.3008738],[-81.2597014,8.2995964],[-81.2557728,8.2978518],[-81.2515771,8.2970107],[-81.248534,8.2980583],[-81.246546,8.3006644],[-81.2448855,8.3039285],[-81.2437071,8.3073319],[-81.2426671,8.3100941],[-81.2411761,8.3112601],[-81.2394309,8.3101493],[-81.2375324,8.3077045],[-81.235604,8.3048278],[-81.2330034,8.3024463],[-81.229746,8.3009007],[-81.2262468,8.2995193],[-81.2226649,8.2985666],[-81.218995,8.2989115],[-81.2151745,8.3012255],[-81.2115853,8.305252],[-81.2090555,8.3099413],[-81.2077686,8.3149709],[-81.2077275,8.3207329],[-81.209082,8.3270927],[-81.2116741,8.3329877],[-81.2148508,8.3375584],[-81.2182285,8.3410159],[-81.2216162,8.3438409],[-81.2249639,8.3462893],[-81.2278504,8.3490526],[-81.22992,8.3530699],[-81.2319193,8.3569953],[-81.234415,8.3600482],[-81.2376775,8.3619907],[-81.2415749,8.3640257],[-81.2458229,8.3668758],[-81.2492707,8.3699747],[-81.2516136,8.3731055],[-81.2521201,8.3756098],[-81.2535412,8.375272],[-81.2548932,8.3747739]],[[-80.8415006,8.4612927],[-80.8415457,8.4611846],[-80.8411254,8.4618683],[-80.8415006,8.4612927]],[[-80.8385286,8.466613],[-80.8383603,8.4668365],[-80.8375915,8.4680577],[-80.8385286,8.466613]],[[-80.8595693,8.4594039],[-80.8612928,8.4571766],[-80.8615965,8.4545703],[-80.8601212,8.4525538],[-80.8576474,8.4518157],[-80.8553205,8.4522168],[-80.8527047,8.4532943],[-80.8531212,8.457462],[-80.8546391,8.4595245],[-80.8570574,8.4603604],[-80.8595693,8.4594039]],[[-80.8107245,8.5205724],[-80.8121339,8.5227476],[-80.8147232,8.5239067],[-80.8175474,8.5235029],[-80.8196727,8.5218548],[-80.8206359,8.5199362],[-80.8210529,8.5179986],[-80.8163363,8.5168397],[-80.8134226,8.5170277],[-80.8111973,8.5183228],[-80.8107245,8.5205724]],[[-80.8672752,8.4640603],[-80.866148,8.4656032],[-80.8661372,8.4687551],[-80.8691307,8.4666198],[-80.869744,8.4649124],[-80.8688921,8.4637264],[-80.8672752,8.4640603]],[[-81.0602656,8.4488589],[-81.058827,8.4485467],[-81.0572162,8.4485965],[-81.0591555,8.4509277],[-81.0605661,8.4510231],[-81.0611327,8.4499661],[-81.0602656,8.4488589]],[[-81.0113245,8.376429],[-81.007178,8.3759747],[-81.0029444,8.3761863],[-80.9986714,8.3771354],[-80.9946611,8.3787061],[-80.9907605,8.3808374],[-80.9870788,8.383158],[-80.9831943,8.3854137],[-80.9793175,8.3872795],[-80.9760557,8.3870652],[-80.9734627,8.3851794],[-80.9711615,8.382487],[-80.96774,8.3799626],[-80.9626879,8.3780414],[-80.956079,8.3771925],[-80.9488746,8.3777594],[-80.9421041,8.379433],[-80.936651,8.3814286],[-80.9322353,8.3837556],[-80.928427,8.3857973],[-80.9254654,8.3857332],[-80.9234895,8.3835945],[-80.922283,8.3801956],[-80.9211248,8.3763268],[-80.9196655,8.3725262],[-80.917841,8.3690176],[-80.9153872,8.366053],[-80.9126253,8.3643073],[-80.9100682,8.3637274],[-80.9085352,8.3646749],[-80.9088631,8.36645],[-80.9107248,8.368046],[-80.9126994,8.3694682],[-80.9132742,8.3712556],[-80.9112844,8.3731744],[-80.9074782,8.3751567],[-80.9039635,8.3775309],[-80.901414,8.3804879],[-80.8991493,8.3835533],[-80.8959309,8.3862126],[-80.8919039,8.3884505],[-80.887802,8.3891547],[-80.883756,8.3893018],[-80.8798056,8.3898855],[-80.8760132,8.3910334],[-80.8723124,8.3923387],[-80.8690526,8.3937619],[-80.8669194,8.395881],[-80.8665569,8.3984699],[-80.8679675,8.4007023],[-80.8705363,8.4019663],[-80.8732523,8.4029029],[-80.8754674,8.4049358],[-80.8768374,8.408002],[-80.8777942,8.4114351],[-80.8791537,8.414659],[-80.8805689,8.4174123],[-80.8808112,8.4200287],[-80.879406,8.4219565],[-80.8767848,8.4229448],[-80.873798,8.4241182],[-80.8713731,8.4261132],[-80.8698194,8.4286115],[-80.8681924,8.430557],[-80.8659317,8.4308586],[-80.8635009,8.4294112],[-80.8607212,8.4271834],[-80.8577587,8.424672],[-80.8548531,8.4218375],[-80.8518605,8.4192314],[-80.8488016,8.4174475],[-80.8456392,8.4173285],[-80.8428751,8.4189405],[-80.8408681,8.4217487],[-80.8394882,8.4249972],[-80.8394464,8.4286025],[-80.8407949,8.4323576],[-80.843127,8.4356514],[-80.8461528,8.4382927],[-80.8495625,8.4404428],[-80.8529978,8.4426495],[-80.8567092,8.4445332],[-80.8606437,8.4460284],[-80.8645706,8.4474264],[-80.8683121,8.4487754],[-80.8716857,8.4505037],[-80.8749315,8.4521299],[-80.877593,8.4539372],[-80.8790617,8.4566966],[-80.8792909,8.4600481],[-80.8785989,8.4636617],[-80.8778935,8.4674989],[-80.8773571,8.4713638],[-80.8761042,8.4751302],[-80.8738581,8.4786968],[-80.8707124,8.481948],[-80.8685084,8.4854675],[-80.8678217,8.4893062],[-80.8683846,8.4932475],[-80.8697189,8.4970196],[-80.871932,8.5002125],[-80.8749657,8.5025082],[-80.8784696,8.5040965],[-80.8819715,8.5059096],[-80.885185,8.5080935],[-80.8883283,8.5098597],[-80.8911951,8.5103656],[-80.8931653,8.5090093],[-80.8936903,8.5063089],[-80.8933246,8.5031507],[-80.893322,8.5001538],[-80.8949263,8.4977303],[-80.8979087,8.4960733],[-80.9015723,8.4951757],[-80.9053593,8.4950677],[-80.9090665,8.4960018],[-80.912889,8.4972557],[-80.9166013,8.4989104],[-80.9199662,8.5009261],[-80.9226089,8.5037018],[-80.924745,8.5069089],[-80.927008,8.5097244],[-80.9297033,8.5112586],[-80.9325291,8.5108799],[-80.9349999,8.5087793],[-80.937497,8.5058966],[-80.9406699,8.5029541],[-80.9443549,8.4995987],[-80.9482886,8.4958044],[-80.9511356,8.4917815],[-80.9527589,8.4874708],[-80.9538497,8.4829157],[-80.9554889,8.4784709],[-80.9581445,8.475578],[-80.9613484,8.4738144],[-80.9644351,8.4721435],[-80.9668217,8.4694966],[-80.9685781,8.4661183],[-80.9701568,8.4626287],[-80.9718393,8.4597667],[-80.9740497,8.4584393],[-80.976591,8.4590796],[-80.9791801,8.4606058],[-80.9820174,8.4614437],[-80.9849217,8.4606203],[-80.9877425,8.4586382],[-80.9907859,8.4564149],[-80.9941477,8.4542959],[-80.9976501,8.4519033],[-81.0016964,8.4494965],[-81.0058773,8.4466652],[-81.0085309,8.443436],[-81.0090927,8.4399315],[-81.0079452,8.436505],[-81.0063186,8.4332853],[-81.0057033,8.4302981],[-81.0069426,8.4291792],[-81.0093112,8.4297139],[-81.0120767,8.43073],[-81.0151347,8.4307223],[-81.0179988,8.4292719],[-81.020454,8.4271106],[-81.022859,8.4254218],[-81.0257656,8.4251516],[-81.0289194,8.4256224],[-81.0322345,8.4254072],[-81.0352679,8.4237686],[-81.0376475,8.4209466],[-81.0392509,8.4174994],[-81.0396231,8.4138201],[-81.0386509,8.4103546],[-81.0363403,8.407446],[-81.0334361,8.4049351],[-81.0308085,8.4023818],[-81.029256,8.3992594],[-81.028614,8.3957707],[-81.0289519,8.3921788],[-81.0293068,8.3885894],[-81.0289526,8.3853741],[-81.0273404,8.3811778],[-81.0222316,8.3790888],[-81.0188531,8.3781167],[-81.0151944,8.3773394],[-81.0113245,8.376429]],[[-80.8517579,8.3632281],[-80.8474368,8.3656354],[-80.8438376,8.3687319],[-80.8409974,8.3727721],[-80.8390101,8.3778985],[-80.8380336,8.3844308],[-80.8385379,8.390871],[-80.8403088,8.3943482],[-80.8424084,8.3945134],[-80.8440099,8.3924568],[-80.8453228,8.3896409],[-80.8475614,8.3872857],[-80.8511545,8.3863269],[-80.855071,8.3874687],[-80.8589685,8.3884624],[-80.8626042,8.388307],[-80.8657915,8.3869055],[-80.8690306,8.3852754],[-80.8726242,8.3842838],[-80.8764916,8.3836352],[-80.880442,8.3831991],[-80.8843444,8.3823682],[-80.8881961,8.3811431],[-80.8917989,8.3788312],[-80.8944777,8.37488],[-80.8949987,8.3701519],[-80.8932996,8.3653241],[-80.8901267,8.3617802],[-80.8857932,8.3596571],[-80.8805172,8.3585771],[-80.8694567,8.3569726],[-80.8646372,8.3583377],[-80.8610771,8.359658],[-80.8566911,8.3612267],[-80.8517579,8.3632281]],[[-81.0695499,8.4912235],[-81.0652531,8.4905937],[-81.0621558,8.4919285],[-81.0606586,8.4945826],[-81.0603706,8.4975092],[-81.0609789,8.4999668],[-81.0625262,8.502396],[-81.0647841,8.5046204],[-81.0669208,8.5072831],[-81.0687533,8.5104617],[-81.0709635,8.5135399],[-81.0736677,8.5159213],[-81.076734,8.5169375],[-81.0799015,8.5159822],[-81.0828862,8.5135267],[-81.0856225,8.510461],[-81.0863868,8.5070042],[-81.083538,8.5009777],[-81.0797235,8.4977529],[-81.0769146,8.4954195],[-81.073491,8.4931114],[-81.0695499,8.4912235]]]}},{"type":"Feature","properties":{"nombre":"Corredor biológico mesoamericano este","notas":"Incluye los bosques y humedales de la costa del Pacífico del Darién y continúa por la parte alta de los ríos Chucunaque y Bayano, en el lado Pacífico y por la costa del Caribe. Recorre Darién, la comarca Emberá Wounaan, las tres comarcas gunas, la parte norte de la provincia de Panamá y parte de la Costa Arriba de Colón. Esta sección del Corredor Biológico Mesoamericano termina (o comienza) en la región interoceánica donde está el Canal de Panamá, el bosque de San Lorenzo y el lago Gatún donde se conectan estos bosques.","cond_promedio":42.34,"area_ha":8684,"cat":"alta","categoria_etiqueta":"Alta","es_mesoamericano":true},"geometry":{"type":"Polygon","coordinates":[[[-79.5151439,9.1515555],[-79.5151693,9.1516314],[-79.515201,9.1517096],[-79.5152864,9.1518465],[-79.5157287,9.1529223],[-79.515683,9.1532016],[-79.515683,9.1532016],[-79.5126293,9.1544951],[-79.5110362,9.1557112],[-79.5089429,9.1587955],[-79.5089805,9.1590469],[-79.5092485,9.1611564],[-79.5092171,9.1631348],[-79.5079262,9.1666424],[-79.507672,9.1667698],[-79.507672,9.1667698],[-79.5065767,9.1675791],[-79.5065632,9.1675811],[-79.5065632,9.1675811],[-79.505644,9.1706425],[-79.5081499,9.1740154],[-79.5085796,9.1740877],[-79.5085796,9.1740877],[-79.5091004,9.1742612],[-79.5092705,9.1742351],[-79.5103705,9.1742839],[-79.5106164,9.1761477],[-79.5105688,9.1761715],[-79.5105688,9.1761715],[-79.5087141,9.1787096],[-79.5086202,9.178724],[-79.5086202,9.178724],[-79.5075978,9.180011],[-79.5072437,9.181079],[-79.5076643,9.1848452],[-79.5077146,9.1874299],[-79.5078522,9.1918905],[-79.5081559,9.1921933],[-79.5084369,9.1924725],[-79.5087568,9.1927855],[-79.5092399,9.1930124],[-79.513213,9.1945756],[-79.5132919,9.1944978],[-79.5132919,9.1944978],[-79.5138275,9.1943273],[-79.5146465,9.1943307],[-79.5153812,9.1947065],[-79.5153812,9.1947065],[-79.5155094,9.1949591],[-79.5161956,9.1957949],[-79.5161956,9.1957949],[-79.5163238,9.1960475],[-79.5183934,9.1982925],[-79.5184408,9.1983167],[-79.5208823,9.1999588],[-79.5214482,9.1999611],[-79.5242859,9.199791],[-79.525978,9.2003062],[-79.5275462,9.2016548],[-79.5294353,9.205061],[-79.5293896,9.2053403],[-79.5293896,9.2053403],[-79.5305218,9.2089419],[-79.5315469,9.2117279],[-79.5322727,9.2146899],[-79.5320714,9.2191313],[-79.5320625,9.2191856],[-79.5320625,9.2191856],[-79.5319211,9.2194481],[-79.5318834,9.2195277],[-79.5316445,9.2229845],[-79.5317727,9.2232371],[-79.5320413,9.2243233],[-79.5320413,9.2243233],[-79.5320847,9.2246029],[-79.533048,9.2263346],[-79.5337678,9.2306452],[-79.5346058,9.2314011],[-79.5384293,9.2330293],[-79.5385035,9.2329921],[-79.5385035,9.2329921],[-79.5398167,9.2333731],[-79.5398641,9.2333973],[-79.541174,9.2352774],[-79.541174,9.2352774],[-79.5412214,9.2353017],[-79.5426236,9.2377352],[-79.5426236,9.2377352],[-79.5435071,9.2386202],[-79.5441874,9.2389387],[-79.544221,9.2389389],[-79.5460164,9.2403835],[-79.5464779,9.2405756],[-79.5466716,9.2405764],[-79.5475347,9.2412047],[-79.5475619,9.2413802],[-79.5480322,9.2443827],[-79.5491173,9.2486405],[-79.5491666,9.2487914],[-79.5491907,9.2488509],[-79.5492134,9.2489013],[-79.5520837,9.2509821],[-79.5531622,9.2509464],[-79.5531622,9.2509464],[-79.5543547,9.2504709],[-79.5580162,9.2504892],[-79.5581316,9.2507165],[-79.5581316,9.2507165],[-79.558832,9.2513063],[-79.5588515,9.2513447],[-79.5589045,9.2513854],[-79.5589045,9.2513854],[-79.5591251,9.2514773],[-79.5609235,9.2546328],[-79.5630985,9.2603678],[-79.5644448,9.2644139],[-79.5656433,9.2690864],[-79.5665599,9.2733017],[-79.5665527,9.27724],[-79.566236,9.2810246],[-79.56634,9.2848029],[-79.566243,9.2886024],[-79.5652897,9.2922798],[-79.5633632,9.2955545],[-79.5603057,9.2978095],[-79.5572031,9.298479],[-79.5540191,9.2992411],[-79.5510551,9.3011097],[-79.5483108,9.3038339],[-79.5460518,9.3074203],[-79.5441442,9.3113942],[-79.5415701,9.3142102],[-79.5385133,9.3159373],[-79.5354334,9.3178003],[-79.5326786,9.3201785],[-79.5300385,9.3227865],[-79.5277038,9.32566],[-79.5250758,9.3282318],[-79.5222197,9.3302273],[-79.5193152,9.3314172],[-79.5170638,9.3328481],[-79.5164634,9.3349284],[-79.5178578,9.3369803],[-79.5205561,9.3386366],[-79.5236197,9.3405977],[-79.5266034,9.3428769],[-79.5288677,9.3459877],[-79.5301401,9.3502808],[-79.531752,9.3547806],[-79.5325536,9.3585387],[-79.5313087,9.3618538],[-79.5280841,9.3647395],[-79.5246338,9.3669751],[-79.5219561,9.3694613],[-79.5203029,9.3722964],[-79.5187097,9.3749128],[-79.5166022,9.3770116],[-79.5149039,9.3793705],[-79.5147039,9.3822474],[-79.5161539,9.3850735],[-79.518853,9.3872967],[-79.5221042,9.3888439],[-79.5251373,9.3903092],[-79.5272003,9.3924418],[-79.5281125,9.395486],[-79.5285112,9.3990119],[-79.5284556,9.4024662],[-79.5274029,9.4054371],[-79.5256045,9.4076602],[-79.524407,9.4099039],[-79.5250023,9.4121263],[-79.527374,9.4137503],[-79.5306388,9.4149984],[-79.5340951,9.4161388],[-79.5371335,9.4177597],[-79.5394731,9.4198318],[-79.5416901,9.4213623],[-79.5440067,9.4213037],[-79.5459827,9.4198674],[-79.5479933,9.4183799],[-79.550801,9.417998],[-79.5540681,9.4185088],[-79.5573615,9.4191638],[-79.5606846,9.4186638],[-79.5636897,9.4167745],[-79.5661813,9.4138623],[-79.5681595,9.4103998],[-79.5699588,9.4068313],[-79.571819,9.403446],[-79.573921,9.4004247],[-79.5757461,9.3972141],[-79.5767922,9.3936311],[-79.5773591,9.3899289],[-79.5784265,9.3862578],[-79.5801436,9.3826947],[-79.5822455,9.3791514],[-79.5830999,9.377566],[-79.5842837,9.3795604],[-79.5868124,9.3811093],[-79.5900782,9.3812916],[-79.5936115,9.3803691],[-79.5970767,9.3787631],[-79.6007483,9.3772719],[-79.6029281,9.3763249],[-79.6039903,9.378367],[-79.6042273,9.3814277],[-79.6032602,9.384703],[-79.6016425,9.3879997],[-79.6004367,9.3914052],[-79.6004671,9.3946989],[-79.602176,9.3973733],[-79.605079,9.3990825],[-79.6084046,9.3998703],[-79.6115512,9.3996809],[-79.6140354,9.3980911],[-79.6158225,9.3957109],[-79.6180218,9.3934591],[-79.6209925,9.3919138],[-79.6245178,9.3912176],[-79.628234,9.3909288],[-79.6319819,9.3912155],[-79.6356869,9.3916418],[-79.6392788,9.3927081],[-79.642763,9.3942583],[-79.6464199,9.3942589],[-79.6501791,9.392344],[-79.6541611,9.3892524],[-79.6577225,9.3861863],[-79.6611689,9.38363],[-79.6643893,9.3809884],[-79.6675951,9.3784623],[-79.6711186,9.3764425],[-79.674825,9.3747944],[-79.678414,9.372946],[-79.6818384,9.3709408],[-79.6853775,9.3691895],[-79.6898044,9.3682979],[-79.6939444,9.3670983],[-79.6972955,9.3650377],[-79.6995998,9.3619968],[-79.7010965,9.3583398],[-79.7024622,9.3544822],[-79.7038368,9.3505209],[-79.7060446,9.3466414],[-79.7096572,9.3428448],[-79.7133623,9.3389029],[-79.716678,9.33453],[-79.7194834,9.3309068],[-79.7222088,9.328289],[-79.7241823,9.3257108],[-79.724589,9.3228771],[-79.7233676,9.3201674],[-79.7216651,9.317669],[-79.7209716,9.3151457],[-79.7221258,9.3126343],[-79.7244085,9.3099063],[-79.7268222,9.3064945],[-79.7289451,9.3023364],[-79.7309056,9.2977975],[-79.7335392,9.2943505],[-79.7366378,9.2919132],[-79.7399621,9.2904646],[-79.7435214,9.2903804],[-79.7472609,9.2912358],[-79.75149,9.2919272],[-79.756318,9.2918727],[-79.7610233,9.2922784],[-79.7655596,9.2934208],[-79.7701477,9.2950688],[-79.7744992,9.2976215],[-79.7773719,9.3008273],[-79.7787268,9.3045654],[-79.7790797,9.3086598],[-79.7794759,9.3130881],[-79.7805296,9.3179064],[-79.7822032,9.3230592],[-79.784332,9.3274834],[-79.7870053,9.3309943],[-79.7901072,9.3337946],[-79.7931511,9.3366481],[-79.7959925,9.3397012],[-79.7988596,9.3427299],[-79.8018161,9.3456467],[-79.8051233,9.3481447],[-79.8086799,9.3502314],[-79.812086,9.3524801],[-79.8150565,9.3552154],[-79.817769,9.3581958],[-79.8204203,9.3609538],[-79.8227014,9.3631915],[-79.8236081,9.3650934],[-79.8223568,9.3664413],[-79.8196134,9.3669137],[-79.8161894,9.3662173],[-79.8125277,9.3648974],[-79.8090272,9.3633342],[-79.8057922,9.3623813],[-79.8028942,9.363033],[-79.8007907,9.3652749],[-79.7993012,9.3683007],[-79.7976276,9.3712376],[-79.7954592,9.3734906],[-79.7928173,9.3745262],[-79.7896629,9.3745645],[-79.7861596,9.3749285],[-79.7826961,9.3763879],[-79.7794301,9.3788022],[-79.7763546,9.3819613],[-79.7736133,9.3859274],[-79.7712149,9.3904774],[-79.7701476,9.3948835],[-79.7700644,9.3989437],[-79.7697845,9.4025852],[-79.768547,9.4054243],[-79.7661905,9.407054],[-79.7631761,9.4080239],[-79.7602437,9.4095638],[-79.7582252,9.4120492],[-79.7576482,9.4151757],[-79.7580986,9.4183437],[-79.7581549,9.4212469],[-79.7562072,9.4238195],[-79.7521805,9.4260892],[-79.7477501,9.4284793],[-79.7433918,9.4314446],[-79.739052,9.4348571],[-79.7348906,9.4374322],[-79.7307738,9.4389687],[-79.7266821,9.4397999],[-79.7225598,9.4408688],[-79.7182896,9.442336],[-79.7137636,9.444478],[-79.7092299,9.4477728],[-79.7057962,9.4520648],[-79.7029735,9.4558609],[-79.7006116,9.4590656],[-79.6992468,9.4622503],[-79.6993282,9.465605],[-79.7001152,9.4690103],[-79.7003545,9.4726595],[-79.699915,9.4762957],[-79.6986114,9.479578],[-79.6966211,9.4821014],[-79.6937511,9.4834163],[-79.6903666,9.4843133],[-79.6868665,9.485743],[-79.6833452,9.4874914],[-79.6799701,9.4894186],[-79.6769697,9.4917637],[-79.6744646,9.494551],[-79.6717699,9.4972287],[-79.6687282,9.4996601],[-79.6655091,9.5020431],[-79.661608,9.5040076],[-79.6572378,9.5058077],[-79.6542554,9.5079282],[-79.6535304,9.5102317],[-79.6551692,9.5120115],[-79.658219,9.5130143],[-79.6616474,9.513626],[-79.6645569,9.5147565],[-79.666012,9.516802],[-79.6653488,9.5193329],[-79.6625809,9.5220571],[-79.6584686,9.5249253],[-79.6539747,9.5270947],[-79.6491612,9.5285485],[-79.6439444,9.5300876],[-79.639128,9.5316639],[-79.6344936,9.5331513],[-79.6295944,9.5345957],[-79.6243073,9.535779],[-79.6195983,9.5364174],[-79.6154417,9.537157],[-79.6116678,9.5376243],[-79.6080858,9.5371228],[-79.6046018,9.5356381],[-79.6007191,9.5338856],[-79.5961729,9.5323843],[-79.5910349,9.5312187],[-79.5864185,9.5299442],[-79.5823334,9.5287287],[-79.5786772,9.5272583],[-79.5748757,9.5262188],[-79.5709846,9.5256565],[-79.567198,9.5251714],[-79.5635381,9.5251365],[-79.5602853,9.5261508],[-79.5578192,9.5284816],[-79.5559254,9.5315717],[-79.554137,9.5350101],[-79.5522894,9.5383837],[-79.5499963,9.5411914],[-79.5469932,9.543084],[-79.543433,9.5439015],[-79.5396294,9.5444191],[-79.5358584,9.5451934],[-79.532284,9.5460755],[-79.528657,9.5462664],[-79.524994,9.5461179],[-79.5215695,9.5465187],[-79.5188485,9.5481826],[-79.5172212,9.5510201],[-79.5161453,9.5542827],[-79.5146706,9.557144],[-79.5123217,9.5586607],[-79.5095089,9.5583756],[-79.5070407,9.5559956],[-79.5054169,9.5522409],[-79.5052452,9.5486679],[-79.5064982,9.5457887],[-79.5077673,9.5428831],[-79.5077593,9.5396682],[-79.5062733,9.5365342],[-79.5036939,9.5338129],[-79.5005126,9.5316759],[-79.497285,9.5299562],[-79.4940261,9.5293908],[-79.4908887,9.5306835],[-79.4879167,9.5335572],[-79.484395,9.5371172],[-79.4810644,9.5403963],[-79.4776759,9.5430557],[-79.474415,9.5458084],[-79.4714917,9.5489781],[-79.4689229,9.5520219],[-79.4664431,9.552877],[-79.4644208,9.5514189],[-79.4630736,9.5485282],[-79.46199,9.5449814],[-79.4604385,9.5414507],[-79.4582232,9.5384645],[-79.4557636,9.5362719],[-79.4531416,9.5356398],[-79.4509651,9.536842],[-79.4494812,9.5391165],[-79.4479377,9.5416491],[-79.4470039,9.5444569],[-79.4475558,9.5473919],[-79.4493066,9.5500838],[-79.4509568,9.5527941],[-79.4513482,9.5553862],[-79.4496958,9.5573577],[-79.4465418,9.5584049],[-79.4426061,9.5584818],[-79.4382961,9.5569511],[-79.4348024,9.5545641],[-79.4323747,9.551142],[-79.4300747,9.547053],[-79.4274111,9.5426875],[-79.4252572,9.5386837],[-79.4230661,9.5353081],[-79.4209141,9.5324738],[-79.4191045,9.529783],[-79.4167544,9.5278235],[-79.4136582,9.5272661],[-79.4102122,9.527775],[-79.4068202,9.5290168],[-79.4034051,9.5300475],[-79.399891,9.5303717],[-79.3963243,9.5305287],[-79.3928964,9.5314337],[-79.389974,9.5330574],[-79.3875932,9.5345156],[-79.3853118,9.5346851],[-79.3832088,9.5336943],[-79.3806206,9.5330579],[-79.377866,9.53384],[-79.375572,9.5360279],[-79.3739047,9.5389647],[-79.3732375,9.5423604],[-79.3728712,9.5456221],[-79.3716459,9.5482682],[-79.3693309,9.549881],[-79.3666231,9.5507889],[-79.3637848,9.5507105],[-79.3608072,9.5508449],[-79.3579897,9.5519115],[-79.3552721,9.5531488],[-79.3522068,9.5537138],[-79.3489729,9.5544245],[-79.3460552,9.5561114],[-79.3435628,9.5586561],[-79.3404484,9.5611405],[-79.3361774,9.5627035],[-79.3319834,9.5627602],[-79.3281524,9.56184],[-79.3246132,9.5606894],[-79.3216791,9.558828],[-79.3197699,9.5563951],[-79.3192286,9.5536869],[-79.3200191,9.551145],[-79.3207575,9.5484157],[-79.3200762,9.5454706],[-79.3179069,9.5426952],[-79.3146388,9.5402659],[-79.3104565,9.5382173],[-79.3059225,9.5357023],[-79.3023419,9.5329063],[-79.2997314,9.5301554],[-79.2982358,9.5272522],[-79.2967625,9.5246222],[-79.2943318,9.5230707],[-79.2911492,9.523016],[-79.2877376,9.5240053],[-79.2846353,9.525959],[-79.2822776,9.5289275],[-79.2805052,9.5324899],[-79.2786827,9.5360925],[-79.2766597,9.5392883],[-79.2744851,9.5415304],[-79.2719655,9.5419859],[-79.2694024,9.5404716],[-79.266887,9.5378187],[-79.2642833,9.5347802],[-79.2617772,9.5315974],[-79.2597954,9.5281706],[-79.2584645,9.5245903],[-79.2569728,9.52124],[-79.2546491,9.518507],[-79.2517874,9.5162246],[-79.2483026,9.5147229],[-79.2444579,9.5140489],[-79.2406269,9.513995],[-79.2371664,9.5140833],[-79.2342538,9.5133044],[-79.2318837,9.511298],[-79.2294625,9.5087709],[-79.2272845,9.5060091],[-79.2255412,9.5033177],[-79.2235252,9.5016211],[-79.2211964,9.5018742],[-79.2190226,9.5039792],[-79.2165901,9.507034],[-79.2131747,9.51044],[-79.2099286,9.5138738],[-79.2077033,9.5178242],[-79.2071135,9.5222692],[-79.2083322,9.5258515],[-79.2108108,9.5283074],[-79.2134196,9.5304058],[-79.2151543,9.5322241],[-79.2147252,9.5340245],[-79.2119045,9.5353015],[-79.2073154,9.5355218],[-79.2024501,9.5348083],[-79.1974035,9.5340775],[-79.1922549,9.5341655],[-79.1881226,9.5356578],[-79.1848536,9.5379329],[-79.1817097,9.5400565],[-79.1783168,9.5416104],[-79.1748772,9.5430562],[-79.1714342,9.5441073],[-79.1680359,9.5446653],[-79.1648186,9.5451883],[-79.1616531,9.5449489],[-79.1584533,9.5439641],[-79.1548279,9.5433178],[-79.1508673,9.5434531],[-79.1466704,9.5442679],[-79.1420801,9.545478],[-79.1369028,9.5471774],[-79.1309497,9.5495637],[-79.1245758,9.5515025],[-79.118242,9.5523056],[-79.1116295,9.5528594],[-79.1055458,9.5540901],[-79.1008138,9.5557816],[-79.0966679,9.5570629],[-79.0926935,9.5575466],[-79.0887857,9.5573904],[-79.0845673,9.5574912],[-79.0797311,9.5578463],[-79.0738802,9.5586446],[-79.0667145,9.5602349],[-79.0591783,9.562321],[-79.0529279,9.5637899],[-79.0477175,9.564636],[-79.043064,9.5651023],[-79.0385801,9.5650343],[-79.0340362,9.5641642],[-79.0290873,9.5623325],[-79.0231843,9.5601811],[-79.0172419,9.558335],[-79.0125716,9.5566182],[-79.0095446,9.5541517],[-79.0082779,9.5506746],[-79.0088831,9.546498],[-79.0106643,9.543124],[-79.0137142,9.5412493],[-79.0175517,9.5404825],[-79.0218361,9.5401556],[-79.0265119,9.5401587],[-79.0316456,9.5400637],[-79.0372103,9.5396244],[-79.0421027,9.5384103],[-79.0463997,9.5366011],[-79.0504513,9.5344939],[-79.0544435,9.5320553],[-79.0585048,9.5291827],[-79.0625417,9.5257081],[-79.0661114,9.5225633],[-79.0688652,9.519211],[-79.0709211,9.5155688],[-79.0725708,9.5117913],[-79.0736201,9.5078775],[-79.0738773,9.5038066],[-79.0739008,9.4995688],[-79.0740784,9.4950558],[-79.0742154,9.4900569],[-79.0738611,9.4845639],[-79.0732332,9.4796392],[-79.0724461,9.4754074],[-79.0720035,9.4717511],[-79.0724607,9.4684207],[-79.0727366,9.4649764],[-79.0719503,9.461433],[-79.0701963,9.4578369],[-79.0680171,9.4537807],[-79.0650653,9.4492188],[-79.0605993,9.4446127],[-79.0559637,9.4416445],[-79.0514459,9.4402584],[-79.047133,9.4398902],[-79.0430374,9.4399154],[-79.0393312,9.439996],[-79.0361689,9.4392463],[-79.0336293,9.4373151],[-79.0314502,9.4349698],[-79.0286369,9.4333408],[-79.0251117,9.4329748],[-79.0211207,9.4334524],[-79.0165324,9.4338772],[-79.0112299,9.4340677],[-79.0063409,9.4343166],[-79.0020491,9.4345872],[-78.9982247,9.4347703],[-78.9947224,9.4357978],[-78.9915925,9.4377671],[-78.9884336,9.4399235],[-78.9851065,9.4418616],[-78.9820106,9.4439387],[-78.9796428,9.44647],[-78.9781274,9.4493019],[-78.9762955,9.4517763],[-78.9733339,9.4533745],[-78.9694722,9.454021],[-78.9649248,9.4537013],[-78.9596463,9.4525362],[-78.9536071,9.4503174],[-78.9477586,9.4475654],[-78.9427264,9.445207],[-78.9383217,9.4432592],[-78.9342384,9.4416569],[-78.9304046,9.4398271],[-78.92668,9.4378094],[-78.923141,9.435331],[-78.9197984,9.4321712],[-78.9164563,9.4283177],[-78.9130592,9.4237577],[-78.9096851,9.4195466],[-78.9055158,9.4160666],[-78.9000872,9.4135246],[-78.8941866,9.4124695],[-78.8889674,9.4120306],[-78.8843843,9.4114136],[-78.8801958,9.4108051],[-78.8763132,9.4104909],[-78.8726506,9.4112291],[-78.8691599,9.4131264],[-78.8651103,9.4153659],[-78.8603824,9.4175091],[-78.8560617,9.4193526],[-78.8520583,9.4203558],[-78.8481798,9.4200183],[-78.8443401,9.4187826],[-78.8404429,9.4172887],[-78.8365419,9.4159361],[-78.8326517,9.4152315],[-78.8289698,9.4152312],[-78.8256363,9.4164404],[-78.822696,9.418478],[-78.8196472,9.4204708],[-78.8164285,9.4218025],[-78.8131841,9.4221704],[-78.8098129,9.4219321],[-78.8061087,9.4223272],[-78.8021455,9.4236319],[-78.7977602,9.4255402],[-78.7927321,9.4280785],[-78.7870349,9.4312722],[-78.7826803,9.4347309],[-78.7791012,9.437984],[-78.7749441,9.4403404],[-78.7705602,9.4413077],[-78.7658609,9.4418146],[-78.7607276,9.4427557],[-78.7558847,9.443352],[-78.7513975,9.4435275],[-78.747195,9.4435464],[-78.7431925,9.4436925],[-78.7392494,9.4433063],[-78.7354498,9.442408],[-78.7317815,9.441599],[-78.7281198,9.4414885],[-78.7244339,9.441438],[-78.7203081,9.4403824],[-78.7157621,9.4385492],[-78.7113539,9.4373889],[-78.7071241,9.4369531],[-78.7029333,9.4363695],[-78.698792,9.4355042],[-78.6947547,9.4342421],[-78.6908184,9.4326678],[-78.6868401,9.4311718],[-78.6828059,9.4299064],[-78.6787226,9.4287999],[-78.6746994,9.4275628],[-78.6707116,9.4261883],[-78.666626,9.4251265],[-78.6624779,9.4246017],[-78.6584182,9.424533],[-78.6545978,9.4243582],[-78.6510143,9.4234455],[-78.6475246,9.4224374],[-78.6438931,9.4221637],[-78.6402422,9.4225125],[-78.6364507,9.4224929],[-78.6325099,9.4219122],[-78.6284452,9.4209419],[-78.6240058,9.4201144],[-78.6187785,9.4196141],[-78.6121044,9.4195493],[-78.6039737,9.4202526],[-78.5974506,9.4218927],[-78.5922663,9.4240282],[-78.5875813,9.4262262],[-78.5826485,9.427706],[-78.5781325,9.4278175],[-78.573857,9.4273253],[-78.5697422,9.4267419],[-78.565655,9.4263185],[-78.5614879,9.4254758],[-78.5571757,9.424026],[-78.5527442,9.4216703],[-78.5482695,9.4196099],[-78.5436615,9.4176624],[-78.5387259,9.4157485],[-78.5341699,9.4146967],[-78.5301005,9.4141762],[-78.5264076,9.413029],[-78.5232024,9.4110547],[-78.5204675,9.4085482],[-78.5175501,9.4063966],[-78.5139489,9.4054795],[-78.5097696,9.4058757],[-78.5050302,9.4072088],[-78.4995725,9.40864],[-78.4939384,9.4091447],[-78.4879727,9.4090687],[-78.4824523,9.4086311],[-78.4770833,9.4075708],[-78.4715141,9.4063718],[-78.4665243,9.4056583],[-78.4620531,9.4053995],[-78.4578095,9.4048241],[-78.4536057,9.403956],[-78.4493203,9.4028015],[-78.4447699,9.4013282],[-78.43976,9.399204],[-78.4342396,9.3961828],[-78.4290811,9.3925492],[-78.4249159,9.3890839],[-78.4215568,9.3857271],[-78.4185286,9.3826094],[-78.4153385,9.380045],[-78.4119109,9.3781425],[-78.4081417,9.377064],[-78.4041922,9.3763879],[-78.400163,9.3755118],[-78.3961697,9.374099],[-78.3922083,9.371956],[-78.3879305,9.3692027],[-78.3831526,9.3659931],[-78.3780526,9.363347],[-78.3726083,9.3607584],[-78.3671758,9.3586822],[-78.3612937,9.3566651],[-78.3544005,9.3537498],[-78.3469661,9.3502316],[-78.3407108,9.3470527],[-78.3355155,9.3454175],[-78.3307247,9.3443937],[-78.3255571,9.342433],[-78.3198922,9.3394272],[-78.3157969,9.3359531],[-78.312736,9.3326097],[-78.3096643,9.3299934],[-78.3060221,9.3284806],[-78.3018311,9.3275298],[-78.2970901,9.3266937],[-78.2919359,9.3253272],[-78.2872981,9.3239688],[-78.2832341,9.3224437],[-78.2792244,9.3210788],[-78.2750334,9.3193038],[-78.2701222,9.3170879],[-78.2640409,9.3139728],[-78.2569583,9.3091333],[-78.2515032,9.3039219],[-78.2470424,9.3000059],[-78.2427364,9.2975564],[-78.2380976,9.2961616],[-78.2327896,9.2951767],[-78.2265701,9.293825],[-78.2200589,9.2917541],[-78.2130736,9.2892317],[-78.2071646,9.2872214],[-78.2022165,9.2856439],[-78.1978146,9.2843958],[-78.1937475,9.283288],[-78.1899136,9.2822244],[-78.1860423,9.2818841],[-78.1821935,9.282404],[-78.1783366,9.2830727],[-78.1743587,9.2829265],[-78.1702971,9.2817337],[-78.1659534,9.2796398],[-78.1605716,9.277035],[-78.1532587,9.2744312],[-78.1452317,9.2718779],[-78.1399051,9.2691304],[-78.1370237,9.2662533],[-78.1347032,9.2639156],[-78.1322346,9.2629766],[-78.1299262,9.2637302],[-78.1280016,9.2651643],[-78.1257073,9.2656054],[-78.1225908,9.2640735],[-78.118151,9.2610487],[-78.1121695,9.2571364],[-78.1054495,9.2542907],[-78.0976979,9.252297],[-78.0895626,9.2509604],[-78.0827273,9.2498971],[-78.0766765,9.2490753],[-78.0707561,9.2486305],[-78.0656941,9.2480045],[-78.0613917,9.2469137],[-78.0575591,9.2449953],[-78.053736,9.2425544],[-78.0499218,9.2393646],[-78.0462614,9.2353227],[-78.0433378,9.2312444],[-78.0407482,9.2274038],[-78.0382901,9.2237621],[-78.0358375,9.2202359],[-78.0327193,9.2169993],[-78.0287076,9.2140103],[-78.0241314,9.2108487],[-78.0200567,9.2079004],[-78.0166239,9.2050812],[-78.0141129,9.2019722],[-78.0125995,9.1983985],[-78.0117333,9.1946004],[-78.010942,9.1909107],[-78.0092936,9.1876404],[-78.0066047,9.185179],[-78.0031749,9.1836571],[-77.9993566,9.1829061],[-77.9954719,9.1820176],[-77.9917696,9.1798697],[-77.9884261,9.1761988],[-77.9852354,9.1725897],[-77.981941,9.169454],[-77.9786853,9.1665248],[-77.9754362,9.163789],[-77.9722719,9.1611933],[-77.9693565,9.1585198],[-77.9670104,9.1556955],[-77.9656587,9.1523961],[-77.9645532,9.1489284],[-77.9625919,9.1455949],[-77.9596366,9.1425112],[-77.9559724,9.1393728],[-77.9521964,9.1355104],[-77.9492214,9.1312591],[-77.9465116,9.1266464],[-77.9437752,9.1217222],[-77.9415509,9.1172354],[-77.9391732,9.113417],[-77.9364086,9.1103608],[-77.9333854,9.1081948],[-77.9302276,9.1073135],[-77.9272661,9.1076987],[-77.9246609,9.1080289],[-77.9223335,9.1068706],[-77.920173,9.1044822],[-77.9177391,9.1015983],[-77.9152795,9.0984119],[-77.912862,9.0952037],[-77.9104833,9.0922076],[-77.9086572,9.0890888],[-77.9074147,9.0857415],[-77.9058742,9.0825839],[-77.9035812,9.0802703],[-77.9006948,9.0793444],[-77.8977664,9.0796451],[-77.8950666,9.0798508],[-77.8923702,9.0786056],[-77.8894664,9.0763928],[-77.8862916,9.0737965],[-77.8828674,9.071078],[-77.8792962,9.0680853],[-77.8755004,9.0647512],[-77.8712338,9.0615885],[-77.8673217,9.0598284],[-77.8641243,9.060193],[-77.8621993,9.0628548],[-77.8617569,9.067349],[-77.8624399,9.0730816],[-77.8627539,9.0786422],[-77.8616042,9.082514],[-77.8591466,9.0843405],[-77.8559237,9.0841488],[-77.8523949,9.0825918],[-77.8485887,9.0804364],[-77.8445184,9.0777238],[-77.8399597,9.0743426],[-77.8348411,9.0698173],[-77.8299369,9.0643084],[-77.8257899,9.0579853],[-77.8220474,9.0505461],[-77.8194378,9.0432394],[-77.8172618,9.0366372],[-77.8139792,9.0300639],[-77.80877,9.0232554],[-77.8032591,9.0183603],[-77.7975015,9.0150784],[-77.7924536,9.0122535],[-77.7879715,9.0089019],[-77.7834989,9.0047481],[-77.7796275,9.0001083],[-77.7760076,8.9960109],[-77.7726454,8.9917693],[-77.7693072,8.9872247],[-77.7666554,8.9829804],[-77.7646902,8.9789974],[-77.7635472,8.9749484],[-77.7631551,8.9706737],[-77.7631264,8.9659307],[-77.7627585,8.9602797],[-77.762454,8.9536217],[-77.7624709,8.9479538],[-77.7619675,8.9432278],[-77.7604867,8.9393369],[-77.7579852,8.9362762],[-77.7546349,8.9340531],[-77.7509443,8.93221],[-77.7474104,8.9300767],[-77.7443078,8.9273497],[-77.7416339,8.924043],[-77.7392202,8.9201933],[-77.7366143,8.9159609],[-77.7334019,8.9115755],[-77.7305829,8.9075408],[-77.7281986,8.9037398],[-77.7256803,8.9003054],[-77.7228207,8.897187],[-77.7197975,8.8938702],[-77.7165315,8.8900973],[-77.7126328,8.886163],[-77.7087232,8.8828879],[-77.7048937,8.8801761],[-77.7011895,8.8775471],[-77.6974434,8.8748289],[-77.6934802,8.8717909],[-77.6890234,8.8686642],[-77.6851401,8.8656642],[-77.6820149,8.8626107],[-77.6792708,8.8594536],[-77.6767785,8.8561416],[-77.6740605,8.852954],[-77.6707551,8.8499819],[-77.6669928,8.8465435],[-77.6624888,8.8425777],[-77.6578907,8.8381962],[-77.6527482,8.8330356],[-77.6467751,8.8270093],[-77.641138,8.8229182],[-77.635763,8.8212746],[-77.6318315,8.82184],[-77.6298218,8.8241201],[-77.6295362,8.8272069],[-77.6298832,8.8302828],[-77.6294523,8.8327966],[-77.6275414,8.8341548],[-77.624834,8.8342241],[-77.6218725,8.8327635],[-77.6188303,8.8304352],[-77.6160276,8.8275043],[-77.6135325,8.8242908],[-77.6111842,8.8210924],[-77.6084743,8.8182457],[-77.6056088,8.8153331],[-77.6024144,8.8122177],[-77.5990038,8.8084599],[-77.5954139,8.8039113],[-77.5919228,8.7994451],[-77.589072,8.7947136],[-77.5877215,8.790224],[-77.5873246,8.7860636],[-77.5866896,8.7823007],[-77.5850547,8.7791997],[-77.5824799,8.7769074],[-77.5796109,8.7748185],[-77.5767914,8.7722985],[-77.5736956,8.7698205],[-77.5701889,8.7678931],[-77.5663104,8.7668108],[-77.5623227,8.766347],[-77.5584523,8.7663004],[-77.5549289,8.765842],[-77.5519471,8.7640928],[-77.5497609,8.7613255],[-77.5488655,8.7576521],[-77.5494116,8.7531993],[-77.550725,8.7481383],[-77.5522361,8.743578],[-77.5535483,8.7395567],[-77.5539083,8.7356013],[-77.5534972,8.7316289],[-77.5522985,8.7277292],[-77.5506603,8.7238845],[-77.5490336,8.7199622],[-77.5472168,8.7161139],[-77.5450092,8.7125242],[-77.5423742,8.709258],[-77.5394432,8.7061831],[-77.5364898,8.7028211],[-77.5332521,8.6990623],[-77.5286931,8.6953354],[-77.5233712,8.6924583],[-77.5184993,8.6902474],[-77.5140848,8.6884587],[-77.5100371,8.6866989],[-77.5061833,8.6849282],[-77.5022352,8.6835355],[-77.4982657,8.6823571],[-77.4944675,8.6808046],[-77.4909356,8.6785594],[-77.4874015,8.6756379],[-77.4826525,8.6725488],[-77.4765724,8.669451],[-77.4712491,8.6668002],[-77.466838,8.6644032],[-77.4632379,8.6618754],[-77.4601673,8.6591327],[-77.4570025,8.6567635],[-77.4533922,8.6553863],[-77.4494944,8.6551569],[-77.4455537,8.6559791],[-77.4416573,8.6573066],[-77.437599,8.6583722],[-77.4332193,8.6586683],[-77.4284604,8.6582318],[-77.4233063,8.6572559],[-77.4186014,8.6570627],[-77.4144825,8.6579132],[-77.4108178,8.6594308],[-77.4074968,8.6615198],[-77.4044104,8.6639114],[-77.4008275,8.6656947],[-77.3962734,8.6661312],[-77.3918966,8.6654553],[-77.3877608,8.6642927],[-77.3836269,8.6633363],[-77.3795154,8.6623798],[-77.3754606,8.6612826],[-77.3716318,8.6596454],[-77.3682488,8.6567777],[-77.3652513,8.6528492],[-77.3629526,8.6491315],[-77.3621486,8.6450858],[-77.3630141,8.6406027],[-77.3640428,8.6363431],[-77.3642807,8.6323785],[-77.3632368,8.6288356],[-77.3612399,8.6257364],[-77.3588474,8.6228425],[-77.3558712,8.6205347],[-77.3525336,8.6187557],[-77.3491183,8.6168138],[-77.3453691,8.6149701],[-77.3412155,8.6133336],[-77.3367939,8.6113559],[-77.3324613,8.6086312],[-77.3294374,8.6055142],[-77.3275873,8.6020753],[-77.3257455,8.5985294],[-77.3233769,8.5949946],[-77.3210602,8.5910167],[-77.3196897,8.5864899],[-77.3203402,8.5826737],[-77.3228655,8.580152],[-77.326734,8.579283],[-77.331328,8.580344],[-77.3352498,8.5825839],[-77.3381457,8.5856446],[-77.3402813,8.5890358],[-77.3422784,8.5921735],[-77.3450227,8.5942018],[-77.3486899,8.5943375],[-77.3526251,8.5925251],[-77.3551811,8.5897362],[-77.3557262,8.5866196],[-77.3543299,8.5837245],[-77.3521225,8.5810241],[-77.3503058,8.5781989],[-77.3496656,8.5754575],[-77.3506875,8.5732059],[-77.3530068,8.5714594],[-77.3557884,8.5697981],[-77.3589122,8.568622],[-77.3622655,8.5675048],[-77.365591,8.5658055],[-77.3689744,8.5639465],[-77.372242,8.5620471],[-77.3748546,8.5594847],[-77.3765389,8.5561813],[-77.3778342,8.5525022],[-77.3785976,8.548597],[-77.3785083,8.5445855],[-77.3776496,8.540636],[-77.376148,8.5369074],[-77.3741081,8.5335728],[-77.3711079,8.5309644],[-77.3672863,8.5290494],[-77.3631589,8.5271936],[-77.3599788,8.5237031],[-77.3581952,8.519608],[-77.3572579,8.5153961],[-77.3562734,8.5113267],[-77.3548277,8.5075638],[-77.3532033,8.5040115],[-77.3508658,8.5009532],[-77.3478851,8.4986064],[-77.344841,8.4968359],[-77.3426103,8.4951044],[-77.3421166,8.4925719],[-77.3431306,8.4894403],[-77.3449168,8.485854],[-77.34645,8.481381],[-77.3473204,8.4761062],[-77.3478046,8.4712317],[-77.3485475,8.466884],[-77.3492387,8.4630127],[-77.3494701,8.459785],[-77.3480479,8.4572362],[-77.344875,8.4559122],[-77.3409349,8.4559782],[-77.3382575,8.4575892],[-77.3373708,8.4601884],[-77.3371938,8.4628919],[-77.3362185,8.4651037],[-77.3343752,8.4660812],[-77.3320766,8.4652148],[-77.3296308,8.4633698],[-77.3267372,8.4618768],[-77.3235094,8.4615915],[-77.3203985,8.4621504],[-77.317577,8.4623613],[-77.3148131,8.4611038],[-77.3117919,8.4588744],[-77.3086999,8.4558287],[-77.3056808,8.4520297],[-77.3031048,8.4473191],[-77.3012743,8.4427646],[-77.3002608,8.4384625],[-77.2997298,8.434431],[-77.2996954,8.4306714],[-77.3004015,8.4269719],[-77.3011726,8.423161],[-77.3019532,8.419344],[-77.3024347,8.4156069],[-77.3019788,8.4119525],[-77.3009952,8.4083918],[-77.3002679,8.4047098],[-77.3000897,8.4010012],[-77.2995856,8.3974752],[-77.2979101,8.3944702],[-77.2951313,8.3922364],[-77.2919046,8.3903267],[-77.2886361,8.3879716],[-77.2851561,8.3851141],[-77.281138,8.3819693],[-77.276554,8.3785511],[-77.2720801,8.3754707],[-77.2677148,8.3725275],[-77.2634274,8.3693236],[-77.2595533,8.3665149],[-77.2563048,8.3634043],[-77.2533968,8.3598703],[-77.2506587,8.3557131],[-77.2476783,8.3511571],[-77.2449105,8.3470815],[-77.2416605,8.3437473],[-77.237784,8.3407829],[-77.2335833,8.3372186],[-77.2298392,8.3330618],[-77.2259458,8.3281453],[-77.22177,8.322251],[-77.2183497,8.3168111],[-77.215415,8.3116883],[-77.2129848,8.3064374],[-77.2114655,8.3016039],[-77.2102921,8.297091],[-77.2088509,8.2925508],[-77.2074362,8.2873515],[-77.2063051,8.2812147],[-77.2054179,8.2752449],[-77.2039242,8.2707096],[-77.201498,8.2676733],[-77.1987612,8.2654393],[-77.1965635,8.2628845],[-77.1953504,8.2599109],[-77.1952808,8.2563596],[-77.1948383,8.251904],[-77.1926364,8.2462933],[-77.1884724,8.2396818],[-77.184896,8.2340745],[-77.1822689,8.2293539],[-77.1804429,8.2250329],[-77.1794606,8.2204718],[-77.1784652,8.2157781],[-77.1761403,8.2120462],[-77.1726079,8.2089567],[-77.1685535,8.2055882],[-77.1649465,8.2023959],[-77.1622207,8.1990079],[-77.1602471,8.1954712],[-77.1592289,8.1918081],[-77.1593,8.188096],[-77.1599228,8.184509],[-77.1599519,8.180832],[-77.1590218,8.1771701],[-77.1576365,8.1735832],[-77.1565257,8.1699797],[-77.1555916,8.1667215],[-77.1541054,8.1644927],[-77.1521625,8.1641486],[-77.1505612,8.1657443],[-77.1494909,8.1680912],[-77.1481421,8.1696908],[-77.1461229,8.1691269],[-77.144189,8.1659577],[-77.143019,8.1606231],[-77.1432358,8.1547719],[-77.1445589,8.149939],[-77.1468677,8.1462946],[-77.1500356,8.1436552],[-77.153707,8.1412894],[-77.1574038,8.1383081],[-77.1604763,8.134368],[-77.1616715,8.1302932],[-77.1607189,8.126372],[-77.1581472,8.1225803],[-77.1546379,8.1188479],[-77.151515,8.115466],[-77.1488179,8.1123105],[-77.145901,8.1095991],[-77.1430526,8.1069501],[-77.1409414,8.1037993],[-77.1399538,8.1000709],[-77.1401024,8.0959861],[-77.1411949,8.09171],[-77.1434303,8.0872818],[-77.146593,8.0825409],[-77.149811,8.0777766],[-77.1533239,8.0729428],[-77.1563826,8.0684597],[-77.1590213,8.064062],[-77.1614195,8.0594345],[-77.1632799,8.0542964],[-77.1640275,8.0495818],[-77.1634891,8.0454951],[-77.1618914,8.0421146],[-77.1599191,8.0392887],[-77.1587256,8.0361508],[-77.1587483,8.0326319],[-77.1598598,8.0290237],[-77.1614396,8.0255233],[-77.1626405,8.0222308],[-77.1624053,8.019242],[-77.1601986,8.0170677],[-77.1565489,8.0160312],[-77.152434,8.0159157],[-77.1498398,8.0153145],[-77.149776,8.013698],[-77.1516431,8.0115645],[-77.1543672,8.0091154],[-77.1570002,8.0061912],[-77.1590609,8.0029295],[-77.160267,7.9996396],[-77.1600681,7.9964574],[-77.1587513,7.993535],[-77.1574762,7.9902161],[-77.1566806,7.9862901],[-77.1561916,7.9820355],[-77.1556346,7.9780569],[-77.153852,7.9759291],[-77.1511427,7.976318],[-77.1481849,7.9788819],[-77.1453396,7.982795],[-77.1432589,7.9863926],[-77.1415124,7.988628],[-77.1387899,7.9884798],[-77.1348985,7.9857556],[-77.1312089,7.9830956],[-77.1275832,7.9818658],[-77.124238,7.9822306],[-77.1214154,7.9832437],[-77.1190261,7.983367],[-77.1176903,7.9817561],[-77.1178818,7.9791363],[-77.1197355,7.9763753],[-77.1226002,7.9736079],[-77.1263091,7.9710294],[-77.1301766,7.967988],[-77.1324969,7.9645292],[-77.132951,7.9608639],[-77.1318841,7.9572793],[-77.1300917,7.9537948],[-77.1275861,7.9506177],[-77.1246568,7.9475851],[-77.1209665,7.9449527],[-77.1163977,7.9428438],[-77.1121595,7.9405373],[-77.1081565,7.9381097],[-77.1047795,7.9352],[-77.1032036,7.9313564],[-77.1013408,7.927439],[-77.0985989,7.9235843],[-77.095517,7.9193924],[-77.0932208,7.9153435],[-77.0917912,7.9114078],[-77.0906779,7.9076604],[-77.0898777,7.9041211],[-77.0886495,7.9009954],[-77.0874384,7.8985522],[-77.0874967,7.8965798],[-77.0894742,7.8951752],[-77.0926197,7.894075],[-77.0961184,7.8925926],[-77.0994308,7.8904698],[-77.1019878,7.8869337],[-77.1036625,7.8820712],[-77.1047636,7.8772311],[-77.1056969,7.8726466],[-77.1071989,7.8682947],[-77.1097473,7.8641805],[-77.1134539,7.8603883],[-77.1172591,7.8572654],[-77.1211374,7.8549689],[-77.1251144,7.8535174],[-77.1291319,7.8528375],[-77.1329993,7.852533],[-77.1365457,7.8523702],[-77.1398169,7.851272],[-77.1427079,7.8490692],[-77.1456744,7.8463964],[-77.1491409,7.8435289],[-77.153251,7.8403471],[-77.1585644,7.837239],[-77.1643545,7.8347601],[-77.1696416,7.8326541],[-77.1748783,7.8308509],[-77.1810859,7.8296305],[-77.1890435,7.8290547],[-77.1969831,7.8288623],[-77.204307,7.8286288],[-77.2117383,7.8284283],[-77.2189833,7.8281292],[-77.2256285,7.8277356],[-77.2322095,7.8271673],[-77.2382263,7.8258987],[-77.243813,7.8238346],[-77.2481153,7.8213918],[-77.2507943,7.8182381],[-77.2515724,7.8139431],[-77.2510592,7.8087218],[-77.2502664,7.8037335],[-77.2495219,7.7991007],[-77.2486946,7.7947054],[-77.2478031,7.790279],[-77.247186,7.7852943],[-77.2467638,7.7793203],[-77.2468399,7.7722955],[-77.2475619,7.7662208],[-77.2488307,7.7609203],[-77.2505727,7.7558329],[-77.2529936,7.7508463],[-77.2559259,7.7469217],[-77.2598534,7.7440589],[-77.2643858,7.7415371],[-77.2680968,7.7387223],[-77.2710389,7.7356592],[-77.2739601,7.7327543],[-77.2770786,7.7302091],[-77.2805671,7.7284143],[-77.2842269,7.7274859],[-77.2879665,7.7277795],[-77.2915906,7.7287391],[-77.2949215,7.7297314],[-77.2979973,7.7296008],[-77.3002429,7.7280134],[-77.3011701,7.7253092],[-77.3014305,7.7223207],[-77.3024269,7.7196591],[-77.3047361,7.7181177],[-77.3079733,7.7178345],[-77.311642,7.7178863],[-77.3152524,7.7178337],[-77.318477,7.7167183],[-77.3209104,7.7143398],[-77.3226253,7.7112138],[-77.3244849,7.7079141],[-77.3265348,7.7045738],[-77.3288391,7.7014762],[-77.3317895,7.69915],[-77.3353681,7.6977521],[-77.3392633,7.6968151],[-77.3431584,7.6957673],[-77.3468991,7.6945048],[-77.3506605,7.6935465],[-77.3542619,7.6926928],[-77.3572089,7.6912795],[-77.358756,7.6888551],[-77.3584979,7.6859714],[-77.3566699,7.6834261],[-77.3537529,7.6817898],[-77.3503192,7.6813118],[-77.3469001,7.6812806],[-77.3436553,7.6806812],[-77.3405013,7.679565],[-77.3376474,7.6784599],[-77.3358905,7.6768783],[-77.3361601,7.6746285],[-77.3383797,7.6722006],[-77.3416497,7.6691568],[-77.3450304,7.6647056],[-77.3476329,7.6591563],[-77.3496533,7.6519489],[-77.3519369,7.642961],[-77.3544006,7.635174],[-77.3565876,7.6292924],[-77.3588411,7.6247717],[-77.3610336,7.6208134],[-77.3631901,7.6169397],[-77.3658181,7.6129701],[-77.3692539,7.6084076],[-77.373868,7.6023846],[-77.3801096,7.5942878],[-77.3867194,7.5855114],[-77.3934802,7.5751371],[-77.3981832,7.5656257],[-77.4006362,7.5584917],[-77.4017294,7.5530572],[-77.4024588,7.548576],[-77.4037053,7.544661],[-77.4056732,7.541146],[-77.4079309,7.537725],[-77.410304,7.534378],[-77.4124823,7.5309781],[-77.414124,7.5272294],[-77.4159189,7.5232404],[-77.4184673,7.5190834],[-77.4216631,7.5145674],[-77.4252863,7.5105733],[-77.429352,7.5069159],[-77.4340107,7.5035476],[-77.4384259,7.5008473],[-77.4424868,7.4984969],[-77.4463291,7.4961709],[-77.4501383,7.4933356],[-77.4543485,7.4899188],[-77.4595045,7.486178],[-77.4647941,7.4826042],[-77.4690535,7.4791715],[-77.4725091,7.4757121],[-77.4757409,7.4721417],[-77.4790707,7.4681137],[-77.4830904,7.463615],[-77.487343,7.4589813],[-77.4921711,7.4541539],[-77.4969405,7.4496276],[-77.5007991,7.4456617],[-77.5040387,7.4421403],[-77.5071755,7.4390801],[-77.5105363,7.4364445],[-77.5142755,7.4342062],[-77.5185911,7.4321788],[-77.5237992,7.4297366],[-77.5306862,7.4268432],[-77.5396398,7.4239329],[-77.5469521,7.4223309],[-77.5527536,7.4213681],[-77.5577257,7.4207022],[-77.5625963,7.4204424],[-77.5682339,7.4209257],[-77.5755458,7.4216491],[-77.5841345,7.4228631],[-77.5935784,7.4247838],[-77.6032639,7.4277462],[-77.6110394,7.4306693],[-77.6177908,7.4331438],[-77.6234953,7.4350721],[-77.62879,7.4368721],[-77.6341896,7.4383971],[-77.6392054,7.4386505],[-77.6440296,7.4376457],[-77.6489173,7.4361975],[-77.6529969,7.4349477],[-77.6562333,7.4327084],[-77.6587914,7.4290892],[-77.6617649,7.424492],[-77.6651966,7.4200114],[-77.6688535,7.415371],[-77.6721604,7.4112641],[-77.6751501,7.4076337],[-77.6781978,7.4044956],[-77.681284,7.4016165],[-77.6844966,7.3989784],[-77.6879002,7.3964229],[-77.6918293,7.3941563],[-77.6965275,7.3920941],[-77.7019771,7.389525],[-77.7076077,7.38658],[-77.7139433,7.3828392],[-77.7216013,7.3782482],[-77.7279034,7.3732005],[-77.7329577,7.3676023],[-77.7369705,7.3634108],[-77.7401716,7.3599655],[-77.742717,7.3567071],[-77.7447102,7.353116],[-77.7457703,7.3485872],[-77.74629,7.343229],[-77.7469161,7.338229],[-77.7477251,7.3336535],[-77.7485172,7.3293414],[-77.749378,7.3252378],[-77.7502354,7.3212627],[-77.7516108,7.3174309],[-77.7533989,7.3137641],[-77.7552444,7.3101896],[-77.7566709,7.3064362],[-77.7580448,7.3026813],[-77.7600069,7.2990577],[-77.7625117,7.2952894],[-77.765421,7.2911471],[-77.768485,7.2864284],[-77.7714126,7.2818982],[-77.7744332,7.2775083],[-77.7780132,7.273437],[-77.782111,7.2707382],[-77.7866403,7.2689348],[-77.7913561,7.267339],[-77.7953143,7.2663807],[-77.7987949,7.266749],[-77.8018782,7.2677997],[-77.8050311,7.2681998],[-77.8080793,7.2670878],[-77.8106412,7.2645792],[-77.8127154,7.261283],[-77.8146511,7.2578126],[-77.8163565,7.254435],[-77.8171962,7.2510428],[-77.8165686,7.2476516],[-77.8150115,7.2442948],[-77.8133845,7.2406813],[-77.8118867,7.2368937],[-77.8100806,7.2331285],[-77.8081487,7.2292526],[-77.806003,7.2252028],[-77.8038146,7.2205932],[-77.8017286,7.2148953],[-77.8000811,7.2077619],[-77.799036,7.2010128],[-77.7987348,7.194599],[-77.7995244,7.1890568],[-77.8014408,7.1840297],[-77.8044144,7.179337],[-77.8078775,7.1757658],[-77.8115894,7.1730324],[-77.8157089,7.1712299],[-77.820412,7.1705264],[-77.8257815,7.1710652],[-77.8315529,7.1730311],[-77.8358184,7.1759778],[-77.8392058,7.1791703],[-77.8423867,7.1821576],[-77.8456276,7.1848455],[-77.8488242,7.1874973],[-77.8520658,7.1900962],[-77.8552832,7.1926536],[-77.8584097,7.1951801],[-77.8612419,7.1979494],[-77.8641626,7.2006712],[-77.8669541,7.2036234],[-77.8698075,7.2066256],[-77.8726975,7.2096134],[-77.875717,7.2124421],[-77.8787823,7.2152213],[-77.8820026,7.2178567],[-77.8851766,7.220604],[-77.8882858,7.2234537],[-77.8912023,7.2264657],[-77.8940475,7.22949],[-77.8967992,7.232556],[-77.8997661,7.2353673],[-77.9031557,7.2376779],[-77.9067338,7.23978],[-77.910237,7.2419137],[-77.9134524,7.2443622],[-77.9165914,7.2469611],[-77.9199795,7.2493139],[-77.9235672,7.2514716],[-77.9271367,7.2539653],[-77.9308693,7.2568202],[-77.9348926,7.2603516],[-77.939626,7.264458],[-77.9442226,7.2688968],[-77.9485225,7.2728059],[-77.9527357,7.2765489],[-77.9571948,7.2802321],[-77.9612148,7.2835104],[-77.9651106,7.2864182],[-77.9689684,7.2897413],[-77.9731054,7.2933794],[-77.9769329,7.296584],[-77.9805035,7.2995049],[-77.983959,7.3022252],[-77.987271,7.3049541],[-77.990333,7.3080265],[-77.9933123,7.3116887],[-77.9966084,7.3160122],[-78.000339,7.3211881],[-78.0045265,7.3262643],[-78.0083894,7.3309279],[-78.0122143,7.3353709],[-78.0154438,7.3397256],[-78.0185237,7.3441685],[-78.0215044,7.3488732],[-78.0234861,7.3533203],[-78.0245841,7.35754],[-78.0252559,7.3616521],[-78.0252218,7.3659245],[-78.0246032,7.370725],[-78.0241264,7.3762368],[-78.0241533,7.3813278],[-78.0251897,7.3859377],[-78.0275023,7.3902543],[-78.0306863,7.3945538],[-78.0336729,7.3986463],[-78.036502,7.4026288],[-78.0391188,7.4068625],[-78.0412427,7.4117113],[-78.0430134,7.4162595],[-78.0446699,7.4202995],[-78.0466502,7.4236191],[-78.0494832,7.4257676],[-78.0529999,7.4265835],[-78.056805,7.4264862],[-78.0605873,7.4262319],[-78.064263,7.4266898],[-78.0679318,7.4279859],[-78.0716875,7.429664],[-78.0754475,7.4316245],[-78.0791363,7.4341515],[-78.0829453,7.4374161],[-78.0871436,7.4410767],[-78.0911197,7.4441922],[-78.0950294,7.4465173],[-78.098893,7.4483976],[-78.1025873,7.4505474],[-78.106163,7.453186],[-78.1099938,7.4562166],[-78.1138996,7.4599337],[-78.1171051,7.4638418],[-78.120047,7.4677555],[-78.1228423,7.4719212],[-78.1252256,7.4766139],[-78.1267514,7.4812373],[-78.1284719,7.4860197],[-78.130402,7.4913852],[-78.1325797,7.4967351],[-78.1348489,7.5022456],[-78.1370992,7.5072158],[-78.1395045,7.5119803],[-78.142853,7.5169659],[-78.1477124,7.5223738],[-78.1536752,7.5272935],[-78.1592935,7.5303124],[-78.1646418,7.5317697],[-78.1697277,7.5329121],[-78.1735537,7.5355234],[-78.1758001,7.5388169],[-78.1762727,7.5427634],[-78.1757449,7.5475333],[-78.1747038,7.5533972],[-78.173516,7.5603626],[-78.1725527,7.5665317],[-78.1722662,7.5722001],[-78.1724098,7.5777047],[-78.1732418,7.5822551],[-78.1741003,7.5860587],[-78.1743473,7.5895399],[-78.1749915,7.5928599],[-78.1764555,7.595486],[-78.1787012,7.5965761],[-78.181134,7.5955939],[-78.1832241,7.5930929],[-78.1851587,7.5900343],[-78.1879699,7.5872458],[-78.1919458,7.5850176],[-78.1964855,7.5828418],[-78.2000867,7.5807444],[-78.2027551,7.5795905],[-78.2047125,7.5804469],[-78.2051752,7.5833079],[-78.2038712,7.5873804],[-78.2017465,7.5911301],[-78.1996118,7.5945304],[-78.1984579,7.5981907],[-78.1984903,7.6021159],[-78.199303,7.6061456],[-78.200767,7.6100717],[-78.2028811,7.6136972],[-78.2055111,7.6169702],[-78.208461,7.61994],[-78.2114198,7.6228756],[-78.2143967,7.6257379],[-78.2172453,7.6287417],[-78.2200274,7.6318467],[-78.223106,7.6348397],[-78.2263664,7.6379984],[-78.2295519,7.6417854],[-78.2326113,7.646252],[-78.2355253,7.6504191],[-78.2383453,7.6544495],[-78.2414257,7.6586088],[-78.2451548,7.6627794],[-78.2489529,7.6661552],[-78.2527568,7.6688287],[-78.2564583,7.6712008],[-78.2601304,7.6733114],[-78.263706,7.6753287],[-78.2669793,7.6777773],[-78.2701155,7.6805875],[-78.2730742,7.6840582],[-78.2764138,7.6880668],[-78.280191,7.6926689],[-78.2829958,7.6979108],[-78.2844873,7.7029443],[-78.2848759,7.707856],[-78.2842923,7.7129135],[-78.2826693,7.7183887],[-78.2812879,7.7240123],[-78.2805596,7.7298748],[-78.2806214,7.7350792],[-78.2813308,7.739704],[-78.2824588,7.743946],[-78.2837732,7.7479672],[-78.2854047,7.7517724],[-78.2869186,7.7556412],[-78.2883323,7.7595747],[-78.2899725,7.7634688],[-78.2919277,7.7672535],[-78.2939954,7.770992],[-78.2958981,7.7747965],[-78.2977406,7.7785792],[-78.2998132,7.7822321],[-78.3019359,7.7858674],[-78.3040531,7.789656],[-78.3063426,7.7936783],[-78.3089087,7.7982235],[-78.3121115,7.803663],[-78.316381,7.8101548],[-78.3202861,7.8163539],[-78.3232151,7.8215715],[-78.325599,7.8261706],[-78.3280742,7.8306989],[-78.3305444,7.8360963],[-78.3332604,7.8424344],[-78.3355546,7.8478699],[-78.3372083,7.8525852],[-78.3387158,7.8568911],[-78.3401128,7.8610493],[-78.3416336,7.8650995],[-78.34333,7.8690211],[-78.3450285,7.8728893],[-78.3468324,7.8767352],[-78.3486058,7.8807029],[-78.3506717,7.884735],[-78.3530877,7.8888839],[-78.3557703,7.8929593],[-78.3587588,7.8955462],[-78.3621153,7.8962844],[-78.3656594,7.8962333],[-78.369368,7.8967241],[-78.3729812,7.898173],[-78.3764701,7.9002312],[-78.3797639,7.9026904],[-78.3829177,7.9053224],[-78.3858197,7.9080915],[-78.3884755,7.9109684],[-78.3911103,7.9137525],[-78.3933125,7.9169637],[-78.3952404,7.9204718],[-78.3973099,7.9241281],[-78.3992864,7.9282439],[-78.4013963,7.9329053],[-78.4036165,7.9380965],[-78.4056074,7.9428651],[-78.4071565,7.9474278],[-78.4084347,7.9520456],[-78.4098993,7.9569069],[-78.4115178,7.962175],[-78.413129,7.967018],[-78.4146476,7.9716166],[-78.4161074,7.9763181],[-78.4171559,7.9815793],[-78.4183223,7.9864616],[-78.4194728,7.9910968],[-78.4204706,7.9958411],[-78.4213887,8.0010102],[-78.4222887,8.0068585],[-78.4237069,8.012552],[-78.4256902,8.0181133],[-78.4274659,8.0230021],[-78.4291283,8.0274571],[-78.4307933,8.0318771],[-78.4333134,8.0364037],[-78.4357997,8.040588],[-78.4377411,8.0448764],[-78.4392672,8.0496955],[-78.440763,8.0550726],[-78.441701,8.0601917],[-78.4419965,8.0651633],[-78.4419313,8.0701028],[-78.4407521,8.0743561],[-78.4388419,8.0780879],[-78.4363561,8.0813361],[-78.4337103,8.08437],[-78.4308253,8.0869514],[-78.4274235,8.0886289],[-78.4237819,8.0894585],[-78.420336,8.0894614],[-78.4174782,8.0880958],[-78.4155835,8.0854907],[-78.4143889,8.0820155],[-78.4131151,8.0782549],[-78.4111553,8.0746852],[-78.4080848,8.0716753],[-78.4036303,8.069467],[-78.3980085,8.0678259],[-78.3924807,8.066487],[-78.3875889,8.064842],[-78.3849189,8.062668],[-78.3848824,8.0601642],[-78.3867462,8.0573706],[-78.3892912,8.0539021],[-78.3916565,8.0496304],[-78.3935675,8.0458076],[-78.3943749,8.0424954],[-78.3933472,8.039859],[-78.3908303,8.0383383],[-78.3875362,8.0379394],[-78.3839568,8.0378367],[-78.3801001,8.0376738],[-78.3759663,8.0375147],[-78.3714077,8.0367814],[-78.36614,8.0356054],[-78.3599174,8.0343946],[-78.3537085,8.0333743],[-78.3486471,8.0323258],[-78.3447062,8.0305741],[-78.3414092,8.028251],[-78.3384704,8.0257324],[-78.3360008,8.0229458],[-78.3337782,8.0199024],[-78.3317206,8.0167866],[-78.3302738,8.0133232],[-78.3289545,8.0097479],[-78.3270131,8.0064184],[-78.3243756,8.0035335],[-78.3214267,8.0009591],[-78.3187298,7.9983659],[-78.3165366,7.9958075],[-78.3152833,7.9928115],[-78.3139541,7.9895124],[-78.312333,7.9861828],[-78.3107833,7.982753],[-78.309061,7.9796287],[-78.3062676,7.9774113],[-78.3024546,7.9764091],[-78.2981008,7.9765319],[-78.2945452,7.9761887],[-78.2919965,7.974239],[-78.2902008,7.9711565],[-78.2886707,7.9675584],[-78.2868628,7.9639696],[-78.2846422,7.9606824],[-78.2820808,7.9578826],[-78.279016,7.9559042],[-78.2758117,7.9544146],[-78.2728398,7.9521145],[-78.270021,7.9485844],[-78.2666254,7.9446108],[-78.2627575,7.9421855],[-78.2596103,7.9424789],[-78.2575379,7.9447861],[-78.2560264,7.9480131],[-78.2543552,7.9513757],[-78.2527213,7.9545107],[-78.2508476,7.9566637],[-78.2486578,7.9571021],[-78.2462673,7.9561242],[-78.2432625,7.9551546],[-78.2393287,7.9554108],[-78.2345572,7.956596],[-78.2294136,7.9575206],[-78.2236203,7.9587397],[-78.2172844,7.960943],[-78.2125329,7.963686],[-78.2092912,7.9665022],[-78.2066597,7.968693],[-78.2037612,7.9698577],[-78.2007025,7.9712288],[-78.1980693,7.9734623],[-78.1964402,7.9767219],[-78.1957672,7.9805524],[-78.1957687,7.9844835],[-78.1958255,7.9880902],[-78.1953792,7.9908067],[-78.1936554,7.9920384],[-78.1910619,7.9918275],[-78.1880623,7.9907836],[-78.1846888,7.9902602],[-78.1813789,7.9910859],[-78.1786708,7.9933108],[-78.176874,7.9965696],[-78.1758817,8.0003164],[-78.1758521,8.0042223],[-78.1765416,8.0080271],[-78.1783095,8.0114888],[-78.181181,8.0146163],[-78.1845475,8.0181976],[-78.1879835,8.0213667],[-78.1911895,8.0243263],[-78.1942154,8.0271333],[-78.196948,8.0301268],[-78.1998472,8.033031],[-78.2028898,8.0358325],[-78.2059705,8.0386576],[-78.2093793,8.0412377],[-78.2132782,8.0434635],[-78.217583,8.045743],[-78.2221419,8.0479964],[-78.2263129,8.0488672],[-78.2298914,8.0482034],[-78.2328878,8.046699],[-78.2348699,8.0440638],[-78.2359049,8.0406655],[-78.2370204,8.0369841],[-78.2386229,8.0334989],[-78.2405827,8.0305209],[-78.2430805,8.028765],[-78.2456731,8.0286935],[-78.2480402,8.0303533],[-78.2502522,8.0328979],[-78.2517101,8.0362077],[-78.2522418,8.0399816],[-78.2523317,8.0439258],[-78.2525339,8.0477074],[-78.2537752,8.05106],[-78.2562424,8.0535532],[-78.2597568,8.0549328],[-78.2639173,8.0555946],[-78.2685065,8.0561838],[-78.2734595,8.057011],[-78.2786905,8.0576139],[-78.2831109,8.057205],[-78.2866276,8.055594],[-78.2898584,8.0537203],[-78.2932584,8.0523771],[-78.2967677,8.0517127],[-78.3004533,8.0518329],[-78.3042293,8.052038],[-78.3080563,8.0516236],[-78.3119006,8.0509214],[-78.315696,8.0499571],[-78.3193692,8.0490866],[-78.3231886,8.0488633],[-78.3271678,8.0489023],[-78.3312916,8.0495466],[-78.3356252,8.0510071],[-78.3402597,8.0530934],[-78.3447926,8.0557155],[-78.3472255,8.0585312],[-78.3457673,8.0606234],[-78.3409877,8.0620513],[-78.3345262,8.0638804],[-78.3268765,8.0666158],[-78.3199079,8.0694321],[-78.314354,8.0717453],[-78.3097983,8.0739865],[-78.3057111,8.0763368],[-78.3016372,8.0788062],[-78.2976278,8.0816746],[-78.2941377,8.0839658],[-78.2914701,8.0866041],[-78.2895406,8.0896905],[-78.2873247,8.0927848],[-78.2846061,8.0956597],[-78.2815769,8.0982669],[-78.2784841,8.1008438],[-78.275161,8.1031973],[-78.2717976,8.1056499],[-78.2685466,8.108317],[-78.2654435,8.1111162],[-78.2623241,8.1138539],[-78.2595363,8.1169204],[-78.2573433,8.1205243],[-78.2555029,8.1245827],[-78.254146,8.1291915],[-78.2522716,8.1332351],[-78.2497076,8.1365205],[-78.2463908,8.1390634],[-78.2427592,8.1416467],[-78.2391095,8.1446979],[-78.2359513,8.1486668],[-78.2343224,8.1528584],[-78.2341333,8.1569678],[-78.2348584,8.160866],[-78.235552,8.1647371],[-78.236234,8.168386],[-78.2375715,8.1714443],[-78.2398612,8.173649],[-78.2423849,8.1756978],[-78.2446161,8.1786304],[-78.2467218,8.1823234],[-78.2492356,8.1863821],[-78.2522749,8.1904001],[-78.2545126,8.1935912],[-78.2548623,8.1963002],[-78.2532124,8.1986798],[-78.2519916,8.2016229],[-78.2522136,8.2050249],[-78.2538373,8.2085589],[-78.2563723,8.2122001],[-78.2594967,8.2160922],[-78.2631941,8.2201177],[-78.2666559,8.2235667],[-78.2696202,8.2269245],[-78.272472,8.2300834],[-78.275516,8.2328619],[-78.2787237,8.2352552],[-78.2818018,8.2375472],[-78.2847016,8.2399836],[-78.2872319,8.2424379],[-78.288759,8.2452565],[-78.2893394,8.2479215],[-78.2884729,8.2498668],[-78.2860856,8.2508648],[-78.2828165,8.2520693],[-78.2792611,8.2543342],[-78.2755874,8.2576162],[-78.2720912,8.261847],[-78.2694354,8.2659906],[-78.2674992,8.2696747],[-78.2655936,8.2724074],[-78.2626232,8.2736717],[-78.2585299,8.2739244],[-78.2544656,8.274853],[-78.2505818,8.2763297],[-78.2465996,8.2775019],[-78.2423799,8.2766918],[-78.2376583,8.2746189],[-78.2331042,8.2727496],[-78.2287309,8.2716111],[-78.22454,8.271198],[-78.2206171,8.2714161],[-78.2170297,8.272579],[-78.2137239,8.2744317],[-78.2101725,8.2762233],[-78.2064986,8.2779848],[-78.2029131,8.2798734],[-78.1996747,8.2823979],[-78.1967285,8.2853862],[-78.1941632,8.2887432],[-78.1919855,8.2923518],[-78.1900399,8.2960147],[-78.1883629,8.2996839],[-78.1866447,8.3032738],[-78.1853937,8.3071401],[-78.1845872,8.311219],[-78.1842652,8.3154152],[-78.1841553,8.3195639],[-78.1840792,8.3235339],[-78.1836934,8.3271613],[-78.1824298,8.3304792],[-78.1810296,8.3340186],[-78.1794841,8.3377135],[-78.176809,8.3412617],[-78.1729051,8.3443112],[-78.1687587,8.3459294],[-78.1646217,8.3461338],[-78.1605525,8.3457349],[-78.1564292,8.3458136],[-78.1523484,8.3466429],[-78.1484529,8.3481662],[-78.1448675,8.3502158],[-78.1418021,8.3526481],[-78.1397944,8.355565],[-78.1393578,8.3587835],[-78.1405661,8.3617998],[-78.1426318,8.3643345],[-78.1443395,8.3665759],[-78.1445172,8.3691309],[-78.1433394,8.3719657],[-78.1416316,8.3748535],[-78.1400333,8.3775344],[-78.1380368,8.3791384],[-78.1355768,8.3790144],[-78.1333815,8.3771541],[-78.1319336,8.3740128],[-78.1311723,8.3702159],[-78.1302725,8.3663301],[-78.1284292,8.3628358],[-78.1250454,8.3601664],[-78.1203063,8.3583099],[-78.1156769,8.3565335],[-78.111418,8.3544981],[-78.1073862,8.3521136],[-78.103579,8.3489391],[-78.0998672,8.3450906],[-78.0962163,8.3418398],[-78.0925798,8.339101],[-78.0891806,8.3358688],[-78.0858002,8.3320815],[-78.0836512,8.3281152],[-78.0828097,8.3241506],[-78.0827385,8.3203609],[-78.0829522,8.3168461],[-78.0823694,8.313405],[-78.0812387,8.3101071],[-78.0806935,8.306815],[-78.0817914,8.3034965],[-78.0849989,8.3007747],[-78.0893329,8.2997222],[-78.0942419,8.2997872],[-78.0984392,8.3007896],[-78.1016861,8.3024496],[-78.1048296,8.3035755],[-78.1083952,8.302882],[-78.1121334,8.3002684],[-78.1154637,8.2973439],[-78.1181248,8.294605],[-78.1194493,8.2915624],[-78.1193155,8.2882946],[-78.1188103,8.2848591],[-78.1186935,8.2815336],[-78.1196468,8.278442],[-78.1211369,8.2751752],[-78.1221777,8.2710426],[-78.1228096,8.2661791],[-78.1227601,8.2617079],[-78.1212512,8.2578739],[-78.1180624,8.254933],[-78.1133771,8.2531816],[-78.1085103,8.252952],[-78.1047829,8.2523494],[-78.1026149,8.2503847],[-78.1015208,8.2472873],[-78.1009809,8.2436896],[-78.1009035,8.2399937],[-78.100343,8.2365091],[-78.0987121,8.2336445],[-78.09633,8.2314879],[-78.0941517,8.2290575],[-78.0928106,8.2254693],[-78.0915134,8.2220211],[-78.0896641,8.2196042],[-78.0872976,8.2186097],[-78.085039,8.2180186],[-78.0829923,8.2159624],[-78.0811205,8.212256],[-78.0793241,8.2073751],[-78.0775241,8.2028756],[-78.0754006,8.1992984],[-78.0723311,8.1971231],[-78.0683848,8.1964366],[-78.0641115,8.1966572],[-78.0611183,8.1984086],[-78.0599417,8.2013286],[-78.0603182,8.2048142],[-78.0611583,8.2085793],[-78.0618508,8.2123281],[-78.0616382,8.2160444],[-78.0605098,8.2197536],[-78.0588725,8.2234044],[-78.0569015,8.2268322],[-78.054549,8.2298841],[-78.0514665,8.2321271],[-78.0479334,8.2336495],[-78.0443746,8.2347999],[-78.0410642,8.2356925],[-78.0383851,8.237451],[-78.0367245,8.2401917],[-78.0356882,8.2430113],[-78.0344243,8.2446994],[-78.0320127,8.2439804],[-78.0285964,8.2408326],[-78.02452,8.2368764],[-78.0195744,8.2327794],[-78.0140334,8.2294735],[-78.0076706,8.2269709],[-78.0013171,8.2254597],[-77.9958302,8.2248254],[-77.990998,8.2246343],[-77.9864606,8.2247082],[-77.9819211,8.2244111],[-77.9772815,8.223416],[-77.9727006,8.2221334],[-77.9692979,8.2220553],[-77.9676583,8.2237368],[-77.9677165,8.2264682],[-77.9682535,8.2295209],[-77.9677268,8.2324721],[-77.965315,8.2348197],[-77.9612213,8.2363459],[-77.955989,8.2370038],[-77.9509124,8.236545],[-77.9459134,8.2350276],[-77.9402322,8.2327236],[-77.932955,8.2297636],[-77.923857,8.2268511],[-77.9132794,8.2238596],[-77.9030239,8.2205693],[-77.8954887,8.2178362],[-77.8901293,8.2152561],[-77.8861214,8.2123494],[-77.882843,8.2089425],[-77.8800348,8.2047489],[-77.8774324,8.1998293],[-77.8744992,8.1954752],[-77.8706661,8.1918147],[-77.8656496,8.1884993],[-77.8597838,8.1850205],[-77.8554565,8.1814897],[-77.8529955,8.177618],[-77.8517596,8.1734551],[-77.8510067,8.1691417],[-77.8503967,8.16477],[-77.8497333,8.1604138],[-77.8491072,8.1560687],[-77.8483803,8.1518099],[-77.8473687,8.1477963],[-77.8456469,8.1444243],[-77.8429358,8.1422411],[-77.8394756,8.1416422],[-77.8358082,8.1424659],[-77.832308,8.1441689],[-77.8292276,8.1462133],[-77.8273123,8.1487414],[-77.8273195,8.1517244],[-77.8289994,8.1546865],[-77.8315879,8.1574097],[-77.8343771,8.1598749],[-77.837187,8.1616898],[-77.8393762,8.163166],[-77.8402842,8.1655102],[-77.8403005,8.168587],[-77.8404818,8.1719871],[-77.841414,8.1752685],[-77.842344,8.1782274],[-77.8419529,8.1809026],[-77.8398461,8.1826203],[-77.8365824,8.1828149],[-77.8327909,8.1811546],[-77.8288296,8.1781253],[-77.8258483,8.1744458],[-77.8234614,8.1705095],[-77.8212798,8.1662969],[-77.81933,8.1614929],[-77.8174411,8.1561185],[-77.8159494,8.1510901],[-77.8144572,8.1465125],[-77.8120891,8.1424224],[-77.8084741,8.1390562],[-77.8045992,8.1370956],[-77.8010145,8.1360514],[-77.7980431,8.1347102],[-77.795731,8.1323609],[-77.7935196,8.1293831],[-77.7913243,8.1260348],[-77.7893589,8.1221503],[-77.7875064,8.1178984],[-77.785418,8.1139056],[-77.7829077,8.1118194],[-77.7803369,8.1120424],[-77.7780489,8.1136563],[-77.7755285,8.1153812],[-77.7729923,8.1169422],[-77.7710188,8.1197428],[-77.7703728,8.1240397],[-77.7709393,8.1283728],[-77.772078,8.1324305],[-77.7729559,8.1363967],[-77.7735036,8.1402013],[-77.7733091,8.1439221],[-77.7731684,8.147669],[-77.7739264,8.151221],[-77.775723,8.1540934],[-77.778347,8.1557438],[-77.7813032,8.1559475],[-77.7839518,8.1557432],[-77.7858575,8.1566433],[-77.7866047,8.1590402],[-77.7868265,8.1625166],[-77.7870526,8.1664862],[-77.7875123,8.1704869],[-77.7886081,8.174177],[-77.7905557,8.1773109],[-77.7927251,8.1800142],[-77.7944993,8.1824661],[-77.7950245,8.1857769],[-77.794833,8.190111],[-77.7952827,8.1942664],[-77.7962818,8.1978932],[-77.7967078,8.2012716],[-77.7959555,8.2042543],[-77.7942523,8.2065733],[-77.7924239,8.2079559],[-77.7909463,8.2075493],[-77.7904154,8.2056468],[-77.7898579,8.2032573],[-77.7882617,8.2015336],[-77.7856012,8.2014338],[-77.7824772,8.2025412],[-77.779096,8.2030007],[-77.7750472,8.2036676],[-77.77029,8.2052005],[-77.7649813,8.206975],[-77.7605766,8.2069455],[-77.7569012,8.2057118],[-77.7537977,8.2037174],[-77.7506298,8.2019413],[-77.747375,8.2008158],[-77.7445725,8.1995094],[-77.7430458,8.1974468],[-77.7431838,8.1950017],[-77.7443157,8.1926285],[-77.7448766,8.1901526],[-77.7438543,8.1881108],[-77.741746,8.1873205],[-77.7395934,8.1882427],[-77.7382193,8.1903962],[-77.7373511,8.1927929],[-77.7358169,8.1950153],[-77.7338858,8.197529],[-77.7322917,8.2006737],[-77.7309021,8.2041086],[-77.7298285,8.207651],[-77.7284651,8.2111278],[-77.7271498,8.2147443],[-77.725418,8.2183222],[-77.7234145,8.2218117],[-77.7216159,8.22539],[-77.7202449,8.2289681],[-77.719156,8.2322216],[-77.7193956,8.2351162],[-77.7218378,8.2371074],[-77.7260382,8.23763],[-77.7301871,8.2366339],[-77.7338243,8.234765],[-77.7370127,8.232932],[-77.7399216,8.2322809],[-77.7423216,8.2336436],[-77.744222,8.2369038],[-77.74571,8.2412847],[-77.7462853,8.245496],[-77.7471555,8.2495755],[-77.7487429,8.2535499],[-77.7507586,8.2577075],[-77.7530387,8.2623781],[-77.7552946,8.267812],[-77.7569693,8.2733152],[-77.7584696,8.2786928],[-77.7602342,8.2830161],[-77.7616418,8.2866763],[-77.7619556,8.2900659],[-77.7611818,8.2932137],[-77.7602404,8.2963598],[-77.7588997,8.2991762],[-77.7566078,8.301522],[-77.7540965,8.3041389],[-77.7520702,8.3072355],[-77.7514712,8.3113159],[-77.7525375,8.3163361],[-77.7551249,8.3220114],[-77.7574773,8.3268086],[-77.7599503,8.330245],[-77.7628935,8.3319423],[-77.7661116,8.3319181],[-77.7692747,8.331184],[-77.772358,8.3310857],[-77.7751347,8.3321486],[-77.7780698,8.3334138],[-77.7808283,8.3344425],[-77.7825478,8.3358193],[-77.7824883,8.3376867],[-77.7813492,8.3399682],[-77.7805941,8.3429343],[-77.7807504,8.3463059],[-77.7810444,8.3498769],[-77.7810307,8.3536199],[-77.7811257,8.3574585],[-77.7820311,8.3612813],[-77.7836143,8.3650328],[-77.7860354,8.3686612],[-77.7891289,8.3724803],[-77.7927513,8.3769115],[-77.7969687,8.3817535],[-77.8011391,8.3850541],[-77.8049842,8.3875661],[-77.8084487,8.3899922],[-77.811753,8.3922348],[-77.8145613,8.3944104],[-77.8161257,8.3967358],[-77.8156981,8.3990631],[-77.8135836,8.4010671],[-77.8107456,8.4032659],[-77.8077432,8.4057153],[-77.8048073,8.4084506],[-77.8025271,8.4119764],[-77.8013353,8.4164359],[-77.8014858,8.4215171],[-77.802948,8.4258308],[-77.8054292,8.4291757],[-77.8082832,8.4318744],[-77.8107822,8.4344391],[-77.8122799,8.4374092],[-77.8130743,8.4406013],[-77.8144292,8.4435859],[-77.8169323,8.4458304],[-77.8202,8.4474808],[-77.8236671,8.4493436],[-77.8270091,8.4516119],[-77.8303653,8.4539105],[-77.8338616,8.4559941],[-77.8373745,8.4580133],[-77.8409575,8.4600489],[-77.8446525,8.4618806],[-77.8484133,8.4635655],[-77.8522073,8.4649259],[-77.8558606,8.4661544],[-77.8592413,8.4681802],[-77.8626675,8.4711383],[-77.8669627,8.4745367],[-77.8713178,8.4779592],[-77.8758025,8.4810919],[-77.8795171,8.483396],[-77.8820169,8.4856342],[-77.88343,8.4884389],[-77.8851062,8.4914813],[-77.8876009,8.4942253],[-77.8905897,8.4966461],[-77.8935524,8.4990381],[-77.8962628,8.5018081],[-77.8989833,8.5046524],[-77.9016595,8.5075464],[-77.9039474,8.510776],[-77.9062881,8.5139847],[-77.9089881,8.5168164],[-77.9116234,8.5194278],[-77.9133134,8.5221413],[-77.9132851,8.5249306],[-77.9115462,8.5276426],[-77.9089577,8.5304028],[-77.9060375,8.5331454],[-77.9033848,8.5360976],[-77.9011334,8.5391157],[-77.9000462,8.5425572],[-77.9004519,8.5462952],[-77.9020048,8.5502034],[-77.9045898,8.5542373],[-77.9078167,8.558477],[-77.9104804,8.5627002],[-77.9131196,8.5667991],[-77.9166651,8.5706393],[-77.920124,8.5741037],[-77.9231501,8.5774129],[-77.9257335,8.5807444],[-77.9278461,8.5841226],[-77.9291904,8.5876738],[-77.9298343,8.5913425],[-77.9308171,8.5950282],[-77.9324098,8.5984948],[-77.9344454,8.6015888],[-77.9362616,8.6044774],[-77.9369865,8.6077765],[-77.936462,8.6112936],[-77.9347267,8.6147041],[-77.9320069,8.6178673],[-77.9282264,8.6208558],[-77.923766,8.6244274],[-77.9195284,8.6284066],[-77.9155315,8.63272],[-77.9121327,8.6365375],[-77.9090636,8.6397613],[-77.9065173,8.6429107],[-77.9042224,8.6458745],[-77.9015271,8.6482944],[-77.8985352,8.6505543],[-77.8956113,8.6530962],[-77.8925562,8.6556349],[-77.8893396,8.6581311],[-77.8859388,8.6609484],[-77.882577,8.6645506],[-77.8794966,8.6690023],[-77.8773555,8.673414],[-77.8757315,8.6774903],[-77.8742767,8.6811311],[-77.872143,8.6841759],[-77.8694301,8.6868432],[-77.86672,8.6896507],[-77.8642051,8.6924986],[-77.8623103,8.6954024],[-77.861414,8.698373],[-77.8605367,8.7009483],[-77.8583356,8.7028455],[-77.8548506,8.7040569],[-77.8518347,8.7061553],[-77.8498959,8.7094266],[-77.8487447,8.7135527],[-77.8484292,8.7182843],[-77.8479284,8.7225637],[-77.846945,8.7262003],[-77.8463812,8.7296774],[-77.8470467,8.7331735],[-77.8484862,8.7366525],[-77.849788,8.7402514],[-77.849897,8.7443943],[-77.8489868,8.748835],[-77.8488319,8.7525954],[-77.8502884,8.7554133],[-77.8526535,8.7575649],[-77.854756,8.7601079],[-77.8557958,8.7632863],[-77.8558701,8.7665876],[-77.8543855,8.7693984],[-77.850468,8.7712582],[-77.8455878,8.771973],[-77.8404123,8.771458],[-77.8361924,8.7702518],[-77.8326548,8.7688882],[-77.8292608,8.7684631],[-77.8264356,8.7693544],[-77.8249843,8.7712446],[-77.8258021,8.7734891],[-77.8287264,8.7753083],[-77.8327583,8.7768449],[-77.8361577,8.779176],[-77.8389391,8.7820233],[-77.8410289,8.7853012],[-77.8428986,8.7886586],[-77.8442833,8.7922445],[-77.8453534,8.7960631],[-77.8463976,8.7999477],[-77.8473191,8.8037832],[-77.8486356,8.807196],[-77.8510392,8.8097214],[-77.8542881,8.8112308],[-77.8579301,8.8119943],[-77.8616981,8.812586],[-77.8654739,8.8136929],[-77.8695864,8.8152644],[-77.8744288,8.816223],[-77.8789196,8.8155204],[-77.8827987,8.8133882],[-77.8854511,8.809944],[-77.8857373,8.8064458],[-77.8838552,8.8035897],[-77.8804555,8.8016506],[-77.8764178,8.8003601],[-77.873345,8.798431],[-77.8712023,8.7958988],[-77.8687349,8.793565],[-77.8655369,8.7921589],[-77.8620173,8.7916042],[-77.8586867,8.7918509],[-77.8561671,8.7920246],[-77.8550104,8.7907678],[-77.8557449,8.787544],[-77.8574017,8.7838562],[-77.859033,8.7800581],[-77.860337,8.7764887],[-77.8616152,8.7737428],[-77.8637067,8.7726103],[-77.8664019,8.7733115],[-77.8696394,8.7747542],[-77.8735809,8.7757781],[-77.8780499,8.7760608],[-77.8821917,8.77688],[-77.8860822,8.7779939],[-77.8895557,8.779692],[-77.8926929,8.7820009],[-77.8957474,8.7844585],[-77.8989256,8.7865891],[-77.9024391,8.7876797],[-77.906028,8.7873409],[-77.9092621,8.7856806],[-77.9117862,8.7829194],[-77.9135062,8.7794229],[-77.915148,8.7757023],[-77.9171768,8.7721706],[-77.9197909,8.769074],[-77.9228824,8.7662603],[-77.9262727,8.7635849],[-77.9300377,8.7610724],[-77.9343986,8.7585874],[-77.939594,8.7558159],[-77.9457694,8.7530033],[-77.9513265,8.751367],[-77.9564022,8.7508442],[-77.9616124,8.7503846],[-77.9675049,8.7488283],[-77.9733657,8.7467688],[-77.9781858,8.7446082],[-77.9818327,8.7418863],[-77.9844302,8.7385615],[-77.9861469,8.7347747],[-77.9872541,8.7308284],[-77.9882155,8.7272244],[-77.9894177,8.7246364],[-77.9914836,8.7239124],[-77.9938411,8.7252071],[-77.9960823,8.7277753],[-77.9987071,8.7305847],[-78.0020426,8.7330052],[-78.0060434,8.7350778],[-78.0104514,8.7374387],[-78.0149036,8.7405018],[-78.0184075,8.7436664],[-78.0206029,8.7470918],[-78.0216778,8.7507324],[-78.0227861,8.7544194],[-78.0243312,8.7579698],[-78.0270219,8.7611938],[-78.031194,8.7637568],[-78.0354653,8.7657093],[-78.0395267,8.7670937],[-78.0432305,8.7681842],[-78.0465002,8.7694928],[-78.0497939,8.7704246],[-78.0530148,8.7706354],[-78.0558452,8.7707244],[-78.0593194,8.770832],[-78.0657995,8.7708703],[-78.0699091,8.7703994],[-78.0729274,8.7680083],[-78.0750746,8.7640769],[-78.0767127,8.758743],[-78.0777475,8.7520621],[-78.0789547,8.7460994],[-78.080628,8.740816],[-78.0832501,8.7359654],[-78.0861322,8.7321603],[-78.0893337,8.729567],[-78.0927658,8.7279244],[-78.0962363,8.7260608],[-78.0994561,8.7232433],[-78.1026027,8.7194983],[-78.1056543,8.7148421],[-78.108237,8.7101716],[-78.1108953,8.7055694],[-78.1145816,8.7010264],[-78.1195562,8.6967945],[-78.1243035,8.6945587],[-78.1284811,8.6942039],[-78.13209,8.6951187],[-78.1356381,8.6960442],[-78.1390519,8.6968269],[-78.1422608,8.6983366],[-78.1453886,8.7003775],[-78.1488687,8.7021743],[-78.1525681,8.703583],[-78.1562388,8.7045911],[-78.1594749,8.7058718],[-78.1619904,8.7083682],[-78.1642386,8.7119727],[-78.1675129,8.716058],[-78.1718167,8.7194777],[-78.1768426,8.7226591],[-78.1817227,8.725796],[-78.1864453,8.7288113],[-78.1899902,8.7312798],[-78.1917368,8.7336144],[-78.191559,8.7363186],[-78.1903036,8.7393124],[-78.1878602,8.7421376],[-78.1844473,8.7450206],[-78.1807248,8.7486559],[-78.1776306,8.7523419],[-78.1747588,8.7556519],[-78.1717653,8.7585811],[-78.1688023,8.7613716],[-78.1658149,8.7638913],[-78.1625644,8.7658778],[-78.1592549,8.7678693],[-78.1562291,8.7703699],[-78.1532391,8.7726043],[-78.1500865,8.7729276],[-78.1466049,8.7720968],[-78.1428981,8.7708635],[-78.1391005,8.769522],[-78.1351745,8.7687274],[-78.1311593,8.7689155],[-78.1272464,8.7699692],[-78.1235751,8.7715967],[-78.1203313,8.7735782],[-78.1178123,8.7760213],[-78.1158285,8.7783787],[-78.1133765,8.7798553],[-78.1102442,8.7806353],[-78.1067125,8.7816707],[-78.1030339,8.7829692],[-78.0991917,8.7844214],[-78.0952398,8.7864212],[-78.0912159,8.7891312],[-78.0871129,8.7923077],[-78.0831696,8.7946078],[-78.079513,8.7963926],[-78.0766516,8.7984271],[-78.0750613,8.8010912],[-78.0745182,8.8036942],[-78.0738527,8.8052481],[-78.0720035,8.8048848],[-78.0711496,8.8039609],[-78.071561,8.8046868],[-78.0743704,8.8083436],[-78.0753098,8.8110473],[-78.0743975,8.8130048],[-78.0731375,8.8153515],[-78.0729189,8.818318],[-78.0739506,8.821365],[-78.076064,8.8239902],[-78.0783847,8.8265026],[-78.0801517,8.8296273],[-78.0814064,8.8332109],[-78.0828115,8.8367773],[-78.0849461,8.8398566],[-78.0879739,8.8421615],[-78.0915285,8.8439848],[-78.0953242,8.8454009],[-78.0991203,8.8467345],[-78.1029969,8.8475833],[-78.1067975,8.8480804],[-78.1104005,8.8492331],[-78.1135592,8.8513648],[-78.1163471,8.8541655],[-78.1193381,8.8571601],[-78.1224277,8.8603693],[-78.1248361,8.8643651],[-78.1256271,8.8683986],[-78.1248246,8.8723748],[-78.1232378,8.8770564],[-78.122245,8.8838809],[-78.1224623,8.8930274],[-78.123168,8.90042],[-78.1237521,8.9061636],[-78.1245195,8.9109417],[-78.1254883,8.9152525],[-78.1264559,8.9193604],[-78.1274841,8.9232734],[-78.1284832,8.9269076],[-78.1291732,8.9301705],[-78.1284992,8.9335096],[-78.1267492,8.9370413],[-78.1245082,8.9409466],[-78.1219867,8.9453364],[-78.1192694,8.9501391],[-78.1171429,8.9546187],[-78.1155728,8.9587252],[-78.114928,8.9627949],[-78.114954,8.9668572],[-78.1153152,8.9709191],[-78.1162979,8.9749144],[-78.1176509,8.9788288],[-78.1194835,8.9824993],[-78.1217379,8.985799],[-78.1238057,8.9889639],[-78.124942,8.9924593],[-78.1248568,8.9962311],[-78.1238811,9.0001965],[-78.1230743,9.0047611],[-78.1237595,9.0103779],[-78.126054,9.015818],[-78.1294315,9.019958],[-78.1334953,9.02315],[-78.138176,9.0252679],[-78.1424919,9.02559],[-78.1462965,9.0246416],[-78.1499937,9.0233051],[-78.1535677,9.0214827],[-78.1571165,9.019549],[-78.1604912,9.0174728],[-78.1637203,9.0154984],[-78.1664711,9.0130991],[-78.1688572,9.0105054],[-78.1716025,9.0081237],[-78.1745855,9.0053067],[-78.177469,9.0015022],[-78.1802828,8.9968309],[-78.1827884,8.9924178],[-78.1850014,8.9883532],[-78.1871904,8.9846508],[-78.1894073,8.9812341],[-78.1912183,8.9777167],[-78.1926586,8.97411],[-78.1943508,8.970577],[-78.1961932,8.9669847],[-78.1978325,8.9631932],[-78.1995274,8.9594466],[-78.2017987,8.9561124],[-78.2047675,8.9533405],[-78.2080684,8.9508247],[-78.2115679,8.9485646],[-78.2155353,8.9469337],[-78.2203369,8.9461306],[-78.2262941,8.9459782],[-78.2335194,8.9467],[-78.240148,8.9478011],[-78.2463359,8.9487256],[-78.2514639,8.9489393],[-78.2557681,8.9490362],[-78.2593343,8.9495395],[-78.2622773,8.9513371],[-78.2649325,8.9539137],[-78.2679317,8.956382],[-78.2713761,8.9581739],[-78.2750909,8.9591599],[-78.2788643,8.9597122],[-78.2826493,8.960748],[-78.2865315,8.9620368],[-78.290425,8.9635322],[-78.2944133,8.9647964],[-78.2984523,8.9655282],[-78.3025337,8.9653492],[-78.3065806,8.9645112],[-78.3107028,8.9636255],[-78.3150844,8.9630298],[-78.3202939,8.963394],[-78.3270807,8.9647273],[-78.3356294,8.9666943],[-78.3430753,8.9685755],[-78.3495324,8.9700736],[-78.3545235,8.9712074],[-78.358301,8.9728541],[-78.361258,8.9752621],[-78.3641727,8.9777883],[-78.3671615,8.9801764],[-78.3706931,8.9818631],[-78.3755061,8.9818792],[-78.3816456,8.9800334],[-78.3880041,8.9771406],[-78.3930903,8.9750948],[-78.3972721,8.9747297],[-78.4010707,8.9755062],[-78.4047156,8.9765459],[-78.4057765,8.9768776],[-78.4057651,8.9755264],[-78.4081831,8.972501],[-78.4109483,8.9706519],[-78.4147281,8.9723514],[-78.4162896,8.971077],[-78.414673,8.9641609],[-78.4161942,8.9603765],[-78.4171708,8.9611379],[-78.4173553,8.9652459],[-78.4188632,8.9677356],[-78.4194726,8.9672235],[-78.421184,8.9640746],[-78.4199298,8.9599658],[-78.4229218,8.9588316],[-78.4244694,8.9588833],[-78.4282127,8.9607146],[-78.4321066,8.960494],[-78.4341778,8.9634567],[-78.4338917,8.9676913],[-78.4353703,8.9709008],[-78.4373803,8.9741269],[-78.4399968,8.9765833],[-78.4412233,8.9804207],[-78.4437379,8.983565],[-78.4452981,8.9850786],[-78.4464836,8.9815734],[-78.4506771,8.9812772],[-78.4488675,8.9843764],[-78.4511598,8.987515],[-78.4533863,8.9895701],[-78.4549033,8.9916248],[-78.4578045,8.9937857],[-78.4604735,8.996287],[-78.4640187,8.9958367],[-78.4623785,8.9929136],[-78.4656873,8.9920196],[-78.4685219,8.9909167],[-78.470279,8.994201],[-78.4727195,8.9966519],[-78.4762645,8.9970241],[-78.4758901,8.9939344],[-78.4788763,8.9912885],[-78.4819609,8.98936],[-78.4800016,8.9863461],[-78.4838826,8.9858446],[-78.4876328,8.9849],[-78.4873589,8.9818785],[-78.4900034,8.9839391],[-78.4900003,8.9875181],[-78.4920245,8.9912535],[-78.4949809,8.9907818],[-78.4988517,8.9913264],[-78.5027208,8.9927491],[-78.5033005,8.995878],[-78.5063399,8.9954142],[-78.509648,8.994514],[-78.5131512,8.99241],[-78.5134413,8.9943116],[-78.5158237,8.9963282],[-78.5162614,9.0006225],[-78.5158713,9.0025236],[-78.5120537,9.0030354],[-78.5123253,9.0068543],[-78.5152278,9.0091492],[-78.5180223,9.0061973],[-78.5178123,9.0085413],[-78.5160395,9.0117335],[-78.5153897,9.0152911],[-78.5189405,9.0145357],[-78.5184386,9.0177326],[-78.516909,9.0204253],[-78.5147403,9.0236552],[-78.5116128,9.0245003],[-78.509085,9.0211589],[-78.506599,9.0241815],[-78.5044974,9.0278437],[-78.5052422,9.0318805],[-78.5035585,9.0350502],[-78.5006536,9.0369733],[-78.4999711,9.0411084],[-78.497974,9.044942],[-78.4952505,9.0529255],[-78.494679,9.0566343],[-78.4921661,9.0576374],[-78.4898605,9.0574921],[-78.4878051,9.0552446],[-78.4845697,9.057788],[-78.4841547,9.0613787],[-78.4812679,9.0638197],[-78.4783607,9.065616],[-78.4745389,9.0650654],[-78.4704706,9.0642222],[-78.4669223,9.0623461],[-78.463184,9.0617791],[-78.4607395,9.0587659],[-78.457778,9.0603814],[-78.4569169,9.063517],[-78.4588788,9.0669685],[-78.4608544,9.0696241],[-78.4568451,9.069332],[-78.4546251,9.0657256],[-78.4532771,9.0622319],[-78.4508342,9.0589805],[-78.4480138,9.0607434],[-78.4457389,9.0643974],[-78.4460778,9.0685449],[-78.4480202,9.0710611],[-78.452132,9.0699876],[-78.4548555,9.0709377],[-78.4528107,9.0743959],[-78.4508925,9.0782812],[-78.4525018,9.0817889],[-78.4518575,9.0858837],[-78.4544695,9.0868383],[-78.456338,9.0932438],[-78.4572766,9.0975087],[-78.4594689,9.1007712],[-78.459568,9.1009945],[-78.4606016,9.1020109],[-78.4643181,9.1047115],[-78.467537,9.1058717],[-78.4686216,9.105791],[-78.472649,9.1042683],[-78.4753209,9.1023215],[-78.4771607,9.1044068],[-78.4801256,9.1044477],[-78.4838025,9.1032181],[-78.4876754,9.1050946],[-78.4910533,9.1077557],[-78.4873804,9.1094838],[-78.4853563,9.111062],[-78.4880192,9.1123134],[-78.4888588,9.1159633],[-78.4900325,9.119437],[-78.4909663,9.1209067],[-78.4931761,9.124177],[-78.4939621,9.1249594],[-78.494425,9.1244462],[-78.5009396,9.1290189],[-78.5051197,9.12862],[-78.5215257,9.1292317],[-78.5239925,9.1322091],[-78.5277461,9.1307769],[-78.5319143,9.1309289],[-78.5360048,9.1317533],[-78.5403789,9.1317839],[-78.5442744,9.1331763],[-78.5448333,9.1348291],[-78.5457619,9.1347861],[-78.548009,9.1330761],[-78.5512378,9.133618],[-78.5554255,9.1329083],[-78.5597727,9.1329308],[-78.5638611,9.1319865],[-78.5676345,9.1326588],[-78.5719809,9.1320874],[-78.5760121,9.1323115],[-78.579775,9.133772],[-78.581527,9.1357015],[-78.5835415,9.1359279],[-78.5881522,9.1354474],[-78.5930792,9.1333211],[-78.5983454,9.1298949],[-78.6024718,9.126834],[-78.6056094,9.1249486],[-78.6084065,9.1249438],[-78.6089017,9.1252251],[-78.6076916,9.1219908],[-78.6072995,9.1176682],[-78.6078527,9.1138431],[-78.6094963,9.1106702],[-78.608415,9.1081488],[-78.6061476,9.1038342],[-78.6046303,9.1019764],[-78.6034203,9.1015891],[-78.6036905,9.1008258],[-78.6032666,9.1003068],[-78.5999455,9.0969366],[-78.5966608,9.0944094],[-78.5938374,9.0935293],[-78.5931056,9.0919876],[-78.5924139,9.0915314],[-78.58906,9.090301],[-78.5857721,9.0907077],[-78.5833755,9.091901],[-78.5833329,9.0956079],[-78.5803695,9.0947473],[-78.574072,9.0990196],[-78.5761383,9.1003144],[-78.5772681,9.1042286],[-78.571287,9.1021714],[-78.5687634,9.1005899],[-78.5668163,9.0975793],[-78.5653045,9.0942544],[-78.5662773,9.0901962],[-78.565898,9.0868755],[-78.5642429,9.0842569],[-78.5675677,9.0854742],[-78.5702275,9.0859179],[-78.5708972,9.0892374],[-78.573038,9.0924382],[-78.5763965,9.091979],[-78.5764538,9.0914301],[-78.5772725,9.0886924],[-78.5775199,9.085526],[-78.5767998,9.0823617],[-78.5766131,9.0815071],[-78.5741412,9.0800026],[-78.5714869,9.0772363],[-78.5688103,9.0759554],[-78.5681214,9.0723225],[-78.5698025,9.0737395],[-78.5738576,9.0747981],[-78.5756769,9.0725799],[-78.5784287,9.0719071],[-78.5793874,9.0706334],[-78.5802732,9.0678126],[-78.582772,9.0654624],[-78.5812444,9.0626824],[-78.5826594,9.0588058],[-78.5847552,9.0576617],[-78.5872978,9.0583225],[-78.5912277,9.0569106],[-78.5938584,9.0540745],[-78.5961423,9.0568289],[-78.5969214,9.0601168],[-78.5942468,9.0611249],[-78.5923075,9.064862],[-78.5926717,9.0665244],[-78.5942533,9.0667742],[-78.5945248,9.0668169],[-78.5964576,9.0655358],[-78.6002433,9.0645073],[-78.599906,9.0609204],[-78.6002687,9.0568272],[-78.6027924,9.054641],[-78.6064427,9.0538574],[-78.608002,9.0503949],[-78.6077961,9.049588],[-78.6117638,9.0501683],[-78.6140719,9.0509429],[-78.6171557,9.0501452],[-78.6208259,9.0482343],[-78.6197765,9.0451324],[-78.6215446,9.0435552],[-78.6240613,9.0444962],[-78.6225097,9.0467066],[-78.6214096,9.0496256],[-78.6209907,9.0523018],[-78.6218585,9.0544113],[-78.6234427,9.0562708],[-78.6247701,9.0584454],[-78.6257806,9.0603618],[-78.6270361,9.0613679],[-78.6283987,9.0617632],[-78.6295464,9.0619681],[-78.631039,9.061335],[-78.6324339,9.060055],[-78.6335267,9.0595334],[-78.634144,9.0610147],[-78.634758,9.0634993],[-78.6362594,9.0648091],[-78.6385345,9.0643567],[-78.6408741,9.0634244],[-78.6433781,9.0625437],[-78.6457202,9.0614719],[-78.6476326,9.0597627],[-78.6491178,9.0582499],[-78.6501872,9.058007],[-78.6505426,9.0595565],[-78.6505091,9.0621626],[-78.6503884,9.0648538],[-78.6508187,9.0668394],[-78.6519334,9.0674437],[-78.6531149,9.0676485],[-78.6542321,9.068669],[-78.6556599,9.0701281],[-78.6578328,9.0709431],[-78.6600753,9.0710799],[-78.6620118,9.0715389],[-78.6637723,9.0722642],[-78.6651642,9.0736314],[-78.6667506,9.0752437],[-78.668563,9.0768384],[-78.6707817,9.0775396],[-78.6729877,9.0770156],[-78.6746409,9.075324],[-78.6754739,9.0728545],[-78.6757979,9.0699935],[-78.675829,9.06887],[-78.6784805,9.0735109],[-78.6767343,9.0772255],[-78.6786437,9.0791712],[-78.6756471,9.0818105],[-78.6754098,9.0842761],[-78.6765498,9.0877722],[-78.6777537,9.0906388],[-78.6772102,9.0932818],[-78.6802515,9.0923653],[-78.6830665,9.0947869],[-78.6871544,9.094546],[-78.6879468,9.0912851],[-78.6909516,9.0944575],[-78.6939934,9.0932273],[-78.6950527,9.0966071],[-78.6973397,9.0989139],[-78.7006667,9.0984143],[-78.7031994,9.1006416],[-78.7047705,9.0966892],[-78.7071774,9.0965648],[-78.7079171,9.1005614],[-78.7066493,9.1032512],[-78.7074042,9.1067329],[-78.7109615,9.1058646],[-78.7128448,9.1064477],[-78.7159331,9.1068899],[-78.7195462,9.106351],[-78.7179188,9.1082034],[-78.7163812,9.1119954],[-78.7128746,9.1127732],[-78.7102977,9.1100567],[-78.710485,9.1132732],[-78.7105401,9.1133216],[-78.7140497,9.1153213],[-78.7141055,9.1169725],[-78.7148226,9.1177586],[-78.7169316,9.1215828],[-78.7179748,9.1260756],[-78.7183576,9.1310705],[-78.7193547,9.1354763],[-78.7210759,9.1391969],[-78.7228474,9.1427495],[-78.7245235,9.1464246],[-78.7272216,9.1502702],[-78.7316232,9.1539667],[-78.7357815,9.1569796],[-78.7396258,9.1594243],[-78.7431238,9.1616046],[-78.7462384,9.1638188],[-78.7485433,9.1665093],[-78.7499703,9.1697405],[-78.7504961,9.173263],[-78.7503222,9.1768785],[-78.7504355,9.1806108],[-78.750848,9.184333],[-78.7508421,9.1881013],[-78.7503186,9.19171],[-78.7488434,9.1949369],[-78.7459124,9.1973642],[-78.7414486,9.1989827],[-78.7367222,9.1996624],[-78.7318396,9.2001127],[-78.7264903,9.2003996],[-78.7205051,9.2005146],[-78.714649,9.1999904],[-78.7089231,9.1987414],[-78.7040883,9.1971318],[-78.6997955,9.1955518],[-78.695849,9.1937402],[-78.6920073,9.1918545],[-78.6881938,9.1898789],[-78.6841175,9.1881725],[-78.6794897,9.1869073],[-78.6740592,9.1858121],[-78.6676323,9.1850097],[-78.6612499,9.1847171],[-78.656062,9.1844455],[-78.6520863,9.1835105],[-78.6492706,9.182003],[-78.6477351,9.179614],[-78.6464064,9.1770458],[-78.6443379,9.1754301],[-78.6416162,9.1756378],[-78.638838,9.1774424],[-78.6362925,9.1801693],[-78.6340855,9.1832102],[-78.6329785,9.1865845],[-78.6337139,9.1901836],[-78.6362942,9.1937845],[-78.6400056,9.1975023],[-78.6439776,9.2004418],[-78.6478722,9.2028418],[-78.6516966,9.2048909],[-78.6552911,9.2071285],[-78.6587474,9.2095094],[-78.6622892,9.211729],[-78.6659413,9.2136828],[-78.6695098,9.2156079],[-78.6730158,9.2174614],[-78.6766103,9.2190229],[-78.6800827,9.22096],[-78.6834247,9.2232495],[-78.6868511,9.2254083],[-78.6905087,9.2269301],[-78.69438,9.227441],[-78.6982243,9.2271199],[-78.7017571,9.2258524],[-78.7049099,9.2243456],[-78.7078489,9.223808],[-78.71068,9.225057],[-78.7136799,9.2279181],[-78.7181387,9.2312056],[-78.7241468,9.2330604],[-78.7293772,9.2333937],[-78.733637,9.2330291],[-78.7376287,9.2330889],[-78.7416792,9.2333506],[-78.7458517,9.2340253],[-78.7502549,9.2350289],[-78.7550019,9.236421],[-78.7603307,9.2376458],[-78.7653017,9.2383403],[-78.7697413,9.2387695],[-78.7735358,9.2395994],[-78.7763067,9.2413445],[-78.7775739,9.2438501],[-78.7769852,9.2466495],[-78.7752289,9.2491515],[-78.7727773,9.2506131],[-78.7698027,9.2506133],[-78.7664164,9.2502644],[-78.7629859,9.2506233],[-78.7599565,9.2524161],[-78.7574677,9.2553621],[-78.75534,9.2591053],[-78.753108,9.2634223],[-78.7506974,9.2684269],[-78.7486805,9.2742544],[-78.7484672,9.2787767],[-78.7500336,9.2812308],[-78.7526085,9.2813564],[-78.7553725,9.2797988],[-78.7582454,9.2777125],[-78.7614914,9.2758001],[-78.764967,9.2736827],[-78.7685497,9.2711142],[-78.7724378,9.2680964],[-78.7770731,9.265015],[-78.7813786,9.2620266],[-78.7855814,9.2603623],[-78.7898178,9.2596247],[-78.7942301,9.2586304],[-78.7987133,9.2569856],[-78.8026512,9.2561586],[-78.8060752,9.2568981],[-78.8093973,9.2584642],[-78.8125194,9.2604083],[-78.8150801,9.2630941],[-78.8173421,9.266043],[-78.8199289,9.2683569],[-78.8230003,9.2691242],[-78.8261495,9.2679234],[-78.8291119,9.2650637],[-78.8322279,9.2611767],[-78.8361541,9.2570929],[-78.8408225,9.2545212],[-78.8451852,9.2540354],[-78.8490606,9.2546724],[-78.8521071,9.2560398],[-78.8538044,9.2584583],[-78.8542372,9.2617237],[-78.8540701,9.2653303],[-78.8541486,9.2688606],[-78.8553406,9.2717781],[-78.8576584,9.2734475],[-78.8604924,9.2735938],[-78.8632969,9.2727039],[-78.8664602,9.2720916],[-78.8699766,9.2720401],[-78.8735152,9.2719759],[-78.8770155,9.2705166],[-78.8800227,9.2671029],[-78.8821335,9.2631492],[-78.8833117,9.2591638],[-78.8840238,9.25556],[-78.8851662,9.2528634],[-78.8868991,9.2518031],[-78.8888887,9.252911],[-78.8909488,9.2552703],[-78.893496,9.2577113],[-78.8967139,9.2593149],[-78.9002883,9.2597298],[-78.9038452,9.2583835],[-78.9070592,9.2551743],[-78.9099758,9.2519951],[-78.9132579,9.2498014],[-78.9168406,9.2486322],[-78.9203586,9.2477724],[-78.923472,9.2473513],[-78.9261743,9.2482617],[-78.9281961,9.2504168],[-78.9300907,9.2530784],[-78.9325419,9.2553028],[-78.9354173,9.2566068],[-78.9381555,9.2574611],[-78.9403829,9.2593269],[-78.9419291,9.2621753],[-78.9435293,9.2651549],[-78.9458618,9.2673262],[-78.9488954,9.2680499],[-78.9523592,9.2675294],[-78.9565834,9.2671635],[-78.9615863,9.2677786],[-78.9663514,9.2685684],[-78.970738,9.2690639],[-78.9748932,9.2686892],[-78.9788822,9.2675981],[-78.9827013,9.266106],[-78.9863309,9.2644561],[-78.9900131,9.263432],[-78.9937933,9.2635892],[-78.9975982,9.2646618],[-79.0015606,9.2659771],[-79.0057392,9.2672258],[-79.0102565,9.2684049],[-79.0117018,9.2687647],[-79.0119956,9.2687552],[-79.0153121,9.2691446],[-79.0188171,9.2694048],[-79.0221699,9.2686032],[-79.0249208,9.2663836],[-79.0269557,9.2632109],[-79.0284991,9.2597305],[-79.0301,9.2566038],[-79.0324063,9.2542227],[-79.034873,9.2519704],[-79.036824,9.2491627],[-79.0385627,9.24611],[-79.0405344,9.2430721],[-79.0429632,9.2404754],[-79.0459791,9.2385709],[-79.0492573,9.2372933],[-79.0528855,9.2370177],[-79.0568477,9.2368969],[-79.0609516,9.2365911],[-79.0650296,9.2363033],[-79.0690459,9.2364211],[-79.0730091,9.2365184],[-79.0768455,9.2367777],[-79.0806389,9.2367934],[-79.0846156,9.235273],[-79.088538,9.2319887],[-79.0918767,9.2286944],[-79.09505,9.2275084],[-79.0978643,9.2282929],[-79.1005845,9.2298918],[-79.1035829,9.2308195],[-79.1066351,9.2301358],[-79.1093605,9.2280425],[-79.1117808,9.2253075],[-79.1145819,9.2228211],[-79.1178985,9.2208575],[-79.1214461,9.2193121],[-79.1252681,9.2186486],[-79.1291352,9.2186475],[-79.1329007,9.2182996],[-79.1361297,9.217216],[-79.138173,9.2149137],[-79.1387609,9.2116888],[-79.1386798,9.2080549],[-79.1387079,9.2044504],[-79.1397667,9.2010622],[-79.1416165,9.1978744],[-79.1442962,9.1951574],[-79.1474058,9.1926967],[-79.1510096,9.1909331],[-79.1552543,9.1906218],[-79.1602449,9.192495],[-79.164994,9.1953293],[-79.1692894,9.1969659],[-79.1729389,9.1970995],[-79.1755989,9.1955174],[-79.1771066,9.1927383],[-79.1780997,9.1896284],[-79.1797456,9.1866752],[-79.1819716,9.1837773],[-79.1847043,9.1811123],[-79.1885115,9.1791219],[-79.1933443,9.1771765],[-79.1979099,9.1751599],[-79.2021725,9.1732071],[-79.2062021,9.1710974],[-79.2102282,9.1687997],[-79.2147988,9.1667924],[-79.2198997,9.1652347],[-79.224392,9.1645194],[-79.2283684,9.1651207],[-79.2322041,9.166145],[-79.2357913,9.1670891],[-79.2385665,9.1681906],[-79.2398335,9.1703639],[-79.2394076,9.1731332],[-79.2374914,9.1757694],[-79.2349227,9.1782747],[-79.2327941,9.1811475],[-79.2317853,9.1844287],[-79.2318665,9.1877719],[-79.2317538,9.1909578],[-79.2301001,9.1938442],[-79.227095,9.196509],[-79.2231929,9.1991235],[-79.2186949,9.2013976],[-79.2146804,9.2026971],[-79.2111533,9.2027766],[-79.2079089,9.2030541],[-79.2052805,9.2043501],[-79.2035819,9.2066131],[-79.2019628,9.2089334],[-79.199043,9.2106654],[-79.1951418,9.2121268],[-79.191514,9.2129348],[-79.1886751,9.2143731],[-79.1872721,9.2169759],[-79.1872559,9.2202692],[-79.1879476,9.2236881],[-79.1892788,9.2267695],[-79.1917597,9.2288516],[-79.19505,9.2295351],[-79.1985888,9.2291328],[-79.2020027,9.2281658],[-79.2052679,9.2275755],[-79.2082844,9.2276006],[-79.2107435,9.2285682],[-79.2129501,9.230218],[-79.215756,9.2314912],[-79.2188439,9.2320971],[-79.2214161,9.2328756],[-79.2225015,9.2345169],[-79.2218474,9.2370682],[-79.2207635,9.24042],[-79.2205134,9.244378],[-79.2219052,9.2486904],[-79.2249057,9.2530048],[-79.2287572,9.256216],[-79.2336751,9.25772],[-79.2383985,9.2576628],[-79.24269,9.256605],[-79.2467239,9.2552061],[-79.2504757,9.2532443],[-79.2540357,9.2508667],[-79.2579002,9.2484802],[-79.2621943,9.2462471],[-79.2667492,9.2443738],[-79.2703676,9.2436135],[-79.273201,9.2444151],[-79.2761808,9.2453509],[-79.2791357,9.2454441],[-79.2813126,9.2444047],[-79.2817285,9.2423547],[-79.2802134,9.2402234],[-79.2775697,9.2384475],[-79.2747698,9.2366853],[-79.272531,9.2341152],[-79.2704414,9.2309038],[-79.2683576,9.2273822],[-79.2665942,9.223586],[-79.2652313,9.2195726],[-79.2641906,9.2155732],[-79.2637259,9.2118341],[-79.2639216,9.2088875],[-79.2649154,9.2074759],[-79.2661318,9.2080168],[-79.2672186,9.2101766],[-79.269002,9.2130074],[-79.271528,9.2158378],[-79.2743069,9.2185329],[-79.277332,9.2204651],[-79.2802135,9.2211185],[-79.2823443,9.2200481],[-79.2831711,9.2178134],[-79.2832938,9.215363],[-79.2841429,9.2129746],[-79.2855544,9.210639],[-79.2867219,9.2083208],[-79.287991,9.206839],[-79.2899917,9.2067319],[-79.292488,9.2067327],[-79.294952,9.2055909],[-79.2968154,9.2034404],[-79.2984685,9.2012822],[-79.300583,9.1998423],[-79.3026209,9.1981416],[-79.3035156,9.1957297],[-79.302764,9.1932859],[-79.3005437,9.1917352],[-79.2977194,9.1912952],[-79.2950936,9.1910912],[-79.2928501,9.1897578],[-79.2915538,9.1876674],[-79.2918166,9.1855005],[-79.2939715,9.1842357],[-79.2972995,9.1839974],[-79.3011378,9.1842276],[-79.3051293,9.1841621],[-79.3089542,9.1836407],[-79.3124005,9.1827471],[-79.3155768,9.1825585],[-79.3186541,9.1836854],[-79.3215946,9.1855544],[-79.3241154,9.1877454],[-79.3257126,9.1905852],[-79.3262596,9.1924015],[-79.3269408,9.192175],[-79.330257,9.1920584],[-79.333178,9.1933139],[-79.3352073,9.1957058],[-79.3363313,9.1987231],[-79.3374965,9.2017885],[-79.3393974,9.2040062],[-79.3419266,9.2044883],[-79.3443324,9.2029877],[-79.3460691,9.2001746],[-79.3471548,9.1967777],[-79.3474021,9.1930266],[-79.3478069,9.1889202],[-79.3489857,9.1843794],[-79.3503945,9.1802974],[-79.3510641,9.1765631],[-79.3504658,9.1731156],[-79.3493272,9.1698974],[-79.348656,9.1666106],[-79.3488399,9.1635048],[-79.3504016,9.1607182],[-79.3524254,9.1577539],[-79.3542116,9.1544116],[-79.3558935,9.1509348],[-79.357617,9.1475609],[-79.3602044,9.1446996],[-79.363892,9.1422783],[-79.3682672,9.140023],[-79.3724792,9.1389783],[-79.3762209,9.1389388],[-79.3794481,9.1396204],[-79.3826233,9.1396808],[-79.3856683,9.13868],[-79.3888194,9.1376658],[-79.3921566,9.1376333],[-79.3955772,9.1386473],[-79.3990931,9.1399739],[-79.4025745,9.1413125],[-79.4059078,9.1430566],[-79.4092456,9.1445984],[-79.4124218,9.1453019],[-79.415155,9.1443852],[-79.4169188,9.1420014],[-79.4176909,9.138749],[-79.41849,9.1350039],[-79.4196074,9.1307835],[-79.4213476,9.1262098],[-79.4235151,9.1214624],[-79.4260437,9.118003],[-79.4291085,9.1163834],[-79.4324116,9.1166666],[-79.4354295,9.1184776],[-79.4377131,9.1213503],[-79.4390112,9.1248226],[-79.4394686,9.1284763],[-79.4401149,9.1320323],[-79.4417451,9.1350007],[-79.4444041,9.136756],[-79.4477255,9.1368278],[-79.4512313,9.1354515],[-79.4547239,9.1331538],[-79.4582458,9.1303053],[-79.4615741,9.1266212],[-79.4644866,9.1219992],[-79.4667807,9.1176079],[-79.4682687,9.1135218],[-79.4693939,9.1100478],[-79.4709803,9.1078227],[-79.4731563,9.1076327],[-79.4754108,9.1094082],[-79.4779917,9.1120983],[-79.4808391,9.1150466],[-79.4837999,9.1179526],[-79.4869691,9.1204858],[-79.4905374,9.122164],[-79.4942005,9.1230398],[-79.497632,9.1230923],[-79.5003524,9.1226828],[-79.5029362,9.1222747],[-79.5049801,9.1225078],[-79.5059767,9.1225787],[-79.5072184,9.1227883],[-79.5073466,9.1230409],[-79.5072128,9.1241225],[-79.5071132,9.1242206],[-79.5061213,9.1274343],[-79.5089065,9.1305604],[-79.5091795,9.1305615],[-79.510314,9.1314622],[-79.5103412,9.1316377],[-79.5104805,9.1318005],[-79.5105279,9.1318247],[-79.5100275,9.1347325],[-79.5098972,9.134984],[-79.5098972,9.134984],[-79.5081478,9.1379718],[-79.5077697,9.1387017],[-79.5071794,9.1398929],[-79.5087418,9.1437633],[-79.5087418,9.1437633],[-79.5087432,9.143764],[-79.5096098,9.144275],[-79.5098576,9.1445001],[-79.5115115,9.1464529],[-79.5115588,9.1464772],[-79.5120311,9.1469504],[-79.5120311,9.1469504],[-79.5121593,9.147203],[-79.5122019,9.1476751],[-79.5122019,9.1476751],[-79.5123868,9.148124],[-79.5123868,9.148124],[-79.5131391,9.148901],[-79.5131865,9.1489252],[-79.5151439,9.1515555]],[[-78.6174573,9.1294206],[-78.6209244,9.1307266],[-78.6241788,9.1326112],[-78.6275765,9.1345202],[-78.6278012,9.1346321],[-78.6285155,9.1343775],[-78.6319754,9.1350047],[-78.6347356,9.1381063],[-78.6363762,9.1391719],[-78.6372417,9.139622],[-78.6398947,9.1398536],[-78.6415573,9.1385777],[-78.6416707,9.1365029],[-78.6408417,9.1346387],[-78.640673,9.1338038],[-78.6405002,9.1335219],[-78.6365212,9.1344721],[-78.6356409,9.1331875],[-78.6355722,9.1299451],[-78.6396452,9.130487],[-78.6436335,9.1318956],[-78.6437052,9.1319107],[-78.6462193,9.1314133],[-78.6499869,9.1300541],[-78.6529482,9.1275539],[-78.6550769,9.1242435],[-78.656341,9.1203935],[-78.6570767,9.1163642],[-78.657189,9.1125323],[-78.6558513,9.1090544],[-78.6559814,9.1088236],[-78.6538981,9.106386],[-78.6524311,9.1058004],[-78.6509045,9.1068894],[-78.6482442,9.1067639],[-78.6472501,9.11053],[-78.6451436,9.1132479],[-78.6426172,9.1158695],[-78.6444899,9.1197409],[-78.6433857,9.1228937],[-78.639892,9.1226513],[-78.6380288,9.1196149],[-78.6350284,9.1179654],[-78.6316506,9.11851],[-78.6306957,9.1164313],[-78.6298238,9.1140491],[-78.6296576,9.1139155],[-78.6265482,9.1120937],[-78.6226405,9.1117844],[-78.6224705,9.1118031],[-78.6190068,9.1129301],[-78.6158799,9.1143281],[-78.6136676,9.1146015],[-78.6130995,9.1178251],[-78.6116071,9.1210477],[-78.6103843,9.1246],[-78.6093352,9.1254714],[-78.6109833,9.1264076],[-78.6140195,9.1280818],[-78.6174573,9.1294206]],[[-78.644374,9.1111559],[-78.6445863,9.1111408],[-78.6447984,9.1110713],[-78.644984,9.1109528],[-78.6451259,9.1108052],[-78.6452205,9.1106519],[-78.6452851,9.1104869],[-78.6453224,9.1102942],[-78.645317,9.1100852],[-78.6452606,9.1098794],[-78.6451582,9.1096965],[-78.6450304,9.1095529],[-78.6449076,9.1094632],[-78.6442603,9.1109749],[-78.6442128,9.1111304],[-78.644374,9.1111559]],[[-78.6583393,9.0742696],[-78.6582359,9.0744209],[-78.6587041,9.0746435],[-78.6603312,9.0731577],[-78.6583393,9.0742696]],[[-79.0460695,9.2866515],[-79.0461905,9.2866557],[-79.0498165,9.2872891],[-79.0493575,9.2852818],[-79.0461232,9.286538],[-79.0460695,9.2866515]],[[-79.0982563,9.2596867],[-79.0997014,9.2569983],[-79.0997453,9.2544771],[-79.0980606,9.2528473],[-79.0954092,9.2526986],[-79.0929129,9.2538763],[-79.0912909,9.255555],[-79.0906988,9.2564503],[-79.0929662,9.2592502],[-79.0951623,9.2625359],[-79.0956529,9.2639863],[-79.0964764,9.2626984],[-79.0982563,9.2596867]],[[-79.1067001,9.2873659],[-79.1092995,9.2859605],[-79.1103436,9.283302],[-79.1093378,9.2801718],[-79.1070401,9.2773392],[-79.103974,9.2745312],[-79.100405,9.2769842],[-79.0991335,9.2795461],[-79.0991341,9.2795993],[-79.0991455,9.279659],[-79.1010402,9.2830484],[-79.1036048,9.2853432],[-79.1053955,9.2872793],[-79.1067001,9.2873659]],[[-79.1982204,9.2613496],[-79.196637,9.259423],[-79.1941398,9.2590201],[-79.1917597,9.2602851],[-79.1903872,9.2626477],[-79.1904173,9.2654088],[-79.1908407,9.2673726],[-79.1923547,9.2670553],[-79.1960645,9.2659759],[-79.1986331,9.2644675],[-79.1986148,9.2640215],[-79.1982204,9.2613496]],[[-79.2685644,9.2881297],[-79.2658098,9.2890369],[-79.2634539,9.2892709],[-79.2624807,9.2886148],[-79.263233,9.2873037],[-79.2644489,9.2853898],[-79.2655875,9.281775],[-79.2648211,9.278178],[-79.2656815,9.2763505],[-79.2674911,9.275539],[-79.2686733,9.2762577],[-79.2677773,9.2738793],[-79.2659893,9.2700865],[-79.2643044,9.2666135],[-79.2639721,9.2667348],[-79.2613058,9.2687299],[-79.2591715,9.2704035],[-79.2570279,9.2704959],[-79.2551938,9.2688619],[-79.252965,9.2667605],[-79.249818,9.2654353],[-79.2461024,9.2652277],[-79.2422382,9.2661261],[-79.2384779,9.2677176],[-79.2349684,9.2697161],[-79.2319138,9.2720425],[-79.2291617,9.2741697],[-79.2262723,9.2755687],[-79.2236276,9.2772843],[-79.2220415,9.279771],[-79.2220555,9.2827686],[-79.2231607,9.2857561],[-79.2250117,9.2883783],[-79.2278054,9.2900245],[-79.231149,9.2908446],[-79.234794,9.2918712],[-79.2387546,9.2928757],[-79.2429371,9.2940002],[-79.2474337,9.2952372],[-79.2523175,9.2969124],[-79.2571262,9.2978884],[-79.2620378,9.2974201],[-79.2663496,9.296392],[-79.2669651,9.2961651],[-79.2685127,9.2950395],[-79.2706173,9.2915117],[-79.2712371,9.287042],[-79.2710834,9.2871938],[-79.2685644,9.2881297]],[[-77.1265508,7.927381],[-77.1223156,7.9271353],[-77.1202524,7.9280212],[-77.1196022,7.9298878],[-77.121161,7.9318825],[-77.1242674,7.9329148],[-77.1267451,7.9321715],[-77.1276448,7.9303751],[-77.1265508,7.927381]],[[-77.3775372,8.5947038],[-77.378642,8.5939711],[-77.3784033,8.5925321],[-77.3771552,8.591532],[-77.3751071,8.5910821],[-77.3761455,8.5940441],[-77.3775372,8.5947038]],[[-77.3892936,8.6073915],[-77.3906153,8.6074644],[-77.3913815,8.6061861],[-77.3910431,8.6046749],[-77.3897724,8.6031664],[-77.3886668,8.6060416],[-77.3892936,8.6073915]],[[-77.4064658,7.9038942],[-77.4066109,7.902345],[-77.405256,7.9015791],[-77.4034964,7.9021272],[-77.4016166,7.9048311],[-77.4050024,7.905003],[-77.4064658,7.9038942]],[[-77.5200702,7.8107884],[-77.5180863,7.8082337],[-77.5141038,7.8094366],[-77.5125022,7.8112204],[-77.5123854,7.8136495],[-77.5138934,7.8156781],[-77.5163631,7.8163395],[-77.5187365,7.815311],[-77.5200761,7.8131132],[-77.5200702,7.8107884]],[[-77.6850457,8.1174061],[-77.6862727,8.1172097],[-77.686665,8.1158524],[-77.6860378,8.114526],[-77.6848672,8.1132855],[-77.6842285,8.1162469],[-77.6850457,8.1174061]],[[-77.7701289,8.1922605],[-77.7698362,8.1941817],[-77.7709228,8.1953384],[-77.7725874,8.194836],[-77.7736029,8.1930729],[-77.7735173,8.191173],[-77.7725558,8.1892419],[-77.7701289,8.1922605]],[[-77.8040748,8.6302355],[-77.801826,8.633477],[-77.8017536,8.6357455],[-77.8030213,8.6373571],[-77.8051157,8.6372804],[-77.8068518,8.6356206],[-77.8073916,8.6332964],[-77.8065721,8.6314426],[-77.8040748,8.6302355]],[[-77.8175004,8.7476837],[-77.815081,8.7454828],[-77.8116462,8.7482554],[-77.810473,8.7505153],[-77.8108028,8.752838],[-77.8127339,8.7541996],[-77.8152726,8.7541738],[-77.8172934,8.7525385],[-77.8180558,8.7500095],[-77.8175004,8.7476837]],[[-77.8230859,7.2725421],[-77.8238639,7.2745387],[-77.8256132,7.2754528],[-77.8272318,7.2747492],[-77.8275486,7.2728476],[-77.8265691,7.2709262],[-77.8239793,7.2688561],[-77.8230859,7.2725421]],[[-77.8329733,7.2902245],[-77.8345144,7.2912042],[-77.8362746,7.2907864],[-77.8369546,7.2892338],[-77.8360556,7.2876781],[-77.8344318,7.2870122],[-77.8323143,7.2870933],[-77.8329733,7.2902245]],[[-77.8288104,8.4724872],[-77.8297236,8.4713918],[-77.8291347,8.4699551],[-77.8275926,8.4693077],[-77.8252081,8.4698039],[-77.8272137,8.4723025],[-77.8288104,8.4724872]],[[-77.8706781,8.0072729],[-77.8702859,8.0048185],[-77.8690205,8.0031948],[-77.8673485,8.0020062],[-77.8631291,8.002912],[-77.8612031,8.004644],[-77.8606052,8.0072319],[-77.8617458,8.0097603],[-77.8641265,8.0113227],[-77.867032,8.01124],[-77.8694969,8.0097139],[-77.8706781,8.0072729]],[[-77.975513,7.4445257],[-77.9769495,7.446118],[-77.9789624,7.4464185],[-77.9803017,7.4452221],[-77.9800185,7.4432891],[-77.9785213,7.441714],[-77.9751828,7.4408486],[-77.975513,7.4445257]],[[-77.9845572,8.2019699],[-77.9847414,8.1993228],[-77.9836373,8.1964729],[-77.9793944,8.1983041],[-77.9773455,8.2004097],[-77.9764084,8.2032513],[-77.9769199,8.2059559],[-77.9787794,8.2074233],[-77.981232,8.2069176],[-77.9833265,8.2048161],[-77.9845572,8.2019699]],[[-77.9919203,8.139423],[-77.9905682,8.1380027],[-77.9883345,8.137478],[-77.9848818,8.140144],[-77.9836708,8.1422682],[-77.9840813,8.1445307],[-77.9860908,8.1459272],[-77.9888233,8.1458395],[-77.9911885,8.1443048],[-77.9922742,8.1418223],[-77.9919203,8.139423]],[[-78.1260746,7.9158975],[-78.126508,7.9134209],[-78.1255476,7.9101524],[-78.1212531,7.9101905],[-78.1189397,7.9115602],[-78.1175869,7.9140647],[-78.1176751,7.9168935],[-78.1191675,7.9189702],[-78.1216922,7.9193317],[-78.1242932,7.9181134],[-78.1260746,7.9158975]],[[-78.1259357,8.3040754],[-78.1240424,8.3015701],[-78.1201106,8.3019188],[-78.1183829,8.3034639],[-78.118023,8.3059285],[-78.1192824,8.3083386],[-78.1215751,8.3096924],[-78.1241403,8.30909],[-78.1258906,8.3065605],[-78.1259357,8.3040754]],[[-78.5061477,9.1775624],[-78.5052354,9.1796941],[-78.5056933,9.1815977],[-78.5072825,9.1820596],[-78.5088743,9.1807184],[-78.5097157,9.1785338],[-78.5093146,9.1750347],[-78.5061477,9.1775624]],[[-78.8895684,9.2699359],[-78.8901837,9.2714153],[-78.8917834,9.2716469],[-78.8931124,9.2705159],[-78.8935156,9.2674472],[-78.8903963,9.2684186],[-78.8895684,9.2699359]],[[-78.9279161,9.2867285],[-78.9277329,9.2828191],[-78.9239169,9.2824716],[-78.921686,9.2837836],[-78.9202624,9.2861529],[-78.9203669,9.2887355],[-78.9220913,9.2904181],[-78.924639,9.2904826],[-78.926853,9.2890339],[-78.9279161,9.2867285]],[[-79.0001512,9.2928535],[-79.0009299,9.2945555],[-79.0026858,9.2951082],[-79.0042206,9.2941312],[-79.0044232,9.2923018],[-79.0033834,9.2907952],[-79.001213,9.2896172],[-79.0001512,9.2928535]],[[-79.1849821,9.5230737],[-79.1836447,9.5232654],[-79.1831569,9.524716],[-79.1838304,9.526203],[-79.1856234,9.5275087],[-79.1859404,9.5243153],[-79.1849821,9.5230737]],[[-79.2918851,9.4934614],[-79.2917142,9.4921909],[-79.2903184,9.4917541],[-79.2888976,9.4923998],[-79.2875718,9.4938137],[-79.2906621,9.4943374],[-79.2918851,9.4934614]],[[-79.3314686,9.5353675],[-79.3327584,9.5361497],[-79.3341988,9.5353892],[-79.3346934,9.5337168],[-79.3336169,9.5310901],[-79.3313988,9.533695],[-79.3314686,9.5353675]],[[-79.3735643,9.179635],[-79.3739073,9.1770314],[-79.373341,9.1739285],[-79.3697267,9.1732185],[-79.367802,9.1743768],[-79.3668984,9.1768855],[-79.3672084,9.1798796],[-79.3684386,9.1823604],[-79.3704857,9.1832647],[-79.3724362,9.1821085],[-79.3735643,9.179635]],[[-79.383288,9.2791923],[-79.3841763,9.2782815],[-79.383651,9.2769261],[-79.3822783,9.2762002],[-79.3804245,9.27602],[-79.3818709,9.2787723],[-79.383288,9.2791923]],[[-79.4101763,9.2194577],[-79.4098232,9.2168057],[-79.4086129,9.215063],[-79.4069131,9.2138574],[-79.4027767,9.2159593],[-79.4008161,9.2177409],[-79.4002335,9.2201022],[-79.4015715,9.2222718],[-79.4042015,9.2235287],[-79.4070565,9.2236413],[-79.4092653,9.222092],[-79.4101763,9.2194577]],[[-79.4783285,9.5124994],[-79.4749861,9.5134975],[-79.4741145,9.5151095],[-79.4749091,9.5169443],[-79.4770037,9.5179174],[-79.4791947,9.5174765],[-79.4803008,9.5158232],[-79.4800064,9.5140997],[-79.4783285,9.5124994]],[[-79.6084874,9.4278892],[-79.6103637,9.4257196],[-79.6114926,9.4217029],[-79.6069006,9.4206584],[-79.6038708,9.421066],[-79.6012195,9.4225467],[-79.5999012,9.4249363],[-79.6005011,9.4274792],[-79.6026826,9.4291243],[-79.6056622,9.4291795],[-79.6084874,9.4278892]],[[-79.6364659,9.4043788],[-79.635251,9.4021154],[-79.6320529,9.3997438],[-79.6284778,9.4002123],[-79.6271923,9.4018668],[-79.6274327,9.4043913],[-79.6291152,9.4068699],[-79.6317349,9.4084209],[-79.634474,9.4084432],[-79.6363028,9.4068527],[-79.6364659,9.4043788]],[[-78.8191027,9.2943843],[-78.8193793,9.2921943],[-78.8185695,9.2902381],[-78.8169567,9.2884102],[-78.8128294,9.2870726],[-78.8106175,9.2872644],[-78.8094267,9.2888398],[-78.8100325,9.2912208],[-78.8119735,9.2935748],[-78.8145653,9.2953429],[-78.8172665,9.2956684],[-78.8191027,9.2943843]],[[-78.2361382,8.1004595],[-78.2341936,8.1034781],[-78.2338005,8.1069001],[-78.2338459,8.1104624],[-78.2343064,8.1136641],[-78.2358465,8.115937],[-78.2382881,8.1166503],[-78.2406815,8.1160231],[-78.2431501,8.1131184],[-78.2465514,8.1101183],[-78.2485725,8.1075003],[-78.250078,8.1043257],[-78.2502843,8.1010761],[-78.2485571,8.0984844],[-78.2448881,8.0973568],[-78.2401024,8.0979933],[-78.2361382,8.1004595]],[[-77.1188459,7.8912854],[-77.1194316,7.8947212],[-77.1210623,7.8972593],[-77.1232363,7.8986796],[-77.125969,7.8989761],[-77.1285756,7.8979611],[-77.1303801,7.8956481],[-77.1317005,7.8928221],[-77.1336102,7.8900627],[-77.1357633,7.8872987],[-77.137303,7.8841133],[-77.1380764,7.8808865],[-77.1381954,7.8760073],[-77.1346281,7.8739644],[-77.1316833,7.8740076],[-77.128464,7.8752673],[-77.1255167,7.8776591],[-77.1228219,7.8806304],[-77.1205383,7.8838843],[-77.1191812,7.8875137],[-77.1188459,7.8912854]],[[-77.4731763,7.9811244],[-77.4753396,7.9831797],[-77.478431,7.985062],[-77.4819206,7.9867196],[-77.4854376,7.9881032],[-77.4890305,7.9886242],[-77.4925037,7.9877442],[-77.4954829,7.985568],[-77.4978199,7.9826546],[-77.499024,7.9792052],[-77.4986708,7.975515],[-77.4953125,7.9692435],[-77.4905072,7.9684055],[-77.4870967,7.9685865],[-77.4834569,7.9697481],[-77.4798986,7.9716006],[-77.4765369,7.9736593],[-77.4738421,7.9759112],[-77.4725624,7.9785393],[-77.4731763,7.9811244]],[[-77.5104452,7.9034439],[-77.5066611,7.9067315],[-77.5026022,7.9103441],[-77.5009579,7.9139297],[-77.5017262,7.9170419],[-77.5039927,7.9193483],[-77.5072495,7.9203381],[-77.5108389,7.9201279],[-77.5143112,7.9189113],[-77.5175032,7.9171591],[-77.5207582,7.9154695],[-77.5238206,7.9134663],[-77.5266675,7.9114078],[-77.5296341,7.9096163],[-77.5322851,7.9072606],[-77.5343118,7.9043029],[-77.5357126,7.9010223],[-77.5362673,7.8978408],[-77.5354182,7.8934121],[-77.5329164,7.8898503],[-77.5304537,7.8883502],[-77.5272403,7.8881396],[-77.5237206,7.8894967],[-77.5200339,7.8920157],[-77.516519,7.8958347],[-77.5135529,7.8998071],[-77.5104452,7.9034439]],[[-77.5224053,7.9365951],[-77.5235047,7.9394813],[-77.5253133,7.9424395],[-77.5274321,7.9456546],[-77.5301257,7.9491212],[-77.5332014,7.9512386],[-77.5364512,7.9512987],[-77.5394166,7.9495832],[-77.5419085,7.9468662],[-77.5438758,7.9438382],[-77.5450971,7.9407605],[-77.5457227,7.9360488],[-77.5423844,7.932842],[-77.539409,7.9314045],[-77.535881,7.9303932],[-77.5320605,7.9301715],[-77.5283458,7.9307333],[-77.5250912,7.9317864],[-77.5229131,7.933821],[-77.5224053,7.9365951]],[[-77.6236222,8.0931143],[-77.6230303,8.0895614],[-77.6217569,8.0867013],[-77.619475,8.0852143],[-77.6163837,8.0851371],[-77.6129714,8.0856169],[-77.6096283,8.0857694],[-77.6062125,8.0838842],[-77.6033545,8.0794764],[-77.6023009,8.0746084],[-77.6027812,8.0697307],[-77.6040696,8.0648192],[-77.6046946,8.0604779],[-77.6050234,8.0568077],[-77.6060858,8.0535931],[-77.6074166,8.0504404],[-77.6082554,8.0470867],[-77.6089042,8.0438071],[-77.6101051,8.040825],[-77.611727,8.0379884],[-77.612792,8.0348221],[-77.6129456,8.0315252],[-77.612754,8.0283645],[-77.6133663,8.0250572],[-77.6141923,8.021366],[-77.6141114,8.0170255],[-77.6126799,8.0121703],[-77.6108762,8.0076865],[-77.6093996,8.0033795],[-77.6082344,7.9992096],[-77.6073319,7.9951873],[-77.6061414,7.9915668],[-77.6043561,7.9888705],[-77.6019178,7.987809],[-77.5993599,7.9888084],[-77.5970586,7.9913737],[-77.5944011,7.9945985],[-77.5910876,7.9979273],[-77.5871409,8.0010283],[-77.5831298,8.002769],[-77.5790623,8.0034836],[-77.57473,8.0042451],[-77.5699445,8.0049196],[-77.5646628,8.0049637],[-77.5599381,8.0042945],[-77.5557566,8.003194],[-77.5519892,8.0023148],[-77.5486495,8.0025088],[-77.5460958,8.0041576],[-77.5446495,8.0066397],[-77.5447755,8.0094512],[-77.5458332,8.0121675],[-77.5466671,8.0152241],[-77.5475277,8.0184321],[-77.5493242,8.0215327],[-77.551809,8.0244842],[-77.5544513,8.0273667],[-77.5567793,8.0302211],[-77.5580807,8.0334802],[-77.5583825,8.0370574],[-77.5579909,8.0405956],[-77.5572022,8.0436465],[-77.5554369,8.0457049],[-77.5526933,8.0467385],[-77.5496508,8.0478179],[-77.54706,8.0497898],[-77.5454383,8.0524834],[-77.5448821,8.0555001],[-77.5443484,8.0586221],[-77.5436675,8.0618515],[-77.5438343,8.0652028],[-77.5453369,8.0683452],[-77.5478677,8.0710421],[-77.5510356,8.0731981],[-77.5543389,8.0752606],[-77.5575281,8.077584],[-77.5604046,8.0801744],[-77.5630177,8.0828305],[-77.5657574,8.085095],[-77.5681536,8.0872266],[-77.569768,8.0898924],[-77.5715681,8.09285],[-77.5735818,8.0958403],[-77.5750286,8.0990532],[-77.5751997,8.1027146],[-77.5745133,8.1067389],[-77.5739917,8.1111431],[-77.574543,8.115544],[-77.5769503,8.1184677],[-77.5808596,8.119897],[-77.5856895,8.1204371],[-77.5902075,8.1214015],[-77.5945498,8.1226184],[-77.5988189,8.1243097],[-77.6030861,8.1269362],[-77.6065302,8.1300595],[-77.6096093,8.1331061],[-77.6125661,8.13575],[-77.6158884,8.1374782],[-77.619443,8.1383143],[-77.6229862,8.1384984],[-77.6262757,8.1374104],[-77.6289811,8.1350874],[-77.6313052,8.1322113],[-77.6336301,8.129334],[-77.6355574,8.126173],[-77.6368868,8.1229961],[-77.6379215,8.1182014],[-77.6359652,8.1139233],[-77.6340438,8.1113346],[-77.6317599,8.1087541],[-77.6295679,8.1059159],[-77.6272579,8.1031425],[-77.6253882,8.1001721],[-77.6243265,8.0967795],[-77.6236222,8.0931143]],[[-77.6791109,8.1476723],[-77.6779972,8.1513963],[-77.6772513,8.1552579],[-77.6757413,8.1592016],[-77.6748406,8.1627265],[-77.6754527,8.1655102],[-77.6774513,8.1670943],[-77.6799827,8.1679162],[-77.6827093,8.1693424],[-77.6858588,8.1710976],[-77.6894453,8.1725695],[-77.6933147,8.1731816],[-77.6970714,8.1725636],[-77.7002795,8.1705845],[-77.7026661,8.1675223],[-77.7042818,8.1638671],[-77.7053416,8.1600946],[-77.7057039,8.1565495],[-77.7054434,8.151441],[-77.7030275,8.1470776],[-77.7010821,8.1442559],[-77.6986244,8.1414949],[-77.6955206,8.139579],[-77.6915901,8.1392897],[-77.6869537,8.1410041],[-77.6820323,8.1441587],[-77.6791109,8.1476723]],[[-77.6991384,8.4722589],[-77.7020709,8.4711359],[-77.7041662,8.4690092],[-77.7052823,8.4666678],[-77.7053908,8.4641894],[-77.7036014,8.4607686],[-77.6993741,8.4597115],[-77.6964274,8.4602716],[-77.6936769,8.4619177],[-77.6918797,8.4643278],[-77.6918627,8.467242],[-77.6934733,8.4699366],[-77.6960232,8.4718602],[-77.6991384,8.4722589]],[[-77.7182748,8.1116646],[-77.7169344,8.1148373],[-77.7159591,8.1175831],[-77.7159817,8.1197735],[-77.7172982,8.1217813],[-77.7200631,8.1229435],[-77.7237088,8.1231179],[-77.7277481,8.1224082],[-77.7320563,8.1210655],[-77.7364805,8.1188776],[-77.740655,8.1157387],[-77.7434282,8.112277],[-77.7446374,8.1088631],[-77.7447996,8.1038566],[-77.740894,8.1018249],[-77.7378073,8.1015537],[-77.7342981,8.1020698],[-77.7304878,8.1027584],[-77.7266971,8.1039365],[-77.7232777,8.1059306],[-77.7204087,8.1085847],[-77.7182748,8.1116646]],[[-77.7508577,8.1772226],[-77.7535888,8.1775667],[-77.7565315,8.1767889],[-77.759499,8.1752091],[-77.7625752,8.1736882],[-77.7655101,8.1723741],[-77.7677201,8.170575],[-77.7693187,8.1669033],[-77.7651588,8.1645155],[-77.7614421,8.1642984],[-77.7570264,8.165556],[-77.7533933,8.1677412],[-77.7509264,8.170468],[-77.749266,8.1731066],[-77.7491538,8.1755911],[-77.7508577,8.1772226]],[[-77.9571695,8.1789705],[-77.9577275,8.1820724],[-77.9592978,8.1841929],[-77.9616631,8.1848205],[-77.9651918,8.1839947],[-77.9691263,8.1817739],[-77.9717445,8.1788019],[-77.9726122,8.1756845],[-77.9715975,8.1711891],[-77.9680165,8.1684128],[-77.9658325,8.1666316],[-77.9631638,8.1657728],[-77.9604433,8.1666378],[-77.9583492,8.1689639],[-77.9572913,8.1721291],[-77.9571773,8.1755482],[-77.9571695,8.1789705]],[[-77.9782994,8.8485723],[-77.9808661,8.8468185],[-77.9825557,8.8441435],[-77.983008,8.8412164],[-77.9817044,8.8369272],[-77.9747773,8.8359072],[-77.9714909,8.8370235],[-77.9693559,8.8395344],[-77.9686991,8.8427539],[-77.9695512,8.8458584],[-77.9719187,8.8480777],[-77.9750949,8.8490288],[-77.9782994,8.8485723]],[[-78.0475792,8.1222627],[-78.0451081,8.1240737],[-78.0435009,8.1265596],[-78.0421695,8.1285499],[-78.0405363,8.1292154],[-78.038111,8.1275102],[-78.034939,8.1241892],[-78.0311203,8.1214196],[-78.0266916,8.120417],[-78.0231424,8.1219522],[-78.0210574,8.1259948],[-78.01997,8.1309197],[-78.0188121,8.1362507],[-78.0175911,8.1407971],[-78.0171596,8.1446325],[-78.018077,8.1475842],[-78.0203346,8.1494295],[-78.0230898,8.1508256],[-78.0257625,8.1527983],[-78.0287507,8.1550521],[-78.033264,8.1566832],[-78.0392118,8.1571815],[-78.0443592,8.1564856],[-78.0484319,8.1548026],[-78.0518887,8.1528336],[-78.0547864,8.1505049],[-78.0576296,8.1482822],[-78.0601348,8.1459464],[-78.0617079,8.1434663],[-78.0619222,8.13944],[-78.0585317,8.13651],[-78.0567429,8.1344561],[-78.0559105,8.1316155],[-78.0558001,8.1284467],[-78.0552628,8.1253487],[-78.0534258,8.1229703],[-78.0506073,8.1218699],[-78.0475792,8.1222627]],[[-78.0318443,8.2263288],[-78.0345236,8.2257627],[-78.0361424,8.2238147],[-78.0369649,8.2205184],[-78.0362201,8.2154558],[-78.0313215,8.2131033],[-78.0274746,8.2129817],[-78.0244809,8.2144319],[-78.0232646,8.217227],[-78.0238132,8.2204889],[-78.0257717,8.2234158],[-78.0287001,8.2254226],[-78.0318443,8.2263288]],[[-78.1296235,7.5341601],[-78.1316008,7.5326447],[-78.132271,7.5301497],[-78.1316646,7.5276266],[-78.1287928,7.5247135],[-78.1249169,7.5232869],[-78.1226058,7.5232409],[-78.1209378,7.5246686],[-78.1207486,7.5272429],[-78.1218817,7.5300588],[-78.124198,7.5323264],[-78.1269024,7.5339376],[-78.1296235,7.5341601]],[[-78.0994889,7.5051396],[-78.0963414,7.5031451],[-78.0935138,7.5010698],[-78.0909597,7.4989043],[-78.0876631,7.4968563],[-78.0833455,7.4950164],[-78.0779811,7.4930908],[-78.0718675,7.4927336],[-78.0660538,7.4946252],[-78.0608624,7.4986844],[-78.0579932,7.5035224],[-78.0572106,7.5089543],[-78.0576569,7.5150231],[-78.0592708,7.5208197],[-78.0613939,7.5254949],[-78.063727,7.5293588],[-78.0663817,7.5326078],[-78.0688189,7.5358941],[-78.0707354,7.5394186],[-78.0723156,7.5428765],[-78.0740651,7.5456482],[-78.0765767,7.5468826],[-78.0793906,7.5462027],[-78.0817843,7.5438659],[-78.0834536,7.5405645],[-78.0843632,7.5369042],[-78.0849061,7.5334065],[-78.0861295,7.5305089],[-78.0881313,7.5288305],[-78.0899199,7.5284914],[-78.0907979,7.530043],[-78.0910422,7.5328029],[-78.0917658,7.5362557],[-78.0932077,7.5398653],[-78.0953671,7.5432671],[-78.0980824,7.5462296],[-78.1009106,7.5489203],[-78.103796,7.5511007],[-78.1065544,7.5526707],[-78.1094272,7.5526479],[-78.1118961,7.5507368],[-78.1135382,7.5472578],[-78.1141722,7.5427364],[-78.1148504,7.5386499],[-78.1154156,7.5352621],[-78.1149962,7.5307999],[-78.1111012,7.5280206],[-78.1091697,7.5253153],[-78.1078961,7.5217785],[-78.1071238,7.5178439],[-78.1063874,7.513908],[-78.1049787,7.5103328],[-78.1025462,7.5074409],[-78.0994889,7.5051396]],[[-78.0582593,8.9938269],[-78.0630969,8.9949746],[-78.0673228,8.9944852],[-78.0702491,8.9923415],[-78.0715256,8.9889793],[-78.0706725,8.9818083],[-78.0649031,8.978968],[-78.0601746,8.97827],[-78.0554507,8.979595],[-78.0522726,8.9822507],[-78.051026,8.9855498],[-78.0518159,8.9888449],[-78.0543728,8.9916069],[-78.0582593,8.9938269]],[[-78.1341247,7.5486635],[-78.1328987,7.5520002],[-78.1316758,7.5555595],[-78.1309256,7.5592373],[-78.1312192,7.562765],[-78.1329446,7.565569],[-78.135795,7.56709],[-78.1390886,7.5670584],[-78.1420387,7.565696],[-78.1440101,7.5634465],[-78.144695,7.5608303],[-78.1451892,7.5585261],[-78.1468827,7.5568156],[-78.1493189,7.5553931],[-78.1513998,7.5535462],[-78.1520917,7.5513121],[-78.1512305,7.5495582],[-78.1480644,7.5486829],[-78.1445232,7.5465528],[-78.1426958,7.5442025],[-78.140964,7.5416434],[-78.1389626,7.5399711],[-78.1368073,7.5402061],[-78.1352897,7.542245],[-78.1346914,7.5452838],[-78.1341247,7.5486635]],[[-78.3304628,9.1265271],[-78.3328398,9.1251665],[-78.3341241,9.1230244],[-78.3343148,9.1210193],[-78.3330767,9.1175897],[-78.3291002,9.1156307],[-78.326301,9.1156154],[-78.3237842,9.1169548],[-78.3224419,9.1192942],[-78.3229634,9.1220584],[-78.3249085,9.1245711],[-78.3275558,9.1263217],[-78.3304628,9.1265271]],[[-79.3984521,9.174008],[-79.4011302,9.1756522],[-79.4041028,9.176269],[-79.4067496,9.1760616],[-79.4093519,9.1749964],[-79.4113107,9.1731095],[-79.4126626,9.1691658],[-79.4090004,9.1656204],[-79.4064686,9.1634979],[-79.4035025,9.1621742],[-79.4004821,9.1625547],[-79.3981264,9.1646772],[-79.3968488,9.1678342],[-79.3969142,9.1712154],[-79.3984521,9.174008]],[[-79.1532346,9.294387],[-79.1521495,9.291178],[-79.1496464,9.2886692],[-79.1464701,9.2867804],[-79.1429019,9.2856706],[-79.1393363,9.2846945],[-79.1359121,9.2835581],[-79.1328903,9.2817268],[-79.1300384,9.2788772],[-79.1266421,9.2759767],[-79.1234826,9.2746305],[-79.1212498,9.2757082],[-79.1209758,9.279035],[-79.1231853,9.2837858],[-79.1260732,9.2876165],[-79.1286569,9.2900715],[-79.1298829,9.2915435],[-79.1288893,9.2927651],[-79.1262459,9.2933432],[-79.1229167,9.2933299],[-79.1195247,9.2934501],[-79.1165527,9.2947895],[-79.1146016,9.2974882],[-79.1138942,9.300968],[-79.1144017,9.3045613],[-79.1158321,9.3077633],[-79.1182794,9.3099219],[-79.1212575,9.3107263],[-79.1238816,9.31064],[-79.1255615,9.3109174],[-79.1261895,9.312577],[-79.1269513,9.3149864],[-79.1287382,9.317003],[-79.1312335,9.3177439],[-79.1336151,9.3170079],[-79.1363357,9.3142059],[-79.1406334,9.3124198],[-79.1434699,9.3107834],[-79.1461284,9.3081559],[-79.1485699,9.3049182],[-79.1508811,9.3015061],[-79.1526281,9.297942],[-79.1532346,9.294387]],[[-79.1994563,9.2802925],[-79.1988699,9.282802],[-79.1993352,9.2854006],[-79.2010448,9.2885891],[-79.2054553,9.2872408],[-79.2075207,9.2855327],[-79.208168,9.2830813],[-79.2069034,9.2806971],[-79.2043214,9.2792011],[-79.2015033,9.278918],[-79.1994563,9.2802925]],[[-79.2103269,9.2916203],[-79.2105104,9.293173],[-79.211751,9.293701],[-79.2129079,9.2926978],[-79.2131072,9.291069],[-79.2122971,9.2890223],[-79.2103269,9.2916203]],[[-79.1734123,9.2631883],[-79.1765944,9.2643649],[-79.1799721,9.2640027],[-79.1829484,9.2626037],[-79.1847628,9.2603064],[-79.1849696,9.2577435],[-79.1832754,9.2541023],[-79.1784038,9.2527584],[-79.1752072,9.2522637],[-79.1721266,9.2527915],[-79.1700342,9.2547393],[-79.1696679,9.2576755],[-79.1709978,9.2607109],[-79.1734123,9.2631883]],[[-79.1793158,9.2373005],[-79.1811212,9.2344091],[-79.1818538,9.2312862],[-79.1809145,9.2283716],[-79.1786962,9.2263427],[-79.1759427,9.2257369],[-79.1736095,9.226473],[-79.1715896,9.2290778],[-79.1705469,9.2329346],[-79.1700906,9.2357311],[-79.1706597,9.2386727],[-79.1723651,9.2408485],[-79.1748647,9.2413438],[-79.1773073,9.2399089],[-79.1793158,9.2373005]],[[-79.0518858,9.2624534],[-79.0534813,9.2631341],[-79.0547519,9.2623581],[-79.0546287,9.2607644],[-79.0532588,9.2596101],[-79.05036,9.2593875],[-79.0518858,9.2624534]],[[-79.0620365,9.2511451],[-79.059459,9.251423],[-79.0609287,9.2553636],[-79.0627681,9.2569297],[-79.0649508,9.257018],[-79.0662995,9.2554989],[-79.065991,9.2533453],[-79.0642146,9.251739],[-79.0620365,9.2511451]],[[-79.0776805,9.2490391],[-79.0790834,9.2486798],[-79.0793135,9.2474793],[-79.0781421,9.2466564],[-79.0766408,9.2467905],[-79.0750465,9.2474218],[-79.0776805,9.2490391]],[[-79.1322958,9.2647207],[-79.135803,9.2634652],[-79.1373125,9.2613795],[-79.1365043,9.259544],[-79.1342502,9.2586045],[-79.1316261,9.2578858],[-79.1292455,9.2570838],[-79.1266023,9.2562776],[-79.122744,9.2559965],[-79.1209482,9.2571715],[-79.1205957,9.2592739],[-79.1221477,9.2614179],[-79.1250132,9.2630872],[-79.1285052,9.2643823],[-79.1322958,9.2647207]],[[-79.1607692,9.2322591],[-79.1621089,9.2314321],[-79.1621259,9.2300885],[-79.1607806,9.2294764],[-79.1592234,9.2299904],[-79.1576728,9.2315492],[-79.1607692,9.2322591]],[[-79.159657,9.2464797],[-79.1616088,9.2438417],[-79.1620299,9.2409539],[-79.1606791,9.2387253],[-79.1580056,9.2379295],[-79.1547948,9.2383009],[-79.1513817,9.2389143],[-79.1481988,9.2401048],[-79.145725,9.2415272],[-79.1434951,9.2434709],[-79.1427262,9.2474165],[-79.1436942,9.2495382],[-79.1461312,9.250674],[-79.1494282,9.2505092],[-79.1529533,9.2494474],[-79.1565359,9.2482463],[-79.159657,9.2464797]],[[-79.1527176,9.2058262],[-79.1514925,9.2023022],[-79.1498189,9.2011076],[-79.1480781,9.2013698],[-79.1475463,9.2029002],[-79.1486431,9.2045491],[-79.150422,9.2054879],[-79.1527176,9.2058262]],[[-78.4321654,8.9689734],[-78.4322071,8.9688893],[-78.4322708,8.9687589],[-78.4323277,8.9685886],[-78.4323558,8.9683926],[-78.4323435,8.968182],[-78.4322792,8.9679615],[-78.4321536,8.9677578],[-78.431971,8.9675986],[-78.4317471,8.9675044],[-78.4315057,8.9674847],[-78.4312731,8.9675365],[-78.4310728,8.9676429],[-78.4309172,8.967779],[-78.4307962,8.967936],[-78.4307142,8.9680825],[-78.430664,8.9681813],[-78.4306206,8.9682464],[-78.4305581,8.968307],[-78.4304561,8.9683934],[-78.4303236,8.9685242],[-78.430197,8.9686955],[-78.4301011,8.9688934],[-78.4300483,8.9691142],[-78.4300532,8.9693432],[-78.4301188,8.9695601],[-78.4302331,8.969745],[-78.4303692,8.9698832],[-78.4304923,8.9699728],[-78.4305953,8.970036],[-78.4306966,8.9700935],[-78.4308323,8.9701619],[-78.430998,8.9702202],[-78.4311777,8.9702507],[-78.4313587,8.9702458],[-78.4315504,8.970199],[-78.431736,8.9701044],[-78.4318953,8.969965],[-78.432014,8.9697949],[-78.4320868,8.9696197],[-78.4321357,8.9693532],[-78.4321267,8.9692143],[-78.4321294,8.9691241],[-78.4321415,8.9690431],[-78.4321654,8.9689734]],[[-78.4326723,8.9735626],[-78.4328035,8.9737674],[-78.4329873,8.9739303],[-78.4331996,8.9740338],[-78.4334146,8.9740763],[-78.4336377,8.9740623],[-78.433853,8.9739899],[-78.4340408,8.9738657],[-78.4341857,8.9737059],[-78.4342818,8.9735287],[-78.4343341,8.9733279],[-78.4343345,8.973115],[-78.4342787,8.9729073],[-78.4341714,8.9727229],[-78.4340274,8.9725763],[-78.4338715,8.9724761],[-78.4337306,8.9724206],[-78.4336023,8.9723949],[-78.4334433,8.9723891],[-78.4332551,8.9724104],[-78.4330631,8.9724673],[-78.4328949,8.972552],[-78.4326797,8.9727176],[-78.4326043,8.9729698],[-78.4325853,8.9731496],[-78.4326026,8.9733463],[-78.4326723,8.9735626]],[[-78.449744,8.9955179],[-78.4496301,8.9955737],[-78.4494767,8.9956556],[-78.4493162,8.9957725],[-78.4491775,8.9959196],[-78.4490668,8.9961063],[-78.4490052,8.9963231],[-78.4490076,8.9965516],[-78.4490787,8.9967701],[-78.449214,8.9969587],[-78.4494019,8.997103],[-78.4496256,8.9971982],[-78.4498648,8.9972506],[-78.4500954,8.9972692],[-78.4503009,8.9972666],[-78.4504802,8.9972548],[-78.4506503,8.9972285],[-78.4508347,8.9971723],[-78.4510169,8.9970726],[-78.4511739,8.9969275],[-78.4512881,8.9967452],[-78.4513506,8.9965421],[-78.4513637,8.9963402],[-78.4513433,8.9961639],[-78.4513152,8.9960302],[-78.4512865,8.9959175],[-78.4512521,8.9958194],[-78.4511949,8.9956994],[-78.4510948,8.9955533],[-78.45095,8.9954119],[-78.4507736,8.9953016],[-78.4505924,8.9952341],[-78.4503174,8.9951925],[-78.4500871,8.9953066],[-78.4499538,8.9953885],[-78.4498408,8.9954627],[-78.449744,8.9955179]],[[-78.4354557,8.9754398],[-78.4356443,8.9757417],[-78.4364094,8.9747221],[-78.4354557,8.9754398]],[[-78.4351931,8.98001],[-78.4351234,8.9800106],[-78.4346294,8.9811845],[-78.4351931,8.98001]],[[-78.5214724,9.1336313],[-78.5218131,9.1336798],[-78.5207509,9.1331651],[-78.5214724,9.1336313]],[[-78.5877543,9.062964],[-78.5876276,9.0631031],[-78.5875086,9.0632874],[-78.5874218,9.063503],[-78.5873737,9.0637284],[-78.5873657,9.0639383],[-78.5873993,9.0641197],[-78.5874843,9.0643035],[-78.5876235,9.0644723],[-78.5878085,9.0646026],[-78.5880204,9.0646786],[-78.5882329,9.0646975],[-78.5884163,9.0646711],[-78.5885521,9.0646197],[-78.588674,9.0645424],[-78.5887685,9.0644668],[-78.5888465,9.0644053],[-78.5889229,9.064359],[-78.5890253,9.0643098],[-78.5891679,9.0642371],[-78.5893118,9.0641387],[-78.5894276,9.0640253],[-78.58953,9.0638802],[-78.589607,9.063727],[-78.5896579,9.0635927],[-78.5896958,9.0634473],[-78.5897179,9.0632594],[-78.589699,9.0630456],[-78.5896239,9.0628334],[-78.5894939,9.062648],[-78.5893254,9.0625077],[-78.5891468,9.0624204],[-78.5889895,9.0623804],[-78.5888552,9.0623706],[-78.5887008,9.0623835],[-78.5885299,9.0624212],[-78.5883656,9.0624832],[-78.5882332,9.0625543],[-78.5880951,9.0626512],[-78.5880029,9.0627316],[-78.5879369,9.0627946],[-78.5878556,9.0628695],[-78.5877543,9.062964]],[[-78.6078095,9.0653757],[-78.6079364,9.0652642],[-78.6080385,9.0651214],[-78.6081128,9.0649585],[-78.608159,9.0647969],[-78.6081874,9.0646574],[-78.6082124,9.0645322],[-78.6082399,9.0643966],[-78.6082618,9.0642211],[-78.6082512,9.0640197],[-78.6081912,9.063816],[-78.6080778,9.0636321],[-78.6079167,9.0634852],[-78.6077196,9.063386],[-78.607501,9.0633385],[-78.6072743,9.0633407],[-78.6070493,9.0633947],[-78.6068447,9.0635049],[-78.6066787,9.0636668],[-78.6065626,9.0638658],[-78.6064962,9.0640802],[-78.606466,9.0642861],[-78.6064564,9.0644701],[-78.6064622,9.0646477],[-78.6064929,9.0648452],[-78.6065599,9.0650433],[-78.6066556,9.0652149],[-78.6067562,9.0653422],[-78.6069407,9.0655079],[-78.6072328,9.0655438],[-78.6074338,9.0655273],[-78.6076368,9.0654688],[-78.6078095,9.0653757]],[[-78.6091609,9.053606],[-78.6089123,9.0536682],[-78.6086955,9.0537767],[-78.6085347,9.0538999],[-78.6084335,9.0539933],[-78.6083569,9.0540647],[-78.6082693,9.0541442],[-78.608157,9.0542597],[-78.6080471,9.0544134],[-78.607962,9.0545948],[-78.6079081,9.0547879],[-78.6078761,9.0549768],[-78.607854,9.0551579],[-78.6078449,9.0553504],[-78.6078715,9.0555617],[-78.6079521,9.0557713],[-78.6080902,9.055954],[-78.6082775,9.0560889],[-78.6084972,9.0561623],[-78.6087285,9.0561699],[-78.608951,9.0561172],[-78.6091499,9.0560174],[-78.6093235,9.0558762],[-78.6094592,9.0557074],[-78.609552,9.0555385],[-78.6096123,9.0554041],[-78.6096628,9.0553107],[-78.6097251,9.0552309],[-78.6098029,9.0551462],[-78.6098954,9.0550381],[-78.6100043,9.0548931],[-78.6101051,9.054713],[-78.6101708,9.0545084],[-78.6101886,9.0542976],[-78.6101636,9.0541056],[-78.6100704,9.053845],[-78.6098308,9.0536981],[-78.6096399,9.0536299],[-78.6094111,9.0535953],[-78.6091609,9.053606]],[[-78.6117776,9.051267],[-78.6115531,9.0512582],[-78.6113463,9.0513005],[-78.6111824,9.051371],[-78.6110726,9.0514407],[-78.6109812,9.0515231],[-78.6108992,9.0516183],[-78.6108416,9.051692],[-78.6107925,9.0517506],[-78.6107254,9.051814],[-78.6106173,9.0518895],[-78.610466,9.0519948],[-78.6103099,9.052128],[-78.6101835,9.0522804],[-78.6101036,9.0524414],[-78.6100631,9.0526384],[-78.6100762,9.0528566],[-78.6101519,9.0530706],[-78.6102887,9.0532553],[-78.6104763,9.0533907],[-78.6106979,9.0534634],[-78.6109344,9.053469],[-78.6111677,9.0534132],[-78.6113827,9.0533124],[-78.6115635,9.0531866],[-78.6116967,9.0530599],[-78.6117815,9.0529638],[-78.6118447,9.0528929],[-78.6119108,9.0528412],[-78.6119901,9.0527885],[-78.612102,9.0527064],[-78.612235,9.0525732],[-78.6123514,9.0523931],[-78.6124249,9.0521864],[-78.6124496,9.0519842],[-78.6124196,9.0516923],[-78.6123049,9.0515537],[-78.6121749,9.0514391],[-78.611993,9.0513322],[-78.6117776,9.051267]],[[-78.6215138,9.0570785],[-78.6215384,9.0573109],[-78.6215948,9.0575389],[-78.6216963,9.0577427],[-78.6218448,9.0579075],[-78.6220323,9.0580216],[-78.6222437,9.0580773],[-78.6224605,9.0580732],[-78.6226624,9.0580171],[-78.622831,9.0579272],[-78.6229554,9.0578278],[-78.6230467,9.0577223],[-78.6231165,9.0576069],[-78.6231681,9.05748],[-78.6232056,9.0573445],[-78.6232279,9.0572379],[-78.6232451,9.0571342],[-78.6232661,9.0570233],[-78.6232921,9.0568868],[-78.6233106,9.0567014],[-78.623291,9.0564879],[-78.6232161,9.0562754],[-78.6230864,9.0560897],[-78.6229178,9.0559493],[-78.622738,9.0558619],[-78.6225774,9.0558222],[-78.6224352,9.055814],[-78.6222661,9.0558319],[-78.6220772,9.055882],[-78.6218936,9.0559683],[-78.6217397,9.0560782],[-78.6215531,9.0562753],[-78.6215125,9.0565287],[-78.6215034,9.0566996],[-78.6215047,9.056878],[-78.6215138,9.0570785]],[[-78.6423458,9.064056],[-78.6421278,9.0641261],[-78.6419395,9.0642523],[-78.6417978,9.0644135],[-78.6417092,9.0645742],[-78.6416662,9.0646929],[-78.6416485,9.0647603],[-78.6416442,9.0648034],[-78.6416463,9.0648441],[-78.6416496,9.0648811],[-78.6416533,9.0649116],[-78.6416555,9.0649491],[-78.6416492,9.0650097],[-78.6416206,9.0650888],[-78.641558,9.0652101],[-78.6414752,9.0653821],[-78.6414118,9.0655593],[-78.6413778,9.0656873],[-78.6413619,9.0657822],[-78.6413538,9.0658616],[-78.6413499,9.0659437],[-78.6413486,9.0660415],[-78.641349,9.0661142],[-78.6413506,9.0661762],[-78.6413541,9.0662559],[-78.6413602,9.0663634],[-78.6413765,9.0664785],[-78.641417,9.0666295],[-78.6415029,9.0668072],[-78.6416417,9.066977],[-78.6418271,9.0671089],[-78.6420422,9.0671849],[-78.6422641,9.0672],[-78.6424684,9.0671617],[-78.6426387,9.0670832],[-78.6427907,9.0669584],[-78.6429154,9.0667855],[-78.6430033,9.0665628],[-78.6430536,9.0662895],[-78.643076,9.0659839],[-78.6430832,9.0657534],[-78.6430846,9.0655786],[-78.6430894,9.0654202],[-78.6431149,9.0652764],[-78.6431655,9.0651029],[-78.6432041,9.0648971],[-78.6432036,9.0646799],[-78.6431625,9.0644812],[-78.6430435,9.0642136],[-78.642922,9.0641476],[-78.642772,9.0640879],[-78.64257,9.0640472],[-78.6423458,9.064056]],[[-78.6483314,9.0618523],[-78.6482505,9.0620569],[-78.6482252,9.0622606],[-78.6482489,9.0624456],[-78.6483206,9.0626329],[-78.6484343,9.0628057],[-78.6485778,9.0629472],[-78.6487565,9.063058],[-78.6489628,9.0631237],[-78.6491816,9.0631324],[-78.6493946,9.0630797],[-78.6495839,9.0629686],[-78.6497341,9.0628077],[-78.6498344,9.0626102],[-78.6498803,9.0623905],[-78.6498721,9.0621612],[-78.6498055,9.0619295],[-78.6496768,9.06172],[-78.6494985,9.0615564],[-78.649302,9.0614514],[-78.6489898,9.0613741],[-78.6487883,9.0614447],[-78.648628,9.0615333],[-78.6484639,9.0616716],[-78.6483314,9.0618523]],[[-78.7103395,9.1088626],[-78.7103481,9.1090449],[-78.7103706,9.1091985],[-78.7104031,9.1093238],[-78.7104602,9.1094632],[-78.7105599,9.1096189],[-78.7107054,9.1097635],[-78.7108883,9.1098728],[-78.711092,9.1099338],[-78.7112944,9.1099468],[-78.7114713,9.1099275],[-78.7116078,9.1099021],[-78.7117325,9.1098797],[-78.7118681,9.109857],[-78.7120187,9.1098237],[-78.7121585,9.1097765],[-78.7122676,9.1097224],[-78.71237,9.1096523],[-78.7124497,9.1095861],[-78.7125016,9.1095343],[-78.7125388,9.1094852],[-78.7125782,9.1094126],[-78.71263,9.1092848],[-78.712669,9.1091051],[-78.7126679,9.1088981],[-78.7126122,9.10869],[-78.7125005,9.1085029],[-78.7123415,9.1083531],[-78.7121523,9.1082488],[-78.7119563,9.1081868],[-78.7117801,9.1081506],[-78.7116376,9.1081199],[-78.7115095,9.108085],[-78.7113782,9.1080538],[-78.7112068,9.1080273],[-78.7110221,9.108023],[-78.7107386,9.1080607],[-78.7105386,9.1082759],[-78.710435,9.1084505],[-78.7103649,9.1086556],[-78.7103395,9.1088626]],[[-78.5716533,9.0993394],[-78.5716225,9.0994392],[-78.5730271,9.1001027],[-78.5716533,9.0993394]],[[-78.5861391,9.0601139],[-78.5861451,9.0601052],[-78.585083,9.059166],[-78.5861391,9.0601139]],[[-78.6615779,9.0749379],[-78.66183,9.0750953],[-78.661937,9.0737345],[-78.6615779,9.0749379]],[[-78.7051412,9.1084109],[-78.7051127,9.1084491],[-78.7066093,9.1087226],[-78.7051412,9.1084109]]]}},{"type":"Feature","properties":{"nombre":"Corredor Victoriano Lorenzo","notas":"En el filo de la Cordillera Central, este corredor une las vertientes del Caribe y el Pacífico, partiendo del Parque Nacional Omar Torrijos, pasando por los pueblos al norte de Penonomé, el Valle de Antón y Campana, para terminar en los manglares de Sajalices en la Bahía de Chame. Cerca de la costa pasa la Panamericana y hay muchos potreros que cortan la conectividad hacia el manglar.","cond_promedio":48.23,"area_ha":52269,"cat":"mediana","categoria_etiqueta":"Mediana","es_mesoamericano":false},"geometry":{"type":"Polygon","coordinates":[[[-80.5607425,8.684284],[-80.5561369,8.6876054],[-80.5527882,8.6921803],[-80.551024,8.697561],[-80.5510173,8.7032208],[-80.5527687,8.7086056],[-80.5561068,8.7131884],[-80.5575121,8.7145899],[-80.5575382,8.714755],[-80.5575288,8.7148134],[-80.5559916,8.7145694],[-80.5534881,8.7137568],[-80.5515553,8.7137545],[-80.5506129,8.7136048],[-80.5467948,8.7136003],[-80.5448433,8.7132904],[-80.5392017,8.7132836],[-80.5364738,8.7128503],[-80.5347868,8.7123026],[-80.5290984,8.7122956],[-80.5236862,8.7140378],[-80.51908,8.7173588],[-80.5157305,8.7219333],[-80.514598,8.7253863],[-80.5141777,8.7262044],[-80.5134197,8.7265874],[-80.510587,8.7270301],[-80.50973,8.727029],[-80.5060868,8.72645],[-80.5035476,8.7256255],[-80.497859,8.725618],[-80.4941885,8.7267992],[-80.4932066,8.7269526],[-80.4930509,8.7269278],[-80.4873623,8.7269202],[-80.4869338,8.7269871],[-80.485286,8.7267252],[-80.4823672,8.7257772],[-80.4766787,8.7257694],[-80.4712661,8.7275109],[-80.4666592,8.7308311],[-80.463309,8.7354052],[-80.4615434,8.7407854],[-80.4615413,8.7422417],[-80.4612132,8.744284],[-80.4586147,8.7446896],[-80.4582403,8.7446891],[-80.457317,8.7448332],[-80.456216,8.7446581],[-80.4525165,8.7434563],[-80.4468277,8.7434481],[-80.4414148,8.745189],[-80.4411545,8.7453205],[-80.4404062,8.7454373],[-80.4396582,8.7453183],[-80.4379645,8.7444565],[-80.4365172,8.7434071],[-80.4311095,8.7416501],[-80.4254208,8.7416415],[-80.4208673,8.7423519],[-80.4206079,8.7423106],[-80.4194036,8.7411088],[-80.4181686,8.7394122],[-80.4135716,8.7360785],[-80.4125904,8.7357596],[-80.4111033,8.7350028],[-80.4056959,8.7332455],[-80.4045719,8.7330666],[-80.4038938,8.7317373],[-80.4031454,8.7294334],[-80.4030296,8.7292063],[-80.3996933,8.7246223],[-80.3950966,8.7212884],[-80.3942373,8.720851],[-80.3935066,8.720321],[-80.3880995,8.7185634],[-80.3824111,8.7185542],[-80.3769983,8.7202943],[-80.3754649,8.7210685],[-80.3732422,8.721415],[-80.3678293,8.7231549],[-80.3632217,8.7264739],[-80.3598703,8.731047],[-80.3597461,8.7312886],[-80.3584984,8.7350871],[-80.3577968,8.7364511],[-80.3577572,8.7365287],[-80.3556517,8.7406716],[-80.3544457,8.7423171],[-80.3526785,8.7476967],[-80.3523616,8.7496653],[-80.351778,8.7508],[-80.3500107,8.7561795],[-80.3496187,8.7586148],[-80.3491699,8.7594873],[-80.3470473,8.7623832],[-80.346366,8.7637077],[-80.3430219,8.7682699],[-80.3412544,8.7736494],[-80.3412445,8.7793089],[-80.3419441,8.7814638],[-80.3422081,8.7831408],[-80.3408092,8.7824287],[-80.3388627,8.7810166],[-80.333455,8.7792582],[-80.3277658,8.7792481],[-80.3223519,8.7809873],[-80.3219033,8.7812137],[-80.3217005,8.7812453],[-80.3202322,8.7810112],[-80.3179485,8.7810071],[-80.3145395,8.7804636],[-80.3131679,8.7797653],[-80.308953,8.7767071],[-80.3035455,8.7749483],[-80.2978565,8.7749378],[-80.2978459,8.7749394],[-80.2950642,8.7744958],[-80.2948202,8.7744164],[-80.2907529,8.7737678],[-80.2893742,8.7733193],[-80.2836852,8.7733085],[-80.2823047,8.7737518],[-80.2797092,8.7741557],[-80.277832,8.7738562],[-80.2760939,8.7738529],[-80.2730203,8.7733626],[-80.2695763,8.772242],[-80.2638873,8.772231],[-80.2584733,8.7739692],[-80.2567266,8.7748502],[-80.2560404,8.774957],[-80.2552613,8.7749554],[-80.2551451,8.7749492],[-80.2512877,8.7743336],[-80.2487106,8.7734949],[-80.248686,8.773491],[-80.2463915,8.7727443],[-80.2407025,8.7727329],[-80.2352884,8.7744708],[-80.2340878,8.7750763],[-80.2340214,8.7750866],[-80.231778,8.7747285],[-80.226089,8.7747169],[-80.2254304,8.7748193],[-80.2243681,8.7746496],[-80.2205957,8.7734217],[-80.2167053,8.7734137],[-80.2167054,8.7733558],[-80.2161599,8.7733546],[-80.2161598,8.7734125],[-80.2149068,8.7734099],[-80.2142778,8.7735077],[-80.212898,8.7735048],[-80.2112908,8.7737546],[-80.2078501,8.7748588],[-80.2067466,8.7750303],[-80.2066803,8.7750197],[-80.2051977,8.7742643],[-80.1997909,8.772504],[-80.194102,8.7724919],[-80.1937164,8.7725518],[-80.1937072,8.7724934],[-80.1940799,8.7701843],[-80.1945311,8.7688129],[-80.1945433,8.7631535],[-80.194098,8.7617802],[-80.1936713,8.7590624],[-80.1937969,8.7582847],[-80.1938091,8.7526253],[-80.1920628,8.7472392],[-80.1887291,8.7426535],[-80.1841343,8.7393171],[-80.1822761,8.7383702],[-80.1807347,8.7368299],[-80.1800123,8.7358361],[-80.1774698,8.7332955],[-80.1767474,8.7323018],[-80.1753835,8.7309389],[-80.170789,8.7276024],[-80.1683964,8.7268231],[-80.167031,8.7261272],[-80.1653714,8.7244687],[-80.164843,8.7237418],[-80.1641147,8.7232128],[-80.1624552,8.7215544],[-80.1613331,8.7193512],[-80.158,8.7147653],[-80.1544231,8.7121675],[-80.1537775,8.7115222],[-80.1533501,8.7087979],[-80.1531147,8.7088345],[-80.1525777,8.7056186],[-80.1496901,8.70034],[-80.1452239,8.696294],[-80.1396721,8.6939273],[-80.1336474,8.6935009],[-80.1278148,8.6950621],[-80.1228181,8.6984384],[-80.1192089,8.7032572],[-80.1175843,8.7064114],[-80.1163038,8.7081564],[-80.1149261,8.7095208],[-80.1145468,8.7097937],[-80.1125948,8.7107775],[-80.1114748,8.7109514],[-80.1078935,8.710943],[-80.105976,8.7115579],[-80.1018666,8.7121956],[-80.100316,8.7121919],[-80.099182,8.7123679],[-80.0982082,8.7123655],[-80.0982083,8.7123147],[-80.0976629,8.7123134],[-80.0976628,8.7123458],[-80.0971491,8.7122636],[-80.0967772,8.7122336],[-80.0961869,8.7121391],[-80.0955891,8.7121377],[-80.0943057,8.7120341],[-80.0941185,8.7120337],[-80.0941183,8.7121342],[-80.0904991,8.7121256],[-80.0904369,8.7121352],[-80.0879642,8.7117395],[-80.0822764,8.7117258],[-80.0777303,8.7124309],[-80.0756387,8.7124259],[-80.0702249,8.7141614],[-80.0656151,8.7174765],[-80.0645445,8.7185365],[-80.0642422,8.7185834],[-80.0639033,8.7185291],[-80.0637332,8.7184423],[-80.0583281,8.7166802],[-80.0567649,8.7166763],[-80.0547147,8.716348],[-80.0538054,8.7145615],[-80.053371,8.7132198],[-80.0500394,8.7086331],[-80.0454464,8.7052952],[-80.0434843,8.7046554],[-80.042909,8.7043619],[-80.0375042,8.7025995],[-80.0371497,8.7025427],[-80.0314621,8.7025283],[-80.0260484,8.7042632],[-80.0259396,8.7043181],[-80.0257352,8.7043497],[-80.0251271,8.7042523],[-80.0194395,8.7042377],[-80.0144339,8.7058416],[-80.013221,8.7072811],[-80.0100839,8.7102162],[-80.0100244,8.7102904],[-80.0080533,8.7132594],[-80.0079501,8.7133617],[-80.0079036,8.7133978],[-80.0078777,8.7134137],[-80.0078598,8.7134223],[-80.0078398,8.7134296],[-80.0078049,8.7134388],[-80.0077294,8.7134515],[-80.0075367,8.7134659],[-80.0068454,8.7134562],[-80.0033791,8.7131186],[-80.003225,8.7130821],[-80.0030945,8.7130393],[-80.0021762,8.7136995],[-80.0010162,8.7148476],[-79.9993584,8.7151044],[-79.9966305,8.7150983],[-79.9912045,8.716844],[-79.9865889,8.7201763],[-79.9858976,8.7208639],[-79.9860637,8.721623],[-79.9860727,8.7218876],[-79.9860629,8.7219985],[-79.9860509,8.7220571],[-79.9860388,8.7220949],[-79.9860276,8.7221204],[-79.9860165,8.7221396],[-79.9860072,8.7221526],[-79.985989,8.7221734],[-79.9859501,8.7222103],[-79.9858468,8.7222914],[-79.9854501,8.7225496],[-79.9795184,8.725744],[-79.9794001,8.7258331],[-79.9787539,8.72641],[-79.9763733,8.7288962],[-79.9763405,8.7289578],[-79.9762489,8.7291749],[-79.9749818,8.7330742],[-79.9749375,8.73316],[-79.9745755,8.7337313],[-79.9725244,8.7364894],[-79.9724632,8.7365417],[-79.972409,8.7365776],[-79.9722148,8.7366832],[-79.9710503,8.737196],[-79.9684351,8.7381062],[-79.9683403,8.738118],[-79.9683076,8.7381179],[-79.968265,8.7381134],[-79.9681792,8.7380967],[-79.9679458,8.738029],[-79.9643643,8.736647],[-79.9642479,8.7366267],[-79.9642032,8.7366245],[-79.9641778,8.7366262],[-79.9641423,8.736632],[-79.9640731,8.7366498],[-79.9639001,8.7367114],[-79.9633004,8.7369871],[-79.9601983,8.7387396],[-79.9597378,8.739104],[-79.9580523,8.7413987],[-79.9578571,8.7415917],[-79.9570091,8.741723],[-79.9564741,8.7416372],[-79.9531866,8.7437493],[-79.9530297,8.743814],[-79.9529866,8.7438253],[-79.952967,8.7438282],[-79.9529518,8.7438289],[-79.9529307,8.7438281],[-79.9528976,8.7438242],[-79.9528432,8.7438127],[-79.9527334,8.7437789],[-79.9524939,8.7436797],[-79.9518973,8.7433666],[-79.9508477,8.742688],[-79.9504196,8.7423387],[-79.9503257,8.7422382],[-79.9502926,8.742193],[-79.9502778,8.7421673],[-79.9502703,8.7421504],[-79.9502662,8.7421378],[-79.9502643,8.7421289],[-79.9502636,8.7421233],[-79.9502634,8.7421179],[-79.9502636,8.7421127],[-79.9502643,8.7421078],[-79.9502653,8.7421032],[-79.9502665,8.7420996],[-79.9502681,8.7420959],[-79.9502711,8.7420901],[-79.9502762,8.742082],[-79.9502846,8.7420712],[-79.9502998,8.7420549],[-79.9503282,8.7420293],[-79.950394,8.7419797],[-79.9506049,8.7418487],[-79.9539369,8.7401575],[-79.954003,8.7401062],[-79.954035,8.7400743],[-79.9541299,8.7399623],[-79.9545824,8.7393254],[-79.9547698,8.7390117],[-79.9547774,8.7362955],[-79.9541162,8.7342517],[-79.9534949,8.7302778],[-79.9517523,8.7248909],[-79.9485247,8.720445],[-79.9454168,8.7188475],[-79.9452843,8.7188193],[-79.9444634,8.7187154],[-79.9414041,8.7185683],[-79.9412705,8.7185863],[-79.9412344,8.7185962],[-79.9411661,8.7186225],[-79.9409835,8.7187125],[-79.9402019,8.7191854],[-79.9341603,8.723533],[-79.9341103,8.7235556],[-79.9340479,8.7235758],[-79.9338988,8.72361],[-79.9333832,8.7236814],[-79.930731,8.7238244],[-79.9262966,8.7235526],[-79.9261864,8.7235755],[-79.9255161,8.7237736],[-79.9221721,8.7250498],[-79.9220621,8.7251168],[-79.9220319,8.7251414],[-79.92197,8.7252019],[-79.921804,8.7253955],[-79.9195689,8.7285045],[-79.919461,8.728617],[-79.9194226,8.7286471],[-79.919289,8.7287341],[-79.9185164,8.7291481],[-79.9155043,8.7304688],[-79.9154336,8.7304784],[-79.9152077,8.7304892],[-79.911134,8.7303423],[-79.9106666,8.7304217],[-79.9068237,8.7313656],[-79.9067182,8.7314155],[-79.9066901,8.7314335],[-79.906678,8.7314434],[-79.9066666,8.7314548],[-79.9066527,8.7314716],[-79.9066367,8.7314953],[-79.9066289,8.7315098],[-79.9072054,8.7335004],[-79.9072054,8.7335004],[-79.9072544,8.7336698],[-79.9072777,8.7338526],[-79.9074681,8.7345046],[-79.9070346,8.7343631],[-79.9061401,8.7343605],[-79.90613,8.7343702],[-79.9060783,8.7344117],[-79.9059192,8.7345175],[-79.9024222,8.7364332],[-79.9023561,8.7364911],[-79.9023472,8.736501],[-79.9023105,8.7365511],[-79.902291,8.7365847],[-79.9022446,8.7366846],[-79.9021377,8.7369828],[-79.9015528,8.7391995],[-79.901564,8.7391996],[-79.9015616,8.73999],[-79.9015815,8.7400513],[-79.9010744,8.7407414],[-79.900631,8.7420856],[-79.9006298,8.7424977],[-79.9004983,8.7424973],[-79.9003119,8.7425262],[-79.8991229,8.7429067],[-79.8989863,8.7429754],[-79.8985374,8.743298],[-79.8985309,8.7432958],[-79.898483,8.7432957],[-79.8984829,8.7432958],[-79.8984828,8.7432957],[-79.8984003,8.7432954],[-79.8983357,8.7432065],[-79.8983253,8.7432065],[-79.898308,8.7432047],[-79.8982852,8.7432003],[-79.898248,8.7431896],[-79.8981772,8.7431623],[-79.8980109,8.7430797],[-79.8974936,8.7427619],[-79.8946647,8.7406759],[-79.8944816,8.7406366],[-79.8939379,8.740635],[-79.8935554,8.7403568],[-79.893133,8.7394517],[-79.8924996,8.7387423],[-79.892061,8.7383496],[-79.8911311,8.7377789],[-79.8910159,8.7377483],[-79.8885476,8.7374797],[-79.8885342,8.7374801],[-79.8883944,8.7375266],[-79.8883516,8.7375332],[-79.8880969,8.7375325],[-79.8876292,8.7373798],[-79.8871007,8.7373222],[-79.8870382,8.7372997],[-79.8870257,8.7372934],[-79.8865284,8.737292],[-79.8865285,8.7372565],[-79.8861591,8.7372555],[-79.8855964,8.7373275],[-79.8852001,8.7367816],[-79.8840513,8.7359467],[-79.8829003,8.7355715],[-79.8821172,8.7344947],[-79.8809841,8.7336727],[-79.8809394,8.7336515],[-79.8796147,8.7332211],[-79.8795097,8.7332044],[-79.8786404,8.7329206],[-79.8772184,8.7329164],[-79.8758648,8.7333495],[-79.8747119,8.7341777],[-79.8738727,8.7353197],[-79.8738571,8.7353667],[-79.8738137,8.7353966],[-79.873032,8.7363386],[-79.8730103,8.7363756],[-79.8728864,8.7366553],[-79.8722725,8.7362867],[-79.8709797,8.7359605],[-79.8706228,8.7359768],[-79.8684707,8.7372971],[-79.8684189,8.7373129],[-79.8682661,8.7373448],[-79.8670991,8.7374845],[-79.8665865,8.738182],[-79.8660175,8.7382813],[-79.8659446,8.7383057],[-79.8645923,8.7390888],[-79.8635749,8.7403147],[-79.8634809,8.7405818],[-79.863473,8.7405777],[-79.8632641,8.7409826],[-79.8630355,8.7416752],[-79.8629488,8.7417375],[-79.862948,8.7417399],[-79.8627467,8.7419191],[-79.8620928,8.7428088],[-79.8619299,8.7430876],[-79.8615984,8.7440923],[-79.8615202,8.7444529],[-79.861518,8.7451798],[-79.8610047,8.7457983],[-79.860983,8.7458353],[-79.8605162,8.7468885],[-79.8604803,8.7470202],[-79.8603961,8.7476122],[-79.8601565,8.7478492],[-79.859986,8.7479717],[-79.8598618,8.7481406],[-79.8597111,8.7482897],[-79.8590619,8.7487821],[-79.8590193,8.7488216],[-79.8581908,8.7501576],[-79.85814,8.7503049],[-79.8579344,8.75139],[-79.8579084,8.7513858],[-79.8578209,8.7519243],[-79.8572881,8.7526493],[-79.8572919,8.7526674],[-79.85729,8.7528099],[-79.8568968,8.75681],[-79.8572129,8.7577882],[-79.8580453,8.7589352],[-79.8581606,8.7590191],[-79.858104,8.7591907],[-79.8581011,8.7601316],[-79.8580647,8.7603556],[-79.8580817,8.7603583],[-79.858068,8.7604142],[-79.858031,8.7604859],[-79.8578994,8.7608846],[-79.8578794,8.7608814],[-79.8578714,8.7609308],[-79.8578724,8.7609353],[-79.8578724,8.7609809],[-79.8578623,8.7610875],[-79.8577983,8.7614345],[-79.8575863,8.7622077],[-79.8575835,8.7631022],[-79.857627,8.7633805],[-79.8577576,8.7637847],[-79.8577513,8.7637933],[-79.8575108,8.7645222],[-79.8569792,8.7637897],[-79.856976,8.7637908],[-79.85697,8.7637922],[-79.8569637,8.7637932],[-79.8569568,8.7637938],[-79.8569458,8.7637938],[-79.8569296,8.7637924],[-79.856907,8.7637883],[-79.8568714,8.7637785],[-79.8568127,8.7637567],[-79.8566943,8.7637005],[-79.8563735,8.7635113],[-79.8548561,8.7624259],[-79.8548561,8.7624259],[-79.8548561,8.7624259],[-79.8548559,8.7624258],[-79.8507475,8.7613458],[-79.8506322,8.7613413],[-79.850624,8.7613419],[-79.8505659,8.7613509],[-79.8505737,8.7614011],[-79.8503812,8.7614334],[-79.8503655,8.7614415],[-79.850043,8.7616452],[-79.8471511,8.7638395],[-79.8468452,8.7645955],[-79.8467217,8.7652035],[-79.8466977,8.7657673],[-79.8461204,8.7654129],[-79.8459722,8.7653624],[-79.8444391,8.7650748],[-79.8443475,8.7650745],[-79.8443093,8.7650784],[-79.8442673,8.765078],[-79.844243,8.7650751],[-79.844239,8.7650742],[-79.8441625,8.765074],[-79.8439022,8.7650732],[-79.8439021,8.7651074],[-79.8436722,8.7651067],[-79.8436671,8.765105],[-79.8431805,8.7644344],[-79.8429066,8.7642352],[-79.8429062,8.7642321],[-79.8424709,8.763265],[-79.8423641,8.7630649],[-79.841558,8.7621403],[-79.8414167,8.7620075],[-79.8404855,8.7613949],[-79.8404331,8.7613787],[-79.8403884,8.761317],[-79.8376912,8.7596886],[-79.8374527,8.7596107],[-79.8373683,8.759613],[-79.837117,8.7596417],[-79.8361447,8.7598388],[-79.833826,8.7605159],[-79.8334259,8.7606911],[-79.8333897,8.7607138],[-79.8333263,8.7607592],[-79.8333159,8.7607697],[-79.8332976,8.7607917],[-79.8332687,8.7608339],[-79.8332169,8.7609268],[-79.8331012,8.7611883],[-79.8318733,8.764791],[-79.8318313,8.7648609],[-79.8318112,8.7648868],[-79.8318089,8.7648891],[-79.8318086,8.7649829],[-79.8319514,8.7654247],[-79.8318085,8.7655274],[-79.8313752,8.7661168],[-79.8305428,8.7661142],[-79.8300628,8.7662677],[-79.8298397,8.7661054],[-79.829613,8.7659993],[-79.8284422,8.7656169],[-79.8281987,8.7656561],[-79.8257765,8.7657765],[-79.8251915,8.7659636],[-79.8250445,8.7660692],[-79.8249174,8.7658192],[-79.824701,8.7658299],[-79.824595,8.7658106],[-79.8245561,8.7657984],[-79.824526,8.7657849],[-79.8244677,8.765752],[-79.8243218,8.7656513],[-79.8237703,8.7651954],[-79.8213155,8.7628029],[-79.8209006,8.7621856],[-79.8194597,8.7596503],[-79.8194115,8.7595094],[-79.8194028,8.7594666],[-79.8194009,8.759444],[-79.8194013,8.7594171],[-79.8194065,8.7593674],[-79.8194268,8.7592682],[-79.8194973,8.7590352],[-79.8197932,8.7583003],[-79.8207988,8.7563132],[-79.8208596,8.7562324],[-79.8237103,8.7530326],[-79.8237495,8.7529643],[-79.8237802,8.7528905],[-79.8238674,8.7526141],[-79.824254,8.7509087],[-79.8245456,8.7488276],[-79.824539,8.7487307],[-79.8245009,8.7486129],[-79.8244598,8.7485368],[-79.8243254,8.7483339],[-79.8221875,8.7456508],[-79.8219629,8.7452854],[-79.8219085,8.7451636],[-79.8218887,8.7450998],[-79.8218813,8.745061],[-79.8218738,8.7449769],[-79.8218726,8.7445717],[-79.8224805,8.7366818],[-79.8231767,8.7326025],[-79.823214,8.7325143],[-79.8235051,8.7319623],[-79.8254694,8.7288425],[-79.8255192,8.7287919],[-79.8255697,8.7287516],[-79.8257297,8.7286457],[-79.8264106,8.7282754],[-79.8284653,8.7273699],[-79.8288698,8.7272492],[-79.8289418,8.727239],[-79.8289782,8.7272383],[-79.8290528,8.7272437],[-79.8292918,8.7272822],[-79.8305658,8.7275987],[-79.833097,8.7284492],[-79.8331618,8.7284888],[-79.8331922,8.7285131],[-79.8332553,8.7285736],[-79.8334262,8.7287689],[-79.8334409,8.728789],[-79.8337258,8.7286979],[-79.8341636,8.7292693],[-79.8342503,8.729356],[-79.8343983,8.72956],[-79.8344643,8.7296261],[-79.8345668,8.7297007],[-79.8345813,8.7297153],[-79.8347847,8.7298632],[-79.8351777,8.7310795],[-79.835212,8.7311469],[-79.8354507,8.7318857],[-79.8354511,8.7318864],[-79.8354648,8.731923],[-79.8355052,8.7320139],[-79.8355822,8.7321201],[-79.8355134,8.7322138],[-79.8355204,8.7323766],[-79.8353544,8.7363075],[-79.8354017,8.736454],[-79.8362339,8.7376011],[-79.8364096,8.737777],[-79.8373359,8.7384509],[-79.8370818,8.7387967],[-79.836875,8.7394232],[-79.8366016,8.7397952],[-79.8366017,8.7397975],[-79.8365965,8.7398797],[-79.8365494,8.7401877],[-79.8361238,8.7419726],[-79.8361224,8.7424298],[-79.8361588,8.7427113],[-79.8362378,8.7429557],[-79.8358144,8.7435187],[-79.8356454,8.7439787],[-79.8353279,8.7453103],[-79.8352835,8.7460692],[-79.8355904,8.7473496],[-79.8356506,8.7474528],[-79.8347793,8.7468189],[-79.8347774,8.7468199],[-79.8347648,8.7468248],[-79.8347438,8.746831],[-79.8347029,8.7468389],[-79.8346165,8.7468473],[-79.8343785,8.7468491],[-79.8307464,8.7465668],[-79.8305336,8.7465801],[-79.8303639,8.7466344],[-79.8303303,8.7466576],[-79.8302341,8.7467379],[-79.8299896,8.7469824],[-79.8291234,8.7480147],[-79.8278766,8.7497912],[-79.8278429,8.7498614],[-79.8277733,8.7500724],[-79.8277699,8.7501053],[-79.8277678,8.7503099],[-79.8278301,8.7511049],[-79.8282315,8.7535517],[-79.8284034,8.7541508],[-79.8286071,8.7543993],[-79.8286608,8.7544385],[-79.8290272,8.7546587],[-79.8305149,8.7553872],[-79.832277,8.7560656],[-79.8323746,8.7560848],[-79.8325628,8.7560854],[-79.8326283,8.7560697],[-79.8328579,8.7559926],[-79.8336841,8.7556332],[-79.835916,8.7544307],[-79.8363016,8.754158],[-79.8364559,8.7539794],[-79.8364662,8.7539537],[-79.8364979,8.7538467],[-79.836553,8.7535701],[-79.8369459,8.7499985],[-79.8369787,8.7498905],[-79.8369952,8.7498535],[-79.837006,8.7498353],[-79.8370138,8.7498248],[-79.8370169,8.7498215],[-79.8367284,8.7489289],[-79.8372208,8.7493875],[-79.8372814,8.7494293],[-79.8382913,8.7498935],[-79.839948,8.7501903],[-79.8402415,8.7502154],[-79.8402921,8.7502122],[-79.8413667,8.749926],[-79.8419308,8.7501103],[-79.8444336,8.7499546],[-79.8445373,8.7499265],[-79.8445824,8.7499121],[-79.8486036,8.7484561],[-79.8486526,8.7484491],[-79.8486593,8.7484443],[-79.8494987,8.7473024],[-79.8498488,8.7462411],[-79.8502511,8.7460186],[-79.8503895,8.7459228],[-79.8506905,8.7456379],[-79.851328,8.7449191],[-79.8513286,8.7449183],[-79.8516105,8.7444108],[-79.851935,8.7436087],[-79.8520585,8.7430007],[-79.8520941,8.7421643],[-79.8520702,8.741941],[-79.8521045,8.7419199],[-79.8521092,8.7418089],[-79.8520905,8.7417483],[-79.8527015,8.7413095],[-79.8535408,8.7401675],[-79.8539843,8.7388234],[-79.8539845,8.7387665],[-79.8548971,8.7390646],[-79.856319,8.7390688],[-79.8564194,8.7390533],[-79.8567992,8.7390545],[-79.8567991,8.7390672],[-79.8568959,8.7390675],[-79.8569929,8.7390551],[-79.8572375,8.7390558],[-79.8575103,8.7390137],[-79.8575065,8.7389894],[-79.8578095,8.7389506],[-79.8604195,8.7374595],[-79.8612088,8.7363855],[-79.8616523,8.7350413],[-79.8616566,8.7336266],[-79.8613181,8.7325795],[-79.8613914,8.732485],[-79.8618456,8.7314034],[-79.8618499,8.7313878],[-79.8618721,8.7312233],[-79.8627566,8.7312259],[-79.8633929,8.7310223],[-79.8637625,8.731143],[-79.8639026,8.7311808],[-79.8639535,8.7311854],[-79.8647312,8.7311878],[-79.8647311,8.7312232],[-79.8653732,8.7312251],[-79.8659725,8.7311484],[-79.8663764,8.7307939],[-79.8667336,8.730411],[-79.8668065,8.7303016],[-79.8710213,8.7227044],[-79.8711105,8.7225973],[-79.8712939,8.7224149],[-79.8717353,8.7220511],[-79.8731279,8.7211012],[-79.8731459,8.7210908],[-79.8731339,8.7210537],[-79.8733814,8.7203035],[-79.8738808,8.7198095],[-79.8742583,8.7192845],[-79.8743765,8.7193231],[-79.8757984,8.7193273],[-79.876678,8.7190459],[-79.8768953,8.7188682],[-79.8797319,8.7161916],[-79.87985,8.7160309],[-79.8798543,8.7160228],[-79.8798681,8.7159888],[-79.8798943,8.7159093],[-79.8799221,8.7158172],[-79.880044,8.715234],[-79.8804856,8.7116754],[-79.8803357,8.7112118],[-79.880473,8.7107956],[-79.880374,8.707377],[-79.8801635,8.7067258],[-79.8793312,8.7055789],[-79.878997,8.7053358],[-79.8789995,8.7045023],[-79.8791178,8.7041436],[-79.8791562,8.7038601],[-79.8791594,8.7027828],[-79.8791227,8.7024991],[-79.8789978,8.7021126],[-79.8789982,8.7019645],[-79.8789927,8.7019644],[-79.8791693,8.7017242],[-79.8802719,8.7011692],[-79.880501,8.7010046],[-79.8813064,8.700208],[-79.8814597,8.6999994],[-79.881509,8.6998978],[-79.8830985,8.6958704],[-79.8831155,8.6957656],[-79.8831171,8.6952165],[-79.8833691,8.6948735],[-79.8842415,8.6915905],[-79.8842426,8.6912252],[-79.8838789,8.6901003],[-79.8845827,8.6895947],[-79.8849979,8.6890296],[-79.8861075,8.6882323],[-79.8861565,8.688187],[-79.8861771,8.6881509],[-79.8874913,8.684015],[-79.8875129,8.6839805],[-79.8875135,8.6837827],[-79.8874779,8.6835547],[-79.8875481,8.6835043],[-79.8876675,8.6834859],[-79.8876701,8.6834836],[-79.8876708,8.6834835],[-79.8876673,8.683461],[-79.8882212,8.6833901],[-79.8907866,8.6815277],[-79.8912756,8.6810014],[-79.8915026,8.680489],[-79.8915272,8.6804992],[-79.8915272,8.6804992],[-79.8916825,8.6805634],[-79.8935051,8.6786014],[-79.8935557,8.6785685],[-79.8935979,8.6785476],[-79.8937126,8.6785026],[-79.8942029,8.6783579],[-79.8977794,8.6776107],[-79.9018221,8.6774401],[-79.9019013,8.6774173],[-79.9019323,8.6774043],[-79.901967,8.677385],[-79.9020447,8.6773323],[-79.9022678,8.6771493],[-79.9031895,8.6762498],[-79.9047228,8.6744785],[-79.9048094,8.6743345],[-79.9048274,8.6742927],[-79.904836,8.6742634],[-79.9048463,8.6742106],[-79.904858,8.674095],[-79.9048623,8.6737517],[-79.9045875,8.6700408],[-79.9045969,8.6699407],[-79.9053662,8.6656822],[-79.9053626,8.6656437],[-79.9053491,8.6655722],[-79.9052928,8.6653749],[-79.9041131,8.662288],[-79.9040548,8.6620375],[-79.9040479,8.6619645],[-79.9040486,8.6619311],[-79.9040515,8.6619091],[-79.9040586,8.6618789],[-79.904076,8.6618271],[-79.9041283,8.6617078],[-79.9043199,8.6613598],[-79.9063929,8.6582507],[-79.9078244,8.6550531],[-79.9079107,8.6549361],[-79.9079533,8.6548908],[-79.9079779,8.6548698],[-79.9079956,8.6548577],[-79.9080097,8.6548499],[-79.9080201,8.6548456],[-79.9080338,8.6548412],[-79.9080561,8.6548363],[-79.9080942,8.6548317],[-79.9081642,8.6548297],[-79.9083197,8.6548394],[-79.9087782,8.6549088],[-79.912306,8.6557532],[-79.9163679,8.656308],[-79.9164873,8.6562984],[-79.9165289,8.6562898],[-79.916561,8.6562791],[-79.9166235,8.6562516],[-79.9167799,8.656165],[-79.9173384,8.6557883],[-79.9200164,8.6536411],[-79.920097,8.6535523],[-79.9226102,8.650278],[-79.9226627,8.6502334],[-79.9227604,8.6501675],[-79.9233227,8.649854],[-79.9265968,8.6483511],[-79.9267396,8.6483119],[-79.9268177,8.6483024],[-79.9270796,8.6482936],[-79.9311682,8.6484944],[-79.9312732,8.6484801],[-79.9348308,8.6476835],[-79.9349289,8.6476822],[-79.9349658,8.6476861],[-79.9349838,8.6476901],[-79.934994,8.6476934],[-79.9350007,8.6476963],[-79.9350066,8.6476994],[-79.93501,8.6477017],[-79.9350131,8.6477042],[-79.9350158,8.6477067],[-79.9350171,8.6477082],[-79.9350196,8.6477114],[-79.9350218,8.647715],[-79.9350238,8.647719],[-79.9350256,8.6477233],[-79.9350279,8.6477306],[-79.9350298,8.6477387],[-79.9350315,8.6477508],[-79.9350326,8.6477717],[-79.9350309,8.6478089],[-79.9350217,8.6478744],[-79.9349855,8.6480286],[-79.9348376,8.6484724],[-79.9342365,8.6498584],[-79.9336767,8.6508722],[-79.9335816,8.6509945],[-79.9335445,8.6510313],[-79.9335251,8.6510466],[-79.9335095,8.6510563],[-79.9334842,8.6510687],[-79.9334367,8.6510867],[-79.9333336,8.6511151],[-79.9330566,8.6511649],[-79.9295011,8.6514906],[-79.9294393,8.6515099],[-79.929292,8.6515754],[-79.9283007,8.6521177],[-79.9263805,8.6533796],[-79.9260046,8.6537074],[-79.9258977,8.6538283],[-79.9258541,8.6538909],[-79.9258315,8.6539325],[-79.9257963,8.6540181],[-79.9256524,8.6544753],[-79.9236855,8.6629969],[-79.9234368,8.6666471],[-79.9234577,8.6667763],[-79.923753,8.6679773],[-79.9245582,8.6704171],[-79.9246552,8.6705959],[-79.9246937,8.6706494],[-79.9247154,8.6706734],[-79.9247293,8.6706858],[-79.9247414,8.6706946],[-79.9247587,8.6707048],[-79.9247901,8.6707197],[-79.924842,8.6707385],[-79.9249581,8.6707688],[-79.9252583,8.6708186],[-79.928562,8.6710783],[-79.9289252,8.6711467],[-79.9290081,8.6711748],[-79.9290433,8.6711915],[-79.9290631,8.6712037],[-79.9290747,8.6712126],[-79.9290828,8.6712203],[-79.9290908,8.6712294],[-79.9291007,8.6712428],[-79.9291142,8.671265],[-79.9291328,8.6713035],[-79.9291575,8.6713704],[-79.929195,8.6715103],[-79.9292584,8.6718767],[-79.9295415,8.6752618],[-79.929563,8.6753351],[-79.9298891,8.676186],[-79.931241,8.6790609],[-79.9313401,8.6791957],[-79.9313781,8.6792355],[-79.9313978,8.6792519],[-79.9314163,8.6792642],[-79.9314495,8.6792818],[-79.9315086,8.6793065],[-79.9316484,8.6793505],[-79.9320495,8.6794385],[-79.9335852,8.679639],[-79.9355402,8.679723],[-79.9356353,8.6797085],[-79.9356739,8.6796975],[-79.9357496,8.679668],[-79.9359713,8.6795581],[-79.9369585,8.6789585],[-79.9393946,8.6771932],[-79.9448203,8.6708678],[-79.9448742,8.6708277],[-79.944897,8.670815],[-79.9449237,8.6708033],[-79.9449582,8.6707918],[-79.9450079,8.6707801],[-79.9450761,8.6707706],[-79.9451891,8.6707656],[-79.9453682,8.6707746],[-79.9456998,8.6708221],[-79.9463556,8.6709787],[-79.9475194,8.6713726],[-79.9482486,8.6717052],[-79.9483689,8.6717825],[-79.9484032,8.6718113],[-79.9484184,8.6718274],[-79.948444,8.6718601],[-79.9484906,8.6719323],[-79.9485993,8.6721396],[-79.9500479,8.6755983],[-79.9501275,8.6757222],[-79.95016,8.6757609],[-79.9501787,8.6757786],[-79.9502004,8.675795],[-79.9502378,8.6758183],[-79.9503121,8.6758556],[-79.9505081,8.6759328],[-79.954061,8.6769786],[-79.9542409,8.6770725],[-79.954318,8.6771251],[-79.9543574,8.6771589],[-79.9543829,8.677186],[-79.9544382,8.6772577],[-79.9546703,8.6776192],[-79.9585576,8.6848746],[-79.9600974,8.6888522],[-79.9601786,8.6889671],[-79.9628255,8.6921135],[-79.9628465,8.6921569],[-79.9628698,8.6922231],[-79.9629183,8.6924142],[-79.9630361,8.6931274],[-79.9665788,8.6957027],[-79.9719841,8.6974655],[-79.9776722,8.6974797],[-79.9819474,8.6968168],[-79.982086,8.6968099],[-79.9823601,8.6968249],[-79.9827692,8.6968045],[-79.9827635,8.6966903],[-79.9831632,8.6966283],[-79.9836928,8.6966297],[-79.9840802,8.69652],[-79.9842219,8.6964581],[-79.9847344,8.6961782],[-79.987915,8.6940867],[-79.9905354,8.691632],[-79.9908051,8.6914348],[-79.9908626,8.6914044],[-79.9908967,8.6913913],[-79.990979,8.6913682],[-79.9912679,8.6913136],[-79.9928406,8.69115],[-79.9950971,8.6911037],[-79.995241,8.6911276],[-79.9952863,8.6911413],[-79.9953064,8.6911499],[-79.9953311,8.6911634],[-79.9953728,8.6911912],[-79.9954583,8.6912602],[-79.995666,8.6914618],[-79.9981187,8.6942991],[-79.9983121,8.6944396],[-79.9986518,8.6945504],[-79.9989061,8.6945968],[-80.0027775,8.6949706],[-80.0072967,8.6958757],[-80.0115566,8.6960648],[-80.0116068,8.6960539],[-80.0116842,8.6960283],[-80.0119296,8.6959223],[-80.0154996,8.6940109],[-80.0157677,8.6939313],[-80.0197194,8.6930812],[-80.0200052,8.6930663],[-80.0229904,8.6931296],[-80.0236229,8.6932169],[-80.0237243,8.6932471],[-80.0237638,8.6932642],[-80.0237837,8.6932756],[-80.0237955,8.693284],[-80.0238075,8.6932945],[-80.0238223,8.6933102],[-80.0238454,8.6933395],[-80.0238833,8.6933986],[-80.0239473,8.6935221],[-80.0239844,8.6936126],[-80.0289029,8.6920363],[-80.0335126,8.6887216],[-80.0336682,8.6885676],[-80.0366651,8.6864126],[-80.0375008,8.6855853],[-80.0389548,8.6836046],[-80.039631,8.6829351],[-80.0429855,8.6783652],[-80.0447566,8.6729874],[-80.0447697,8.6677756],[-80.0451812,8.6652317],[-80.0455407,8.6641401],[-80.0455434,8.6630607],[-80.0457517,8.6617729],[-80.0457659,8.6561137],[-80.0440222,8.6507271],[-80.0432269,8.6491642],[-80.0430041,8.647741],[-80.0432341,8.646319],[-80.0439443,8.6449404],[-80.0457152,8.6395626],[-80.0459614,8.6380398],[-80.0463063,8.6379864],[-80.051719,8.636251],[-80.0563278,8.6329359],[-80.0594851,8.6286335],[-80.0599602,8.6281631],[-80.0633139,8.6235929],[-80.0648208,8.6206673],[-80.0663094,8.6166817],[-80.066521,8.6149385],[-80.066592,8.6149499],[-80.0668044,8.6136363],[-80.0668069,8.6125834],[-80.0668219,8.6124603],[-80.0668227,8.6121208],[-80.0668081,8.6121208],[-80.0668182,8.6079771],[-80.066766,8.6076438],[-80.0668199,8.6073108],[-80.0668337,8.6016516],[-80.0668023,8.6014508],[-80.0650584,8.5960643],[-80.0617274,8.5914778],[-80.0614192,8.5911695],[-80.063617,8.5915214],[-80.0647137,8.591879],[-80.0657983,8.5918817],[-80.0681644,8.5922605],[-80.0685358,8.59245],[-80.0702081,8.5929953],[-80.0721156,8.5939684],[-80.0775191,8.5957302],[-80.0832052,8.5957438],[-80.0886171,8.5940078],[-80.0892756,8.5936758],[-80.0890912,8.5948173],[-80.0890777,8.6004765],[-80.0901791,8.6038778],[-80.0903742,8.6051228],[-80.0899299,8.6078726],[-80.0899164,8.6135318],[-80.0916607,8.6189183],[-80.0949922,8.6235046],[-80.0995848,8.6268418],[-80.1049889,8.6286033],[-80.1106755,8.6286165],[-80.1140303,8.6275403],[-80.1159961,8.6272351],[-80.1190917,8.6277303],[-80.1202907,8.6281211],[-80.1216871,8.6283445],[-80.1218238,8.628383],[-80.1220635,8.6284611],[-80.1221491,8.6284748],[-80.1257551,8.6294925],[-80.1271727,8.6297193],[-80.1275131,8.6298302],[-80.1282699,8.6299513],[-80.1311949,8.6301804],[-80.1314755,8.6301798],[-80.1314755,8.6301771],[-80.131667,8.6301912],[-80.1357263,8.6308404],[-80.141413,8.6308532],[-80.1468253,8.6291164],[-80.1514333,8.6258001],[-80.1519084,8.6253295],[-80.1521816,8.6250588],[-80.1529058,8.6243412],[-80.1562585,8.6197701],[-80.1564971,8.6193064],[-80.1578721,8.61663],[-80.1610015,8.612363],[-80.161583,8.6105953],[-80.1624318,8.6089462],[-80.1635373,8.6078507],[-80.1651987,8.6066549],[-80.1665464,8.6059752],[-80.1678443,8.6057735],[-80.1678738,8.6057782],[-80.1682435,8.6061478],[-80.1702343,8.6075939],[-80.1713088,8.6086679],[-80.1713134,8.6086973],[-80.1710592,8.6102726],[-80.1710468,8.6159319],[-80.1727924,8.6213181],[-80.1761249,8.6259038],[-80.1807184,8.6292402],[-80.1835308,8.6301562],[-80.1866392,8.6317407],[-80.1877502,8.6325476],[-80.1878943,8.6326211],[-80.1879352,8.6328813],[-80.1878867,8.6331819],[-80.1877325,8.6333346],[-80.1838501,8.6352929],[-80.1820625,8.6358667],[-80.1809575,8.6364241],[-80.1763495,8.6397407],[-80.1748423,8.6412341],[-80.1717936,8.64524],[-80.1699698,8.649926],[-80.169817,8.6515957],[-80.16974,8.6515834],[-80.1697181,8.651719],[-80.1696739,8.6525285],[-80.1694624,8.6538386],[-80.1694323,8.6542086],[-80.169083,8.6563728],[-80.1690796,8.6579157],[-80.1687428,8.6600026],[-80.1687009,8.6600441],[-80.1653479,8.6646153],[-80.1635786,8.6699938],[-80.1635661,8.6756532],[-80.1653117,8.6810394],[-80.1686446,8.6856252],[-80.1732386,8.6889617],[-80.1755104,8.6897016],[-80.1769329,8.6904267],[-80.177155,8.6906486],[-80.1776613,8.6916427],[-80.1776714,8.6917069],[-80.1794172,8.697093],[-80.180247,8.6982346],[-80.1804871,8.6987061],[-80.1813453,8.6998867],[-80.1828236,8.702789],[-80.186157,8.7073747],[-80.1907514,8.710711],[-80.1961573,8.7124713],[-80.2018453,8.7124833],[-80.2072586,8.7107458],[-80.2118672,8.7074288],[-80.21522,8.7028572],[-80.2169889,8.6974784],[-80.2171962,8.6961932],[-80.2182703,8.6929269],[-80.2184206,8.6926348],[-80.2191637,8.6918985],[-80.2191932,8.6918939],[-80.2192595,8.6919045],[-80.2209718,8.692777],[-80.2223835,8.693802],[-80.2277893,8.6955618],[-80.2288018,8.6957235],[-80.2292081,8.6959301],[-80.229419,8.697273],[-80.2291889,8.6987001],[-80.2271364,8.7027199],[-80.2262997,8.7038609],[-80.225591,8.7052378],[-80.2238223,8.7106166],[-80.2238106,8.7162761],[-80.2255572,8.7216621],[-80.2288912,8.7262475],[-80.2334863,8.7295833],[-80.2382237,8.7311253],[-80.240981,8.7325301],[-80.2410883,8.7326079],[-80.2464948,8.7343676],[-80.2521832,8.7343789],[-80.2575966,8.7326406],[-80.2595791,8.7316405],[-80.2641876,8.7283229],[-80.26754,8.7237508],[-80.2693083,8.7183717],[-80.2693193,8.7127122],[-80.267572,8.7073263],[-80.2672443,8.7066833],[-80.267227,8.7065731],[-80.2673245,8.7059679],[-80.2687556,8.7016141],[-80.2692109,8.6987891],[-80.2696875,8.6973394],[-80.2709185,8.6961192],[-80.2726097,8.6949015],[-80.2745664,8.6922325],[-80.2758854,8.6909251],[-80.2761449,8.6908847],[-80.2765731,8.6909531],[-80.2779815,8.6909557],[-80.2786013,8.6909929],[-80.2789676,8.6909789],[-80.2789668,8.6909576],[-80.2822609,8.6909638],[-80.2826895,8.6908971],[-80.28467,8.6912131],[-80.286486,8.6930268],[-80.2910813,8.696362],[-80.2964875,8.6981209],[-80.2983843,8.6984234],[-80.3040722,8.6984339],[-80.3094849,8.6966948],[-80.3140926,8.6933766],[-80.3174441,8.6888039],[-80.3192114,8.6834245],[-80.319373,8.6824213],[-80.3211215,8.6770919],[-80.3215605,8.6743525],[-80.3217279,8.6741865],[-80.3218938,8.6741606],[-80.3230181,8.6743399],[-80.3266716,8.6755283],[-80.3323592,8.6755382],[-80.3377715,8.6737988],[-80.3423787,8.6704801],[-80.3457297,8.6659071],[-80.3457777,8.6658137],[-80.3459473,8.6658408],[-80.3516348,8.6658505],[-80.3521021,8.6657003],[-80.3574714,8.6648633],[-80.3594353,8.664232],[-80.3613139,8.6639391],[-80.3617849,8.6640142],[-80.3649715,8.6640195],[-80.3662103,8.6642168],[-80.367413,8.6665753],[-80.3703839,8.6706586],[-80.3714822,8.6728124],[-80.3748178,8.6773966],[-80.3752212,8.6777993],[-80.3798171,8.6811335],[-80.3852237,8.6828912],[-80.387526,8.6832578],[-80.388628,8.6838188],[-80.3940347,8.6855763],[-80.3997225,8.6855853],[-80.4051347,8.6838449],[-80.4097414,8.6805254],[-80.4130917,8.6759518],[-80.4148577,8.6705718],[-80.4150799,8.6691896],[-80.4150898,8.6691912],[-80.4173426,8.6703377],[-80.4227492,8.6720949],[-80.4284368,8.6721034],[-80.4338487,8.6703626],[-80.4384551,8.6670427],[-80.4392673,8.6662369],[-80.4392968,8.6662322],[-80.4393263,8.6662369],[-80.4410684,8.6679756],[-80.4430606,8.6694204],[-80.443306,8.6696652],[-80.4479025,8.6729986],[-80.4490635,8.6733758],[-80.4526137,8.6751823],[-80.4543411,8.6764349],[-80.4566052,8.6775869],[-80.4620121,8.6793435],[-80.4676999,8.6793515],[-80.4731118,8.67761],[-80.4777179,8.6742897],[-80.4810673,8.6697154],[-80.4828323,8.6643351],[-80.4828375,8.6604793],[-80.4829917,8.6595191],[-80.4849094,8.659824],[-80.4866883,8.6604018],[-80.4923758,8.6604094],[-80.4931832,8.6602832],[-80.4943127,8.6602847],[-80.4947338,8.6602853],[-80.4977954,8.6602893],[-80.4977952,8.6604113],[-80.4980679,8.6604117],[-80.4980681,8.6602896],[-80.5000002,8.6602922],[-80.5002752,8.6602492],[-80.501276,8.6602505],[-80.5066874,8.6585086],[-80.5094505,8.6565163],[-80.5104143,8.6560292],[-80.5104806,8.6560188],[-80.5105469,8.6560294],[-80.5120574,8.6567977],[-80.5122244,8.6569188],[-80.5148007,8.6594891],[-80.5193978,8.6628216],[-80.5248049,8.6645773],[-80.5304925,8.6645843],[-80.5359039,8.662842],[-80.5391819,8.6604781],[-80.5398586,8.660136],[-80.5399249,8.6601256],[-80.5399544,8.6601303],[-80.5414823,8.6616544],[-80.5426338,8.6632355],[-80.5472312,8.6665677],[-80.5526384,8.668323],[-80.5541608,8.6685648],[-80.5556981,8.6693465],[-80.5574259,8.6705987],[-80.5576401,8.6707076],[-80.5611936,8.6742518],[-80.5623624,8.6758565],[-80.5630042,8.6771134],[-80.5631469,8.6780169],[-80.5631423,8.682002],[-80.5632807,8.6828781],[-80.563276,8.6829074],[-80.5630796,8.6831024],[-80.5607425,8.684284]],[[-79.9267956,8.6730627],[-79.9267683,8.6729957],[-79.9267526,8.672967],[-79.926742,8.6729516],[-79.9267322,8.6729401],[-79.9267152,8.6729231],[-79.9266805,8.6728944],[-79.9266092,8.6728457],[-79.9264216,8.6727414],[-79.9257978,8.6724643],[-79.9239027,8.6718119],[-79.9229474,8.6715888],[-79.922806,8.6715782],[-79.9227528,8.6715808],[-79.9227264,8.6715852],[-79.9227123,8.6715891],[-79.9226949,8.6715957],[-79.9226691,8.6716085],[-79.9226289,8.6716331],[-79.9225525,8.6716897],[-79.9223817,8.6718418],[-79.9218835,8.6723711],[-79.9205953,8.6740019],[-79.9201257,8.6747455],[-79.9200776,8.6748577],[-79.920065,8.6749017],[-79.9200613,8.6749234],[-79.9200601,8.6749419],[-79.9200608,8.6749704],[-79.9200665,8.6750215],[-79.9200881,8.6751272],[-79.9201692,8.6753984],[-79.9205323,8.6763134],[-79.9215013,8.6782482],[-79.9217849,8.6786739],[-79.9218539,8.6787505],[-79.9218854,8.6787779],[-79.9219036,8.6787905],[-79.9219163,8.6787975],[-79.9219342,8.6788052],[-79.9219626,8.6788144],[-79.9220098,8.6788251],[-79.9221122,8.6788387],[-79.922363,8.6788486],[-79.9232217,8.678806],[-79.9261955,8.6784056],[-79.9262271,8.6783927],[-79.9262664,8.6783721],[-79.9263207,8.6783365],[-79.926391,8.6782802],[-79.9264998,8.6781756],[-79.9266909,8.6779547],[-79.9272166,8.6772187],[-79.9272165,8.6772185],[-79.9268633,8.6733261],[-79.9267956,8.6730627]]]}},{"type":"Feature","properties":{"nombre":"Corredor Victoriano Lorenzo","notas":"En el filo de la Cordillera Central, este corredor une las vertientes del Caribe y el Pacífico, partiendo del Parque Nacional Omar Torrijos, pasando por los pueblos al norte de Penonomé, el Valle de Antón y Campana, para terminar en los manglares de Sajalices en la Bahía de Chame. Cerca de la costa pasa la Panamericana y hay muchos potreros que cortan la conectividad hacia el manglar.","cond_promedio":21.65,"area_ha":11515,"cat":"mediabaja","categoria_etiqueta":"Media-baja","es_mesoamericano":false},"geometry":{"type":"Polygon","coordinates":[[[-79.8662524,8.667094],[-79.8662293,8.667118],[-79.8661886,8.6671526],[-79.866079,8.6672292],[-79.8656667,8.667466],[-79.8623075,8.6690404],[-79.8587433,8.6702997],[-79.8584914,8.6704435],[-79.8584004,8.6705115],[-79.8583552,8.6705541],[-79.8583167,8.6705995],[-79.858164,8.6708158],[-79.8537758,8.6782352],[-79.8536595,8.6783739],[-79.8531229,8.6789123],[-79.8504557,8.6811841],[-79.8502089,8.6813161],[-79.8465782,8.6829049],[-79.8427589,8.6840116],[-79.8426264,8.6840798],[-79.8425839,8.6841088],[-79.8425643,8.6841258],[-79.8425408,8.6841508],[-79.8424949,8.68421],[-79.8423863,8.6843793],[-79.8420578,8.6850072],[-79.8414153,8.6865481],[-79.8411479,8.687451],[-79.8410984,8.6877599],[-79.8410929,8.6879002],[-79.8410989,8.6879799],[-79.8411082,8.6880293],[-79.8411187,8.6880643],[-79.8411285,8.6880876],[-79.8411391,8.6881072],[-79.8411618,8.6881412],[-79.8412325,8.6882289],[-79.8415393,8.6885475],[-79.8476625,8.6939516],[-79.8478272,8.6941409],[-79.8485808,8.6951684],[-79.8495673,8.696785],[-79.8496469,8.6969796],[-79.8496629,8.6970402],[-79.849667,8.6970694],[-79.8496682,8.6971055],[-79.8496641,8.697178],[-79.8496342,8.6973793],[-79.8487588,8.7010261],[-79.8487516,8.7011762],[-79.8487558,8.7012313],[-79.8487611,8.7012592],[-79.8487664,8.701277],[-79.8487721,8.7012908],[-79.8487815,8.7013086],[-79.8487979,8.7013343],[-79.848834,8.7013806],[-79.8489155,8.7014666],[-79.8491468,8.7016696],[-79.8520261,8.7037806],[-79.852158,8.7039112],[-79.8521927,8.7039559],[-79.8522064,8.7039784],[-79.8522145,8.7039956],[-79.8522247,8.7040235],[-79.8522395,8.7040793],[-79.8522589,8.7041952],[-79.8522813,8.7044929],[-79.8522674,8.705599],[-79.8520318,8.7080038],[-79.8519687,8.7081683],[-79.8501607,8.7119084],[-79.8501452,8.7119713],[-79.8501125,8.7121864],[-79.8498388,8.7161846],[-79.8491454,8.7195272],[-79.848935,8.7201565],[-79.8488789,8.7202661],[-79.8488507,8.7203079],[-79.8488325,8.7203294],[-79.848819,8.7203422],[-79.8488102,8.720349],[-79.8488011,8.7203547],[-79.8487909,8.72036],[-79.8487731,8.720367],[-79.8487489,8.7203741],[-79.8487079,8.7203821],[-79.8486333,8.7203897],[-79.8484762,8.7203912],[-79.848039,8.7203562],[-79.8444776,8.7197579],[-79.8358847,8.7198984],[-79.8357687,8.7198751],[-79.8357298,8.7198617],[-79.8356483,8.7198251],[-79.8353886,8.7196792],[-79.8320414,8.717406],[-79.8319382,8.71736],[-79.8283251,8.716098],[-79.8282215,8.7160378],[-79.8281881,8.7160122],[-79.828148,8.7159737],[-79.8280464,8.7158562],[-79.8276581,8.7153184],[-79.8258072,8.7122603],[-79.8257602,8.7121307],[-79.8246364,8.7079674],[-79.8246071,8.7079118],[-79.82451,8.7077642],[-79.8237913,8.7068478],[-79.8218268,8.704711],[-79.821772,8.7046746],[-79.8217218,8.7046494],[-79.8215767,8.704592],[-79.8209318,8.7043987],[-79.817359,8.7036343],[-79.8172352,8.7036355],[-79.8133898,8.7040011],[-79.8131621,8.7039855],[-79.8130885,8.703971],[-79.8130519,8.7039593],[-79.8130309,8.7039498],[-79.8130183,8.7039424],[-79.8130096,8.7039361],[-79.8130012,8.7039287],[-79.8129907,8.7039176],[-79.8129758,8.7038987],[-79.8129565,8.7038688],[-79.8129283,8.703815],[-79.8128821,8.7037032],[-79.8127925,8.7034151],[-79.8125651,8.7023653],[-79.8116586,8.6954135],[-79.8116312,8.6953221],[-79.811436,8.694844],[-79.8099736,8.6919161],[-79.8097014,8.6915132],[-79.8096398,8.6914461],[-79.8096102,8.6914208],[-79.8095927,8.691409],[-79.8095721,8.6913981],[-79.8095358,8.6913833],[-79.8094666,8.6913624],[-79.8093086,8.6913303],[-79.8088505,8.6912788],[-79.8071122,8.6912333],[-79.8053789,8.69134],[-79.8053346,8.6913536],[-79.8053186,8.6913607],[-79.805304,8.6913691],[-79.8052855,8.6913822],[-79.8052629,8.6914019],[-79.805236,8.6914299],[-79.805197,8.6914789],[-79.8051411,8.6915638],[-79.8050478,8.6917391],[-79.8048827,8.6921346],[-79.8046215,8.6929693],[-79.8044786,8.6936569],[-79.8044704,8.6937854],[-79.8044734,8.6938268],[-79.8044935,8.6939517],[-79.8054197,8.6976632],[-79.8054369,8.6978589],[-79.8054344,8.697914],[-79.8054303,8.697939],[-79.8054249,8.6979585],[-79.8054125,8.6979913],[-79.805388,8.6980414],[-79.8053248,8.6981452],[-79.8051366,8.6983984],[-79.8043405,8.6992929],[-79.7996527,8.7037589],[-79.7994554,8.7038977],[-79.7955026,8.7062481],[-79.7918714,8.7076846],[-79.791749,8.7077035],[-79.7917042,8.707705],[-79.7916797,8.707703],[-79.7916649,8.7077001],[-79.7916485,8.7076952],[-79.7916236,8.7076852],[-79.7915887,8.7076669],[-79.7915324,8.7076305],[-79.7914335,8.7075528],[-79.7912101,8.7073424],[-79.7891153,8.7049923],[-79.7890227,8.7049192],[-79.7889864,8.7048972],[-79.7889591,8.7048847],[-79.7888918,8.704861],[-79.7886828,8.7048082],[-79.787693,8.7046466],[-79.7848816,8.704418],[-79.7848139,8.7044284],[-79.7845462,8.7044947],[-79.7826035,8.7051467],[-79.7809067,8.7058803],[-79.7808239,8.7059384],[-79.7807954,8.7059641],[-79.7807807,8.7059806],[-79.7807637,8.706004],[-79.7807349,8.7060522],[-79.780686,8.7061552],[-79.7805775,8.7064511],[-79.779682,8.7097708],[-79.779577,8.7100369],[-79.7795479,8.7100877],[-79.7795304,8.7101114],[-79.7794874,8.7101595],[-79.7793612,8.7102767],[-79.7788075,8.7107078],[-79.7758663,8.7126356],[-79.7719142,8.7141644],[-79.7716263,8.7143338],[-79.7687495,8.7163171],[-79.768459,8.7165836],[-79.7684102,8.7166437],[-79.7683922,8.7166721],[-79.7683793,8.7166989],[-79.7683594,8.7167528],[-79.7683262,8.7168773],[-79.76826,8.7172579],[-79.7681202,8.7188739],[-79.7681217,8.7208598],[-79.7681442,8.7209762],[-79.7681556,8.7210109],[-79.7681704,8.721043],[-79.7682033,8.7211002],[-79.7683008,8.7212387],[-79.7686937,8.7217027],[-79.7711814,8.7241863],[-79.7712913,8.7242634],[-79.7729897,8.7252482],[-79.7732482,8.7254396],[-79.773319,8.7255079],[-79.7733502,8.7255457],[-79.7733659,8.7255694],[-79.7733758,8.7255883],[-79.7733815,8.7256027],[-79.7733844,8.7256132],[-79.7733862,8.7256233],[-79.7733868,8.7256299],[-79.7733868,8.7256363],[-79.7733863,8.725642],[-79.7733847,8.7256512],[-79.7733811,8.7256641],[-79.7733732,8.7256848],[-79.7733563,8.7257192],[-79.77331,8.7257951],[-79.7731628,8.7259938],[-79.7724694,8.7267787],[-79.7707801,8.7283968],[-79.770697,8.7284508],[-79.7706427,8.7284765],[-79.7704651,8.728542],[-79.7664391,8.7296502],[-79.7663253,8.7297043],[-79.7662919,8.729726],[-79.766242,8.7297663],[-79.7661085,8.7298957],[-79.7655766,8.730508],[-79.7637411,8.7330041],[-79.763627,8.7332178],[-79.7636158,8.7332506],[-79.7636093,8.7332807],[-79.7636038,8.7333259],[-79.7636014,8.7334098],[-79.7636125,8.7335796],[-79.7636776,8.7339911],[-79.763942,8.7350402],[-79.7642769,8.7359839],[-79.7643316,8.7360843],[-79.7643498,8.7361091],[-79.7643893,8.7361533],[-79.7645145,8.7362702],[-79.7667009,8.737985],[-79.767044,8.7383138],[-79.7671085,8.7383962],[-79.7671336,8.7384377],[-79.7671447,8.7384615],[-79.7671507,8.7384792],[-79.7671565,8.7385045],[-79.7671626,8.7385513],[-79.7671662,8.7386455],[-79.7671522,8.7389162],[-79.7666146,8.7427562],[-79.7666199,8.7428252],[-79.7666268,8.742859],[-79.7666473,8.7429268],[-79.7667229,8.7431149],[-79.7684886,8.746608],[-79.7685074,8.7466829],[-79.7685112,8.7467123],[-79.7685115,8.7467287],[-79.7685107,8.7467383],[-79.7685096,8.7467447],[-79.768508,8.7467505],[-79.7685067,8.7467539],[-79.7685048,8.7467578],[-79.7685023,8.7467616],[-79.7684995,8.7467654],[-79.7684962,8.746769],[-79.7684925,8.7467724],[-79.7684884,8.7467757],[-79.7684814,8.7467804],[-79.7684706,8.7467863],[-79.7684582,8.7467916],[-79.7684367,8.7467986],[-79.7684026,8.7468063],[-79.7683406,8.7468142],[-79.7682177,8.7468187],[-79.7678847,8.7468011],[-79.7650387,8.7464013],[-79.764957,8.746403],[-79.7607938,8.7468662],[-79.7606055,8.7468558],[-79.7605537,8.746846],[-79.7605307,8.7468388],[-79.7605171,8.7468329],[-79.7605045,8.7468259],[-79.760485,8.7468128],[-79.7604613,8.7467933],[-79.7604258,8.7467582],[-79.760373,8.7466954],[-79.7602751,8.7465539],[-79.7600629,8.7461763],[-79.7589594,8.7437246],[-79.7542794,8.7363095],[-79.7542544,8.7362457],[-79.7541938,8.7360361],[-79.7533664,8.7319306],[-79.7519046,8.7281878],[-79.7506489,8.7242683],[-79.7506388,8.7241808],[-79.7506313,8.7237952],[-79.7508597,8.7198597],[-79.7509421,8.719566],[-79.7523785,8.71566],[-79.75826,8.704185],[-79.7584047,8.7037085],[-79.7592232,8.6999107],[-79.7595623,8.6957548],[-79.7596118,8.6955758],[-79.7596369,8.6955161],[-79.7596526,8.6954883],[-79.7596633,8.6954733],[-79.7596723,8.6954629],[-79.7596799,8.6954559],[-79.759689,8.6954492],[-79.7596994,8.6954429],[-79.7597142,8.6954356],[-79.7597347,8.6954276],[-79.7597708,8.6954171],[-79.7598337,8.6954052],[-79.7599605,8.6953934],[-79.7602679,8.6953929],[-79.7638281,8.6957001],[-79.7639035,8.6956896],[-79.7639344,8.6956815],[-79.7639622,8.695671],[-79.7640174,8.6956444],[-79.7641488,8.6955658],[-79.764602,8.6952384],[-79.7673918,8.6928479],[-79.7703258,8.6895691],[-79.7705116,8.6894263],[-79.7739901,8.6871587],[-79.7777071,8.6853783],[-79.777821,8.6853478],[-79.7818794,8.6846168],[-79.7819556,8.6845876],[-79.7819954,8.684566],[-79.7820822,8.6845084],[-79.7823298,8.6843106],[-79.7831169,8.6835607],[-79.7839162,8.6826452],[-79.7840797,8.682398],[-79.7841237,8.6823089],[-79.7841399,8.6822637],[-79.7841468,8.6822356],[-79.7841493,8.6822174],[-79.7841501,8.6821975],[-79.7841478,8.6821594],[-79.7841347,8.6820742],[-79.7840762,8.6818384],[-79.7837262,8.680815],[-79.7826687,8.6784002],[-79.7825455,8.6782073],[-79.7825133,8.6781698],[-79.782485,8.6781439],[-79.7824211,8.678095],[-79.782221,8.6779683],[-79.781333,8.6775079],[-79.7787128,8.6764123],[-79.7784955,8.6763582],[-79.7784522,8.676354],[-79.7783919,8.6763545],[-79.7782284,8.6763707],[-79.7776064,8.6764881],[-79.77422,8.6774192],[-79.7741242,8.6774616],[-79.7704435,8.6794782],[-79.7703014,8.6795243],[-79.770253,8.6795336],[-79.7702282,8.6795355],[-79.7702137,8.6795351],[-79.7701921,8.6795325],[-79.7701542,8.6795242],[-79.7700824,8.6795016],[-79.7699197,8.6794336],[-79.7694893,8.6792072],[-79.7685385,8.678594],[-79.7677815,8.6779913],[-79.7674969,8.6777026],[-79.7673813,8.6775534],[-79.7673278,8.6774653],[-79.7673001,8.6774063],[-79.7672846,8.6773615],[-79.7672771,8.6773295],[-79.7672736,8.6773039],[-79.7672727,8.6772793],[-79.7672738,8.6772604],[-79.7672767,8.6772421],[-79.7672813,8.6772246],[-79.7672859,8.6772119],[-79.7672916,8.6771997],[-79.7672982,8.6771878],[-79.767306,8.6771764],[-79.7673148,8.6771655],[-79.7673281,8.6771515],[-79.7673473,8.6771351],[-79.7674104,8.6770898],[-79.7678006,8.6768572],[-79.7798046,8.6709029],[-79.7921075,8.6670186],[-79.7922215,8.6670133],[-79.7922597,8.6670163],[-79.7922793,8.6670202],[-79.7923065,8.6670283],[-79.7923499,8.6670458],[-79.7924247,8.6670847],[-79.7925722,8.6671801],[-79.7929262,8.6674579],[-79.7939211,8.6683918],[-79.7947687,8.6693461],[-79.7947924,8.6693903],[-79.7948482,8.6695222],[-79.7959678,8.6729595],[-79.7960973,8.6732257],[-79.7961423,8.6732934],[-79.7961672,8.6733229],[-79.7961839,8.6733388],[-79.7961955,8.6733477],[-79.7962084,8.6733557],[-79.7962298,8.6733665],[-79.7962674,8.6733811],[-79.7963383,8.6734015],[-79.7965063,8.6734333],[-79.7969818,8.6734797],[-79.798577,8.6734961],[-79.8001564,8.6733683],[-79.8003408,8.6733235],[-79.8003945,8.6733029],[-79.800418,8.6732907],[-79.8004334,8.6732806],[-79.8004585,8.6732607],[-79.8005023,8.6732187],[-79.800586,8.6731225],[-79.8008006,8.6728266],[-79.8015527,8.671573],[-79.8025422,8.6695497],[-79.8025583,8.669483],[-79.8025643,8.6694299],[-79.8025675,8.6692967],[-79.8025343,8.6687799],[-79.8019929,8.6651337],[-79.8007938,8.6609442],[-79.8007912,8.6608775],[-79.8007959,8.6608234],[-79.8008218,8.6606799],[-79.8009867,8.6600745],[-79.802261,8.6565549],[-79.8025776,8.6560159],[-79.8047026,8.6529367],[-79.8047449,8.6529005],[-79.8047941,8.6528672],[-79.8049439,8.6527842],[-79.805619,8.6524829],[-79.808131,8.6516009],[-79.8086475,8.6514863],[-79.8087198,8.6514821],[-79.8087522,8.6514842],[-79.8088109,8.6514936],[-79.8089616,8.651532],[-79.8095194,8.6517278],[-79.812967,8.6532663],[-79.8165892,8.65562],[-79.8166503,8.6556405],[-79.8166868,8.6556482],[-79.8167799,8.6556594],[-79.8171042,8.6556694],[-79.8188045,8.655578],[-79.8210288,8.6552713],[-79.8211083,8.6552418],[-79.8211371,8.6552269],[-79.8211831,8.6551967],[-79.8212796,8.6551197],[-79.8215603,8.6548518],[-79.8230486,8.6531693],[-79.8267925,8.6482079],[-79.833357,8.642537],[-79.8334274,8.6424556],[-79.8335216,8.6423185],[-79.8337651,8.641885],[-79.834441,8.6403904],[-79.834937,8.6389501],[-79.8349794,8.6387191],[-79.8349834,8.6386427],[-79.834981,8.6386063],[-79.8349772,8.6385849],[-79.8349732,8.6385712],[-79.8349663,8.6385534],[-79.8349514,8.6385239],[-79.8349207,8.6384756],[-79.8348537,8.6383887],[-79.8346616,8.6381811],[-79.8339324,8.6375209],[-79.831661,8.6357893],[-79.8315963,8.635757],[-79.8314199,8.6356892],[-79.8274135,8.6345236],[-79.8194649,8.6303998],[-79.8192216,8.6302099],[-79.8164535,8.6276451],[-79.8162837,8.6275182],[-79.8161149,8.6274277],[-79.8122031,8.6257235],[-79.8084828,8.623541],[-79.78755,8.6146291],[-79.7834256,8.6131605],[-79.7833457,8.6131498],[-79.7832659,8.6131492],[-79.7830018,8.6131708],[-79.7790665,8.6138271],[-79.7782756,8.613813],[-79.7747483,8.6134972],[-79.7622163,8.609631],[-79.761064,8.609373],[-79.7580085,8.608928],[-79.7579293,8.6089353],[-79.7578881,8.6089443],[-79.7577958,8.6089732],[-79.7574928,8.6090979],[-79.7538542,8.6109664],[-79.7498844,8.6122486],[-79.7495145,8.6124763],[-79.7461636,8.6149022],[-79.7461209,8.6149549],[-79.7460061,8.615126],[-79.7441017,8.6185639],[-79.744057,8.6186161],[-79.743962,8.6187049],[-79.7434251,8.6191266],[-79.7405437,8.6210419],[-79.7322979,8.6245069],[-79.7321105,8.6246175],[-79.728705,8.6270412],[-79.728664,8.627057],[-79.728645,8.6270617],[-79.7286208,8.6270652],[-79.728588,8.6270669],[-79.7285316,8.6270644],[-79.728444,8.6270523],[-79.7282714,8.6270118],[-79.7279332,8.6268988],[-79.7273464,8.6266402],[-79.7268394,8.6263533],[-79.7266355,8.626204],[-79.7265535,8.6261274],[-79.7265169,8.6260844],[-79.7264983,8.6260573],[-79.7264864,8.6260356],[-79.7264794,8.626019],[-79.7264757,8.6260069],[-79.7264733,8.6259952],[-79.7264724,8.6259877],[-79.7264722,8.6259803],[-79.7264726,8.6259731],[-79.7264734,8.6259668],[-79.7264747,8.6259607],[-79.726479,8.6259469],[-79.7264892,8.6259223],[-79.7265164,8.6258716],[-79.7266054,8.6257361],[-79.727075,8.6251416],[-79.72943,8.6226083],[-79.7296701,8.6224533],[-79.7333469,8.6204756],[-79.7374144,8.6187207],[-79.7375339,8.618644],[-79.7375748,8.6186088],[-79.7376809,8.6184997],[-79.7381476,8.6179298],[-79.7401524,8.6150374],[-79.7402021,8.6148989],[-79.7412518,8.6109366],[-79.7412807,8.6108847],[-79.7413053,8.6108508],[-79.7413753,8.6107704],[-79.7416436,8.6105127],[-79.7447009,8.60803],[-79.7479509,8.6049544],[-79.7480119,8.6049206],[-79.7480377,8.6049101],[-79.748063,8.604903],[-79.7481059,8.6048953],[-79.7481844,8.604889],[-79.7483422,8.6048908],[-79.7487659,8.6049333],[-79.7516158,8.6054708],[-79.7553232,8.6058139],[-79.7556792,8.6057852],[-79.7558086,8.6057583],[-79.7558752,8.6057362],[-79.7559151,8.6057178],[-79.7560231,8.6056554],[-79.7567623,8.6051422],[-79.7663471,8.5973708],[-79.766404,8.5972968],[-79.7666373,8.5969268],[-79.768402,8.5935706],[-79.7684351,8.5934586],[-79.7692475,8.589506],[-79.7693098,8.5893485],[-79.7693357,8.5893017],[-79.7693505,8.5892811],[-79.7693714,8.5892572],[-79.7694148,8.5892157],[-79.7695227,8.5891293],[-79.7698939,8.5888834],[-79.7731518,8.5871025],[-79.7768472,8.5845922],[-79.7797663,8.5815014],[-79.7798443,8.5814469],[-79.7803516,8.5811522],[-79.7834905,8.579637],[-79.783627,8.5796134],[-79.7877079,8.5792574],[-79.787833,8.5792224],[-79.787872,8.579206],[-79.7878951,8.5791932],[-79.7879379,8.5791639],[-79.7880246,8.5790917],[-79.7882564,8.5788604],[-79.7907498,8.5759044],[-79.791043,8.5756815],[-79.7945546,8.5734059],[-79.7947545,8.5733414],[-79.7986449,8.5724335],[-79.8112713,8.5682583],[-79.8113807,8.5682398],[-79.8115844,8.5682246],[-79.8120323,8.5682323],[-79.8131539,8.5683532],[-79.8149216,8.5687083],[-79.8154067,8.5688679],[-79.8154997,8.5689141],[-79.8155344,8.5689369],[-79.8155484,8.5689486],[-79.8155626,8.568963],[-79.8155821,8.5689866],[-79.8156125,8.5690313],[-79.8156632,8.5691232],[-79.8157706,8.5693686],[-79.8165091,8.5715711],[-79.8169163,8.5725666],[-79.8170312,8.5727593],[-79.8170952,8.5728426],[-79.8171397,8.5728889],[-79.8171728,8.5729165],[-79.8171983,8.5729335],[-79.8172199,8.5729449],[-79.8172362,8.5729515],[-79.8172599,8.5729586],[-79.8173135,8.5729696],[-79.8174618,8.5729864],[-79.8181253,8.5730045],[-79.8258235,8.5725999],[-79.8299085,8.5716768],[-79.8299943,8.5716772],[-79.8304744,8.5717198],[-79.8341819,8.5723421],[-79.8342968,8.5723881],[-79.8380794,8.5742793],[-79.8381687,8.5743023],[-79.8382012,8.5743066],[-79.8382473,8.5743077],[-79.8383453,8.5743009],[-79.8386123,8.5742582],[-79.8418715,8.5734459],[-79.8423653,8.573369],[-79.8424435,8.5733692],[-79.8424774,8.5733733],[-79.8425032,8.5733793],[-79.8425524,8.5733957],[-79.8426555,8.5734413],[-79.8429341,8.5735958],[-79.8461065,8.5757264],[-79.8462196,8.5757806],[-79.8463212,8.5758132],[-79.8469554,8.5759593],[-79.8506942,8.5765212],[-79.8507506,8.5765155],[-79.8509189,8.5764827],[-79.8547644,8.5753829],[-79.8549163,8.575368],[-79.8549671,8.5753694],[-79.8549925,8.5753729],[-79.8550107,8.5753774],[-79.8550382,8.575387],[-79.8550857,8.5754089],[-79.8551749,8.5754605],[-79.855379,8.5756047],[-79.8559849,8.5761187],[-79.8575157,8.5776616],[-79.8578868,8.5781305],[-79.8579188,8.5781889],[-79.8579324,8.5782233],[-79.8579544,8.5782981],[-79.8580001,8.5785261],[-79.8581231,8.5796242],[-79.8582097,8.5825257],[-79.8581962,8.5825827],[-79.8581334,8.5827712],[-79.8576247,8.5839511],[-79.8543671,8.5901586],[-79.8543215,8.5902924],[-79.8543137,8.590332],[-79.8543099,8.590377],[-79.8543107,8.5904671],[-79.854335,8.5907171],[-79.8549172,8.5938474],[-79.8549709,8.5944202],[-79.8549648,8.5945278],[-79.8549193,8.5947839],[-79.8528467,8.6028671],[-79.8528078,8.6029399],[-79.8527063,8.6030937],[-79.8523846,8.6034958],[-79.8498281,8.6061808],[-79.849573,8.6065194],[-79.8453183,8.6130469],[-79.845171,8.613396],[-79.8451476,8.6134839],[-79.8451418,8.6135253],[-79.8451412,8.6135478],[-79.8451423,8.613562],[-79.8451449,8.613577],[-79.8451502,8.6135966],[-79.8451608,8.6136256],[-79.8451839,8.6136748],[-79.8452373,8.6137659],[-79.8453891,8.6139779],[-79.8459397,8.6146174],[-79.8480276,8.6166618],[-79.848341,8.6168712],[-79.8515651,8.6186864],[-79.8516871,8.6187319],[-79.85183,8.618764],[-79.8557559,8.6193066],[-79.8559589,8.6193681],[-79.8560145,8.6193933],[-79.8560399,8.6194086],[-79.8560577,8.6194222],[-79.8560822,8.6194452],[-79.8561241,8.6194923],[-79.8562016,8.6195979],[-79.8563932,8.619916],[-79.8580137,8.6232299],[-79.8580844,8.6233148],[-79.8604919,8.6257493],[-79.8605859,8.6258905],[-79.8606165,8.6259516],[-79.8606292,8.6259862],[-79.8606343,8.6260071],[-79.8606366,8.6260231],[-79.8606371,8.626037],[-79.8606358,8.6260586],[-79.8606307,8.6260907],[-79.8606155,8.6261498],[-79.8605728,8.6262699],[-79.860413,8.6266158],[-79.8584776,8.6300045],[-79.8583938,8.630273],[-79.8574876,8.6342398],[-79.8573403,8.6383943],[-79.8573262,8.6384403],[-79.857299,8.6385038],[-79.8572009,8.6386865],[-79.8549605,8.6421171],[-79.8549442,8.6421657],[-79.8549061,8.6423265],[-79.8547439,8.6434036],[-79.8545343,8.6463733],[-79.8545544,8.6465559],[-79.8545667,8.6466058],[-79.8545754,8.646629],[-79.8545899,8.6466579],[-79.8546198,8.6467058],[-79.8546893,8.6467973],[-79.8549035,8.6470318],[-79.8557589,8.6478179],[-79.8577233,8.6493392],[-79.857791,8.6493724],[-79.8579313,8.6494234],[-79.8587829,8.6496539],[-79.8619848,8.6502564],[-79.8621009,8.6502558],[-79.8621425,8.65025],[-79.8622363,8.650228],[-79.8625324,8.6501307],[-79.8662072,8.6485743],[-79.8664312,8.6485129],[-79.8696782,8.6478616],[-79.8701965,8.6478274],[-79.8703152,8.6478363],[-79.8703655,8.6478463],[-79.870393,8.647855],[-79.8704104,8.6478626],[-79.8704203,8.6478683],[-79.8704289,8.6478743],[-79.8704396,8.6478835],[-79.8704526,8.6478972],[-79.8704705,8.6479197],[-79.8704958,8.6479586],[-79.870539,8.6480408],[-79.8706205,8.6482385],[-79.8708193,8.6488766],[-79.8715668,8.6522724],[-79.872025,8.6563776],[-79.8720176,8.6564852],[-79.8719931,8.6566069],[-79.8718157,8.6572135],[-79.8706102,8.6603813],[-79.8705719,8.6604397],[-79.8703987,8.6606587],[-79.8679108,8.6633235],[-79.8679106,8.6633241],[-79.8663048,8.6670234],[-79.8662524,8.667094]],[[-79.7964752,8.5777345],[-79.7929761,8.58011],[-79.7928468,8.5801674],[-79.7889571,8.5815276],[-79.7887803,8.5816201],[-79.7854018,8.5837356],[-79.7784197,8.5892129],[-79.7783851,8.5892568],[-79.7783312,8.5893405],[-79.7782358,8.5895241],[-79.778046,8.5899888],[-79.7776337,8.5913294],[-79.7773077,8.5928938],[-79.7772893,8.5931781],[-79.7772948,8.5932571],[-79.7773012,8.5932915],[-79.7773074,8.5933116],[-79.7773179,8.5933362],[-79.7773387,8.5933751],[-79.7773881,8.5934504],[-79.7775386,8.59364],[-79.7781158,8.5942476],[-79.7798538,8.5957886],[-79.7804244,8.5961897],[-79.780519,8.5962362],[-79.780557,8.5962495],[-79.7805777,8.5962544],[-79.7805931,8.5962563],[-79.7806176,8.5962571],[-79.7806538,8.5962548],[-79.7807153,8.5962453],[-79.7808421,8.5962137],[-79.7811704,8.5960991],[-79.7844697,8.5946133],[-79.7845088,8.5946061],[-79.7845532,8.594603],[-79.7846411,8.5946046],[-79.7848557,8.5946276],[-79.7855916,8.5947726],[-79.7874984,8.5953195],[-79.7875798,8.5953601],[-79.7906412,8.5972168],[-79.7910318,8.5973945],[-79.7911206,8.5974206],[-79.7911624,8.5974276],[-79.7911852,8.5974289],[-79.7912034,8.597428],[-79.7912349,8.5974235],[-79.7912888,8.5974107],[-79.7914074,8.5973707],[-79.7917136,8.5972354],[-79.7928527,8.5966099],[-79.7949473,8.5952187],[-79.7949851,8.5951787],[-79.7950311,8.5951173],[-79.7951474,8.5949282],[-79.7969386,8.5913632],[-79.7969881,8.5913009],[-79.7970147,8.5912747],[-79.797083,8.5912191],[-79.7973085,8.5910665],[-79.8008324,8.5890955],[-79.8009852,8.5889644],[-79.8041164,8.5858195],[-79.8068767,8.5824905],[-79.8070211,8.5822586],[-79.8087537,8.5789506],[-79.808898,8.5785496],[-79.8089142,8.5784691],[-79.8089168,8.5784355],[-79.8089162,8.578414],[-79.8089125,8.5783857],[-79.8089015,8.5783355],[-79.8088692,8.5782328],[-79.8087607,8.5779723],[-79.8083057,8.577104],[-79.807158,8.5753113],[-79.8068321,8.5749185],[-79.8067556,8.5748495],[-79.8067214,8.5748255],[-79.806702,8.5748148],[-79.8066852,8.5748078],[-79.8066585,8.5747996],[-79.8066138,8.5747901],[-79.8065218,8.5747792],[-79.8062984,8.5747729],[-79.8055072,8.5748203],[-79.8023327,8.5752792],[-79.8022934,8.5752922],[-79.8022488,8.575312],[-79.802173,8.5753542],[-79.8020444,8.575443],[-79.8017879,8.5756582],[-79.8009906,8.5764614],[-79.8009902,8.5764615],[-79.7966301,8.577647],[-79.7964752,8.5777345]],[[-79.7577486,8.7288718],[-79.7554775,8.7262176],[-79.7553967,8.7261563],[-79.7553678,8.7261398],[-79.755353,8.7261334],[-79.7553442,8.7261307],[-79.7553381,8.7261295],[-79.7553344,8.7261291],[-79.7553309,8.726129],[-79.7553276,8.7261292],[-79.755326,8.7261295],[-79.7553243,8.7261298],[-79.7553226,8.7261303],[-79.7553209,8.7261309],[-79.7553192,8.7261316],[-79.7553176,8.7261324],[-79.7553142,8.7261344],[-79.7553109,8.7261368],[-79.7553077,8.7261397],[-79.7553044,8.726143],[-79.7552996,8.7261487],[-79.7552934,8.7261578],[-79.7552857,8.7261715],[-79.7552753,8.726195],[-79.755261,8.7262367],[-79.7552384,8.7263283],[-79.7551981,8.7265896],[-79.7551183,8.7277933],[-79.7552063,8.7337794],[-79.7552444,8.7339432],[-79.7552637,8.733995],[-79.7552754,8.7340179],[-79.755292,8.7340437],[-79.7553316,8.7340945],[-79.7554423,8.7342132],[-79.7558853,8.7346119],[-79.75775,8.736025],[-79.7586861,8.736598],[-79.7587903,8.7366391],[-79.7588292,8.7366493],[-79.7588502,8.7366524],[-79.7588632,8.7366529],[-79.7588725,8.7366523],[-79.7588788,8.7366512],[-79.7588836,8.7366499],[-79.7588884,8.7366482],[-79.7588932,8.736646],[-79.7589006,8.736642],[-79.758908,8.7366371],[-79.7589182,8.736629],[-79.7589311,8.7366167],[-79.7589498,8.7365953],[-79.7589745,8.736561],[-79.7590176,8.7364876],[-79.7590939,8.7363248],[-79.7592719,8.7358332],[-79.7600204,8.7330237],[-79.7600198,8.7330224],[-79.7579928,8.7292015],[-79.7577486,8.7288718]],[[-79.7551148,8.7181224],[-79.7551352,8.7180689],[-79.7552216,8.7178904],[-79.7573518,8.7142886],[-79.7573598,8.7142623],[-79.7573614,8.7142533],[-79.7573617,8.7142487],[-79.7573617,8.714246],[-79.7573614,8.7142437],[-79.7573612,8.7142426],[-79.757361,8.7142416],[-79.7573606,8.7142407],[-79.7573603,8.7142398],[-79.7573598,8.714239],[-79.7573592,8.7142382],[-79.7573585,8.7142375],[-79.7573578,8.7142368],[-79.7573569,8.7142362],[-79.757356,8.7142357],[-79.757355,8.7142352],[-79.7573539,8.7142349],[-79.7573527,8.7142346],[-79.7573515,8.7142344],[-79.7573501,8.7142342],[-79.7573472,8.7142341],[-79.7573439,8.7142343],[-79.7573403,8.7142348],[-79.7573343,8.7142361],[-79.7573226,8.7142395],[-79.7573031,8.7142472],[-79.7572532,8.714272],[-79.7571019,8.7143645],[-79.7562954,8.714956],[-79.7545664,8.7164542],[-79.7544069,8.7166428],[-79.7543723,8.7166972],[-79.7543595,8.7167236],[-79.7543534,8.7167408],[-79.7543455,8.7167711],[-79.754335,8.7168348],[-79.7543238,8.7169886],[-79.7543318,8.7175199],[-79.7546937,8.7211703],[-79.7547196,8.7213001],[-79.7548032,8.7215807],[-79.7550842,8.7222811],[-79.7550872,8.7222871],[-79.7550895,8.7222905],[-79.7550912,8.7222914],[-79.7550922,8.7222901],[-79.7550927,8.7222866],[-79.7550926,8.7222812],[-79.7550912,8.7222653],[-79.7550461,8.7220176],[-79.7550462,8.7220159],[-79.755098,8.7181903],[-79.7551148,8.7181224]]]}},{"type":"Feature","properties":{"nombre":"Corredor Tijera - El Pedregoso","notas":"Entre la Reserva el Montuoso y los manglares del Golfo de Montijo existe una conexión débil. Los pocos bosques que quedan alrededor de Atalaya y Ocú son claves para mantener el paso de especies entre Azuero y el Caribe.","cond_promedio":22.45,"area_ha":17772,"cat":"mediabaja","categoria_etiqueta":"Media-baja","es_mesoamericano":false},"geometry":{"type":"Polygon","coordinates":[[[-80.9443382,7.7708825],[-80.9413255,7.7889679],[-80.9378073,7.7996782],[-80.9331982,7.807725],[-80.9279987,7.8140317],[-80.9242694,7.8201826],[-80.9209817,7.8251253],[-80.9171015,7.8289334],[-80.9121826,7.8323146],[-80.9065681,7.8367192],[-80.9025221,7.8441228],[-80.9010774,7.8553536],[-80.901494,7.8661455],[-80.9016616,7.8754424],[-80.9019639,7.8822142],[-80.903661,7.8879143],[-80.9075195,7.8941761],[-80.9086491,7.9000733],[-80.9064541,7.9062723],[-80.9039091,7.9122416],[-80.9036169,7.9188029],[-80.9028551,7.9254287],[-80.9001446,7.9325567],[-80.8955331,7.9407892],[-80.8912139,7.9496422],[-80.8878302,7.9589066],[-80.885198,7.9665806],[-80.8834564,7.9741403],[-80.882282,7.9824367],[-80.8804177,7.9888425],[-80.8776128,7.9920195],[-80.8743448,7.9919261],[-80.8712399,7.9895303],[-80.8681261,7.9865202],[-80.8642513,7.9850144],[-80.8589235,7.9856517],[-80.8514251,7.9862332],[-80.8411859,7.9854689],[-80.8307701,7.9828545],[-80.8202191,7.9793328],[-80.8108962,7.9767219],[-80.8048041,7.9784449],[-80.8023911,7.9825228],[-80.802865,7.9869354],[-80.8055573,7.9898426],[-80.8100996,7.9913172],[-80.8170876,7.9910674],[-80.8279439,7.9911352],[-80.8432803,7.9923581],[-80.8572652,7.993202],[-80.8673501,7.9948392],[-80.8747163,7.9975784],[-80.880083,8.0007253],[-80.8840242,8.0047545],[-80.8867706,8.0094644],[-80.8894612,8.0146455],[-80.8938115,8.0192232],[-80.9005845,8.0214779],[-80.9085861,8.0221726],[-80.9174236,8.0216125],[-80.9264227,8.0203219],[-80.9348755,8.0175249],[-80.9409903,8.0127423],[-80.9428883,8.0066016],[-80.9411581,7.9988511],[-80.9391028,7.9906179],[-80.9392021,7.983683],[-80.9420867,7.9791925],[-80.9479815,7.9771744],[-80.9570408,7.977111],[-80.9678117,7.9779927],[-80.9769629,7.9795446],[-80.9842132,7.9807739],[-80.9904917,7.9803441],[-80.9952632,7.9787624],[-80.9975688,7.9759413],[-80.9983814,7.9723047],[-81.0000199,7.96905],[-81.0037777,7.96609],[-81.0094576,7.9629501],[-81.0131181,7.9595723],[-81.0141906,7.956045],[-81.0131068,7.9542288],[-81.0102705,7.9544158],[-81.006387,7.9563635],[-81.002651,7.9595222],[-80.999509,7.9630106],[-80.9959422,7.9660147],[-80.9912786,7.9678885],[-80.9861826,7.9667878],[-80.9796727,7.9622246],[-80.971154,7.9546493],[-80.9628845,7.9478055],[-80.9565533,7.9417704],[-80.9516786,7.9355957],[-80.9473851,7.9293365],[-80.9422918,7.9234833],[-80.9361198,7.9179246],[-80.9320269,7.9129267],[-80.9305457,7.9079651],[-80.9312754,7.902933],[-80.9327897,7.8979193],[-80.9316185,7.8945297],[-80.9274847,7.8927561],[-80.923378,7.890846],[-80.9204609,7.888048],[-80.9191829,7.8843515],[-80.9194381,7.8801439],[-80.9207501,7.8760417],[-80.9237596,7.8727354],[-80.9291382,7.8698067],[-80.9370696,7.8660966],[-80.946421,7.8597831],[-80.9573454,7.8506044],[-80.9652846,7.8402553],[-80.9704863,7.8314321],[-80.9759584,7.8240849],[-80.9838971,7.8171417],[-80.9936807,7.8099925],[-80.9994547,7.8038],[-81.0007161,7.7984403],[-80.998316,7.7947895],[-80.9936221,7.7936963],[-80.9874747,7.7940622],[-80.9817553,7.7931924],[-80.9766078,7.7899607],[-80.9716742,7.784054],[-80.9667714,7.7765465],[-80.9614307,7.7688981],[-80.956878,7.7627361],[-80.9532629,7.7587227],[-80.9517227,7.755856],[-80.9512426,7.7541155],[-80.9504713,7.7535211],[-80.9490718,7.7542355],[-80.9468919,7.7557204],[-80.9447303,7.7576482],[-80.9423472,7.7595154],[-80.939924,7.7611668],[-80.9374207,7.7617123],[-80.935681,7.7606648],[-80.9352747,7.7582762],[-80.9357426,7.7561842],[-80.9363132,7.7541755],[-80.9364412,7.7512913],[-80.937234,7.7483735],[-80.9382587,7.7460105],[-80.93945,7.7445521],[-80.939836,7.7433958],[-80.937999,7.7413519],[-80.9332179,7.7384494],[-80.9271366,7.7351652],[-80.9206645,7.7333277],[-80.9143528,7.733348],[-80.9085199,7.7349685],[-80.9045352,7.73759],[-80.9030493,7.7408001],[-80.9036022,7.7445704],[-80.9046864,7.7488726],[-80.9051974,7.7527682],[-80.9051813,7.7557646],[-80.9042027,7.7579473],[-80.9027312,7.7594392],[-80.9022763,7.7601757],[-80.9034899,7.7598987],[-80.906143,7.7581749],[-80.9087314,7.7552723],[-80.9107882,7.7521325],[-80.9121287,7.7486575],[-80.9137325,7.7469742],[-80.9156154,7.7476655],[-80.9177548,7.7502702],[-80.9199536,7.7534495],[-80.9212063,7.7563374],[-80.9222722,7.7589217],[-80.9246596,7.7614462],[-80.9280041,7.7633173],[-80.9317956,7.7644556],[-80.9354294,7.7653783],[-80.9388466,7.7659013],[-80.9409495,7.7670259],[-80.9420207,7.7685066],[-80.9443382,7.7708825]]]}},{"type":"Feature","properties":{"nombre":"Corredor Pacífico del Darién","notas":"Este corredor está en la parte donde se juntan Panamá y la provincia de Darién y tiene una conectividad media-baja. Comienza en el sector de Majé y Chimán, conectado al humedal de importancia internacional Bahía de Panamá y bosques que incluyen al cerro Chucantí, que tiene una gran diversidad. Continúa por el sector de Río Congo en el Golfo de San Miguel en Darién, donde está La Palma y la desembocadura del río Tuira.  Además, los fragmentos de bosque en el río Sabanas, cerca de Santa Fe, enlazan con el humedal de Matusagaratí y el Corredor Biológico Mesoamericano a través de la tierra colectiva emberá de Arimae.","cond_promedio":44.46,"area_ha":244737,"cat":"mediana","categoria_etiqueta":"Mediana","es_mesoamericano":false},"geometry":{"type":"Polygon","coordinates":[[[-78.0541464,8.3532412],[-78.0547122,8.3549226],[-78.0551649,8.3556704],[-78.0552315,8.3565555],[-78.0554982,8.3573869],[-78.055561,8.3583176],[-78.0559295,8.3590902],[-78.0564933,8.3607708],[-78.0568474,8.3615725],[-78.0571755,8.362436],[-78.0579783,8.3640388],[-78.0584777,8.3647548],[-78.0587037,8.3655513],[-78.0590165,8.3664026],[-78.0595885,8.3670658],[-78.0611873,8.3702443],[-78.0626087,8.3724914],[-78.0629333,8.3732897],[-78.0633458,8.3741092],[-78.0638415,8.3748409],[-78.0645355,8.3754206],[-78.0649902,8.3761269],[-78.0652716,8.3769694],[-78.0663017,8.3784336],[-78.0668625,8.3791024],[-78.0665938,8.3796297],[-78.0661145,8.3799287],[-78.0665957,8.3808013],[-78.0692833,8.3855031],[-78.0720583,8.3913822],[-78.0747132,8.3974964],[-78.0766279,8.4030145],[-78.0777735,8.4082915],[-78.0783276,8.4137675],[-78.0788005,8.419692],[-78.079419,8.4252682],[-78.0808285,8.4306666],[-78.0832193,8.4359909],[-78.0860913,8.440284],[-78.0892993,8.4432886],[-78.0926428,8.4447289],[-78.0957265,8.4441336],[-78.0978815,8.4414552],[-78.0986578,8.4372039],[-78.0981868,8.4321053],[-78.0971491,8.4278499],[-78.0966388,8.4248898],[-78.097799,8.4234896],[-78.1001829,8.4239716],[-78.1030445,8.4259283],[-78.1062846,8.4284712],[-78.1097769,8.4311809],[-78.1134546,8.4336949],[-78.1172145,8.4360238],[-78.1211093,8.4382906],[-78.1250235,8.441235],[-78.129051,8.4460001],[-78.1337693,8.4524283],[-78.1385312,8.4584501],[-78.1430718,8.4630325],[-78.1478803,8.4662949],[-78.1532111,8.4683739],[-78.1581051,8.4688791],[-78.1624612,8.4677411],[-78.1665225,8.4654535],[-78.1707165,8.4623318],[-78.1755228,8.4583851],[-78.1807984,8.4534641],[-78.1848632,8.4490162],[-78.1873373,8.444829],[-78.1882152,8.4406164],[-78.1879849,8.436304],[-78.1875523,8.431781],[-78.1874937,8.4269375],[-78.188497,8.4215935],[-78.1909118,8.4157626],[-78.1944455,8.4105664],[-78.1984041,8.4069542],[-78.2025854,8.4047133],[-78.2069068,8.4032135],[-78.2112785,8.4016582],[-78.2157049,8.3990529],[-78.2203556,8.3954436],[-78.2252673,8.3922044],[-78.2306779,8.3898521],[-78.2357041,8.3888828],[-78.2403137,8.3890373],[-78.2446912,8.3897127],[-78.248752,8.3910786],[-78.2523204,8.3933085],[-78.2552431,8.3963488],[-78.2574119,8.4000733],[-78.2586383,8.4044108],[-78.2587348,8.409333],[-78.2575914,8.4146652],[-78.255374,8.4193379],[-78.2525809,8.4235694],[-78.2496451,8.4280045],[-78.2468721,8.4328583],[-78.2456372,8.4376709],[-78.2465768,8.4426203],[-78.2495863,8.4477185],[-78.2540107,8.4522548],[-78.259494,8.4566238],[-78.2648099,8.4607697],[-78.2693039,8.4636518],[-78.2734939,8.4645858],[-78.2776789,8.4630799],[-78.2818029,8.4593927],[-78.2856327,8.4550679],[-78.2896522,8.4510508],[-78.293733,8.4488044],[-78.2978058,8.4483862],[-78.3015971,8.4495375],[-78.3048754,8.4518042],[-78.3075482,8.4547941],[-78.3097899,8.4582052],[-78.3123783,8.4614026],[-78.3156546,8.4638247],[-78.3196287,8.4649862],[-78.3242477,8.4644094],[-78.3292826,8.4623465],[-78.3337185,8.459679],[-78.3376525,8.4568056],[-78.3412569,8.4537288],[-78.3448936,8.4504682],[-78.348595,8.4466893],[-78.3523365,8.4423165],[-78.3558619,8.4384023],[-78.3591604,8.4348972],[-78.3625191,8.4318315],[-78.3661079,8.429218],[-78.3697678,8.4269333],[-78.3730598,8.4244736],[-78.3755551,8.4216029],[-78.3766232,8.418048],[-78.3762237,8.4139533],[-78.37514,8.4092441],[-78.3742989,8.4038239],[-78.3736165,8.3988582],[-78.3733744,8.3943293],[-78.3745767,8.3897362],[-78.3770128,8.3848678],[-78.3794817,8.3803464],[-78.3817547,8.3762239],[-78.3836218,8.3723035],[-78.3854862,8.3686785],[-78.3878795,8.3655163],[-78.3902815,8.3622755],[-78.3921474,8.358782],[-78.3932129,8.3551254],[-78.3941583,8.3518493],[-78.3962944,8.3495739],[-78.3998843,8.3489833],[-78.4045498,8.3501069],[-78.4091366,8.3516639],[-78.413333,8.3537505],[-78.417175,8.3568148],[-78.421276,8.3609363],[-78.4261831,8.3662521],[-78.4317586,8.372038],[-78.4369999,8.3783626],[-78.4413138,8.3835488],[-78.4449023,8.3881201],[-78.4477941,8.3934163],[-78.4501046,8.4005703],[-78.4518904,8.40996],[-78.453814,8.4173076],[-78.4562216,8.4224748],[-78.4588654,8.4263818],[-78.4612371,8.4298859],[-78.4632926,8.4331286],[-78.4658126,8.4355879],[-78.4689722,8.4367168],[-78.4723593,8.4366125],[-78.4757651,8.4364851],[-78.4794567,8.4380672],[-78.4834789,8.4417203],[-78.4878629,8.4469133],[-78.4916943,8.4514103],[-78.4947045,8.4552896],[-78.4966412,8.4592359],[-78.4979153,8.463293],[-78.4990264,8.4673584],[-78.4996028,8.4715147],[-78.4993725,8.4757136],[-78.4985495,8.479918],[-78.4975647,8.484126],[-78.4968994,8.4883991],[-78.4965703,8.4927593],[-78.4964016,8.4972359],[-78.4965977,8.5019628],[-78.4969791,8.5070966],[-78.4972052,8.5126323],[-78.4979434,8.5174376],[-78.4992657,8.5212474],[-78.5003846,8.5240008],[-78.49998,8.5258366],[-78.497718,8.5264015],[-78.494394,8.5261012],[-78.4906463,8.5259778],[-78.4869071,8.5268632],[-78.48351,8.5288101],[-78.4802137,8.530983],[-78.4767226,8.5323855],[-78.4726282,8.5320634],[-78.4681555,8.5303484],[-78.4640093,8.5293049],[-78.4604319,8.5299971],[-78.4576335,8.5324928],[-78.4554061,8.5362087],[-78.4532493,8.5407061],[-78.4510336,8.5456456],[-78.4484898,8.5498421],[-78.4459418,8.5535883],[-78.4437251,8.5571953],[-78.4417803,8.5606862],[-78.4407776,8.5643422],[-78.4410479,8.5681394],[-78.4419082,8.5720451],[-78.4418921,8.576426],[-78.4396922,8.5815045],[-78.4350276,8.5870618],[-78.43086,8.5916008],[-78.4269938,8.5946744],[-78.4230155,8.5962261],[-78.4188618,8.5965755],[-78.4144859,8.5957285],[-78.4094306,8.5944568],[-78.4039151,8.5930981],[-78.4002462,8.5906726],[-78.3979533,8.5876099],[-78.3953902,8.5847497],[-78.391649,8.5830466],[-78.3869384,8.5830539],[-78.3829866,8.5846631],[-78.380389,8.5873698],[-78.3796087,8.5907004],[-78.3806611,8.5940542],[-78.3829473,8.5971827],[-78.3856344,8.6004718],[-78.3885807,8.6038769],[-78.3924025,8.6069885],[-78.3971758,8.6096022],[-78.4016161,8.6115886],[-78.405401,8.6131662],[-78.4082656,8.6153528],[-78.4102707,8.6183248],[-78.4122874,8.6215079],[-78.4149547,8.6242525],[-78.4180846,8.6263942],[-78.4210001,8.6285561],[-78.4230989,8.6314948],[-78.4247844,8.6348159],[-78.4259615,8.6380643],[-78.4259483,8.6410037],[-78.4245028,8.6435971],[-78.4228379,8.6465001],[-78.4218108,8.649858],[-78.4211753,8.6532837],[-78.4198523,8.6565818],[-78.4179487,8.6598607],[-78.4161967,8.6634955],[-78.4147716,8.6673371],[-78.4137808,8.6711828],[-78.4138751,8.6748912],[-78.4154573,8.6779993],[-78.4183759,8.6800189],[-78.4220056,8.680775],[-78.4258441,8.6802819],[-78.4296625,8.6791882],[-78.4333212,8.6779341],[-78.4362723,8.6758974],[-78.43789,8.6729209],[-78.4378543,8.669382],[-78.4366156,8.6657394],[-78.4349863,8.6621838],[-78.4335467,8.6590168],[-78.4333644,8.6561909],[-78.4349907,8.6537294],[-78.4375448,8.6513408],[-78.4400681,8.6486926],[-78.442539,8.6462796],[-78.4457988,8.645056],[-78.4498653,8.6452714],[-78.4546177,8.6469946],[-78.4601629,8.649516],[-78.465916,8.6516001],[-78.4707355,8.6535612],[-78.4749892,8.6550244],[-78.4788335,8.6561528],[-78.4820221,8.6580658],[-78.4841538,8.6612105],[-78.484472,8.6645368],[-78.4844969,8.667843],[-78.4855319,8.6705442],[-78.4877348,8.6717744],[-78.4903328,8.6709224],[-78.4925388,8.6681663],[-78.4944251,8.664564],[-78.497157,8.6621072],[-78.5006278,8.6611645],[-78.5045589,8.6611944],[-78.5086692,8.6612541],[-78.5125461,8.6609268],[-78.5156384,8.6596052],[-78.5171768,8.6571786],[-78.5167497,8.6542271],[-78.5146855,8.6514354],[-78.5118864,8.6489019],[-78.5092153,8.6461644],[-78.5067272,8.6432764],[-78.503858,8.6407919],[-78.5008652,8.6387731],[-78.4986569,8.6365108],[-78.498152,8.633994],[-78.4997357,8.631785],[-78.5026824,8.6300013],[-78.5061442,8.6285606],[-78.509909,8.6281582],[-78.513615,8.629083],[-78.5169355,8.6312147],[-78.5199272,8.6339787],[-78.5225433,8.6370977],[-78.5253308,8.6401124],[-78.528761,8.6424885],[-78.532927,8.6440937],[-78.5378669,8.6452516],[-78.54386,8.6466481],[-78.5512005,8.6488132],[-78.5588123,8.6517404],[-78.5647446,8.6547002],[-78.5691614,8.6577248],[-78.5724695,8.6609797],[-78.5750027,8.664555],[-78.5772856,8.6682307],[-78.5796231,8.6718152],[-78.5824288,8.6750171],[-78.5855889,8.6779298],[-78.5891829,8.6803496],[-78.5931322,8.6822251],[-78.5972569,8.683574],[-78.6014859,8.6841685],[-78.6057266,8.6838269],[-78.6099437,8.682965],[-78.6140733,8.6822139],[-78.6179628,8.6821443],[-78.6215239,8.6835544],[-78.6245593,8.6864419],[-78.6270703,8.69057],[-78.6291242,8.6955078],[-78.6302132,8.7003382],[-78.6310747,8.7049489],[-78.6320317,8.7093557],[-78.6328318,8.713727],[-78.6334289,8.7180412],[-78.6343683,8.722142],[-78.6361498,8.725727],[-78.6389324,8.7284153],[-78.6424984,8.7299043],[-78.6464345,8.7300519],[-78.6503676,8.7289347],[-78.654079,8.7269114],[-78.6575939,8.7245476],[-78.6611467,8.7226728],[-78.6648017,8.7220581],[-78.6682541,8.7231277],[-78.6710267,8.7257867],[-78.672742,8.7299069],[-78.6736857,8.7350776],[-78.6749756,8.7397995],[-78.6770449,8.7436941],[-78.6799835,8.7465479],[-78.6835981,8.7482528],[-78.6877155,8.7489788],[-78.6921951,8.7495739],[-78.6970196,8.7506041],[-78.7023818,8.7522979],[-78.7085728,8.7544465],[-78.714953,8.7561319],[-78.7204742,8.7575623],[-78.7252653,8.7591182],[-78.7296149,8.7610185],[-78.7338127,8.7637241],[-78.7384189,8.7675866],[-78.7438512,8.7735723],[-78.7500566,8.7824396],[-78.7545921,8.7922585],[-78.7572096,8.799899],[-78.7591184,8.8056359],[-78.7616409,8.8101103],[-78.7652255,8.8137837],[-78.769875,8.8167124],[-78.7746226,8.8181575],[-78.7792274,8.8179799],[-78.7836823,8.8161234],[-78.7880749,8.813003],[-78.7923469,8.8103628],[-78.796515,8.8086417],[-78.8004122,8.8078389],[-78.8038331,8.8083244],[-78.8066681,8.8103402],[-78.8093206,8.8131513],[-78.8124016,8.8158361],[-78.8160188,8.8178802],[-78.8200594,8.8190775],[-78.8243146,8.8193218],[-78.8285248,8.8187583],[-78.8327307,8.817827],[-78.8370866,8.8173162],[-78.8415846,8.817675],[-78.8462413,8.8193246],[-78.8511631,8.8226728],[-78.8563919,8.8275123],[-78.8606324,8.8320861],[-78.8638874,8.8365588],[-78.8665534,8.8414329],[-78.8693345,8.8471293],[-78.8722644,8.8538705],[-78.8745371,8.8599284],[-78.8763508,8.8655123],[-78.8782167,8.8712971],[-78.880329,8.8777786],[-78.8825962,8.8841364],[-78.8848031,8.8894673],[-78.8873431,8.8939684],[-78.8904203,8.8981322],[-78.8942062,8.9024565],[-78.8988674,8.9071957],[-78.9032934,8.9121],[-78.9068319,8.9164523],[-78.9096243,8.9203776],[-78.9124546,8.9237803],[-78.9154283,8.9266745],[-78.918149,8.9292069],[-78.9201737,8.9311868],[-78.9217832,8.9329011],[-78.9144775,8.9331614],[-78.910879,8.9320986],[-78.9080086,8.9297196],[-78.905566,8.9266517],[-78.9024704,8.9236974],[-78.8983445,8.9212238],[-78.8936074,8.9188714],[-78.8897744,8.9161609],[-78.886779,8.9129882],[-78.8838343,8.9098142],[-78.8806409,8.9068187],[-78.8769971,8.9040765],[-78.8730381,8.9010422],[-78.8689218,8.8969358],[-78.8649762,8.8916725],[-78.863711,8.8861868],[-78.8655279,8.8803787],[-78.8675784,8.8752591],[-78.8686362,8.8705381],[-78.868712,8.8660688],[-78.86806,8.8618739],[-78.8665423,8.8582462],[-78.8640797,8.8557289],[-78.8609039,8.854957],[-78.857677,8.8562227],[-78.8548957,8.859295],[-78.8525924,8.8637313],[-78.8503933,8.8689926],[-78.8484264,8.8738261],[-78.8463467,8.8780523],[-78.8439301,8.8817705],[-78.8402699,8.8847481],[-78.8354177,8.8869249],[-78.8306787,8.8880508],[-78.8263465,8.8886232],[-78.8224536,8.8885882],[-78.8188549,8.8875564],[-78.8151182,8.8865051],[-78.8112182,8.8862084],[-78.807302,8.8868932],[-78.8033879,8.8880213],[-78.7995245,8.8895982],[-78.7960171,8.8925067],[-78.7932128,8.8968776],[-78.7914197,8.9013387],[-78.7909332,8.9055546],[-78.7919437,8.9092909],[-78.7944118,8.9123664],[-78.7979439,8.9148891],[-78.8020315,8.9176935],[-78.8063799,8.9210765],[-78.8105328,8.9241215],[-78.8139856,8.9273409],[-78.8160818,8.9310261],[-78.8157849,8.9340163],[-78.8135738,8.9362265],[-78.8106763,8.938643],[-78.8080815,8.941953],[-78.8061171,8.9463855],[-78.8044361,8.9519864],[-78.8029095,8.9586214],[-78.8011592,8.9641365],[-78.799597,8.9688571],[-78.7981474,8.9730341],[-78.7961001,8.9765607],[-78.7932259,8.9791989],[-78.7896291,8.9808384],[-78.7857077,8.9819204],[-78.7819097,8.9833319],[-78.7786401,8.985583],[-78.7760163,8.9886578],[-78.7735434,8.9920532],[-78.7712547,8.9955727],[-78.769703,8.9992268],[-78.7695025,9.0029669],[-78.770829,9.0065137],[-78.7730902,9.0097847],[-78.7754738,9.0129846],[-78.777139,9.0165749],[-78.7779426,9.0204808],[-78.7784688,9.024561],[-78.779063,9.0286398],[-78.7795451,9.0327225],[-78.7805229,9.0367706],[-78.7822344,9.040594],[-78.7844775,9.0440963],[-78.7865583,9.0475284],[-78.787743,9.0510728],[-78.7872232,9.0549513],[-78.7853682,9.0591304],[-78.7831365,9.0636536],[-78.7821124,9.0678017],[-78.7818651,9.0712592],[-78.7805372,9.0738739],[-78.7764895,9.0752893],[-78.7699708,9.0755413],[-78.7634178,9.0746357],[-78.7568568,9.0725937],[-78.7499259,9.0698452],[-78.7440707,9.0678258],[-78.739112,9.0668777],[-78.7346848,9.0668956],[-78.7339912,9.0669259],[-78.7331281,9.0679337],[-78.7338463,9.069793],[-78.7308853,9.0714491],[-78.7300029,9.0690811],[-78.7290345,9.0680568],[-78.7305582,9.0670761],[-78.7305089,9.0670783],[-78.7264435,9.0671184],[-78.7234892,9.0675964],[-78.7236731,9.0679188],[-78.7231734,9.0710281],[-78.7209556,9.072152],[-78.7169204,9.0718584],[-78.7172457,9.0746851],[-78.7149628,9.0728998],[-78.7131347,9.0748161],[-78.7109979,9.0780033],[-78.7104633,9.0789761],[-78.7121686,9.0820472],[-78.7070093,9.0865394],[-78.7048274,9.0841145],[-78.704171,9.0829771],[-78.7014667,9.0817806],[-78.6984454,9.079773],[-78.6977264,9.0790247],[-78.6958611,9.0800215],[-78.6931684,9.0811718],[-78.6926513,9.0749873],[-78.6889671,9.0749986],[-78.6904126,9.0727122],[-78.6905525,9.0712048],[-78.6880221,9.0700751],[-78.686502,9.0731732],[-78.6839437,9.0750218],[-78.6853361,9.0714199],[-78.6841217,9.0698847],[-78.6808182,9.0701908],[-78.6784805,9.0735109],[-78.675829,9.06887],[-78.6758775,9.0671222],[-78.6762442,9.0629272],[-78.6764045,9.0628655],[-78.6765185,9.0592201],[-78.6759136,9.0552785],[-78.6750817,9.0539061],[-78.6746302,9.0541618],[-78.6737026,9.0541474],[-78.6738892,9.0532483],[-78.6740101,9.0521383],[-78.6736611,9.0515627],[-78.6731147,9.0511349],[-78.672161,9.0515147],[-78.6709575,9.052685],[-78.6697447,9.0541881],[-78.6688567,9.0564082],[-78.6685225,9.0589884],[-78.6679221,9.0615493],[-78.6671532,9.0638813],[-78.6663773,9.0649965],[-78.6657357,9.0639376],[-78.66498,9.0617013],[-78.6640727,9.059152],[-78.663554,9.056909],[-78.6636012,9.0553791],[-78.6629676,9.0541037],[-78.6614025,9.0532737],[-78.6595877,9.0524704],[-78.6583851,9.0510643],[-78.6574794,9.0496792],[-78.6548056,9.0503173],[-78.6534616,9.050299],[-78.6531341,9.0504932],[-78.6507041,9.0510463],[-78.6478256,9.0508032],[-78.6450773,9.0499956],[-78.6427532,9.0491811],[-78.6407937,9.0479899],[-78.6386943,9.0462739],[-78.6364655,9.0445244],[-78.6357942,9.0442152],[-78.6328071,9.0435258],[-78.6283311,9.0424693],[-78.6263363,9.0428362],[-78.6242275,9.0442595],[-78.6240613,9.0444962],[-78.6215446,9.0435552],[-78.6222309,9.0429431],[-78.6214226,9.0404985],[-78.6218613,9.0374972],[-78.6214085,9.0366298],[-78.6212466,9.035727],[-78.6193219,9.0337754],[-78.6204927,9.0307553],[-78.6201673,9.0271292],[-78.6194896,9.021191],[-78.6193628,9.0185772],[-78.6186021,9.0176851],[-78.6186782,9.0151992],[-78.6192027,9.0151955],[-78.6191562,9.0093832],[-78.6184709,9.0044074],[-78.6166217,9.0004643],[-78.6137591,8.9974485],[-78.6103348,8.9949947],[-78.6064925,8.9931876],[-78.6024445,8.9919992],[-78.5986481,8.9909633],[-78.5957098,8.9892058],[-78.5942639,8.9860751],[-78.5940673,8.981718],[-78.593144,8.9775555],[-78.590412,8.9742693],[-78.586009,8.9722589],[-78.5815731,8.9719028],[-78.577744,8.973068],[-78.5748006,8.9755131],[-78.5723143,8.978436],[-78.569326,8.9809323],[-78.565669,8.982576],[-78.5616279,8.983636],[-78.5574605,8.9844889],[-78.5531599,8.9847897],[-78.5486551,8.9843174],[-78.5438236,8.9831336],[-78.5385028,8.9807438],[-78.5325459,8.9763222],[-78.526541,8.970515],[-78.5216491,8.9652093],[-78.5187978,8.960455],[-78.5169747,8.9561026],[-78.5157069,8.9520548],[-78.514272,8.9484815],[-78.5119399,8.9459145],[-78.5088287,8.9448568],[-78.5056602,8.9455314],[-78.5031528,8.947764],[-78.5015494,8.9509459],[-78.500052,8.9543112],[-78.4974175,8.9572235],[-78.493538,8.9595733],[-78.4884764,8.96106],[-78.4834815,8.9619022],[-78.4785875,8.9618289],[-78.4736132,8.9609293],[-78.4685665,8.9589117],[-78.4640793,8.9566103],[-78.4598478,8.9545601],[-78.4557752,8.9527994],[-78.451911,8.9510618],[-78.4480577,8.9495151],[-78.4440482,8.948736],[-78.4399932,8.9486798],[-78.436084,8.9489358],[-78.4324436,8.948473],[-78.4292136,8.9465418],[-78.4261729,8.9434428],[-78.4232383,8.9393356],[-78.4201881,8.9345321],[-78.4176755,8.9299554],[-78.4152323,8.9258546],[-78.4126374,8.9221674],[-78.4100982,8.9185561],[-78.4079245,8.9145084],[-78.4056895,8.9098602],[-78.4031437,8.9047394],[-78.4007819,8.9000497],[-78.3986528,8.8957553],[-78.3971837,8.891416],[-78.3962922,8.8867239],[-78.3957042,8.881504],[-78.3955113,8.8757476],[-78.3958664,8.8705152],[-78.3964179,8.8657978],[-78.3966063,8.8613492],[-78.3965646,8.8570939],[-78.3968053,8.853108],[-78.398037,8.8495853],[-78.4003891,8.8468251],[-78.4036103,8.8447697],[-78.4069278,8.8425816],[-78.4096076,8.8395389],[-78.4113688,8.8355196],[-78.4123069,8.8306488],[-78.4129166,8.8251737],[-78.4137326,8.8202748],[-78.4143725,8.8159274],[-78.4141966,8.8117525],[-78.4135035,8.8075368],[-78.4133685,8.8026819],[-78.4140422,8.7969586],[-78.4145387,8.7910223],[-78.4151909,8.7848246],[-78.4169321,8.7792296],[-78.4196109,8.7742236],[-78.4222577,8.7706305],[-78.4250595,8.7690077],[-78.4279535,8.769392],[-78.4306938,8.7709892],[-78.4338229,8.7722518],[-78.4372444,8.7720431],[-78.4405379,8.7701377],[-78.4433905,8.7668483],[-78.4457527,8.7624982],[-78.447173,8.7572578],[-78.4472164,8.7523483],[-78.4458909,8.74794],[-78.4434489,8.7439349],[-78.4401907,8.7400803],[-78.4365237,8.7359976],[-78.4327323,8.7325584],[-78.4289469,8.7294265],[-78.425113,8.7262919],[-78.4213596,8.7228789],[-78.4174903,8.7208385],[-78.4135814,8.7206961],[-78.4098734,8.7223473],[-78.4065589,8.7256345],[-78.4035108,8.7298504],[-78.4003694,8.7332724],[-78.3972392,8.7354639],[-78.3942299,8.735869],[-78.3916794,8.734194],[-78.3896642,8.7311901],[-78.3875661,8.7277604],[-78.385132,8.7245592],[-78.3820163,8.7222418],[-78.3782711,8.7212231],[-78.3742028,8.7212371],[-78.3700364,8.7216478],[-78.366121,8.7224153],[-78.3628753,8.7241854],[-78.3606693,8.7270313],[-78.359433,8.7304957],[-78.3582517,8.7338855],[-78.3560779,8.736623],[-78.3529924,8.7385175],[-78.3495876,8.7394822],[-78.3466306,8.7392716],[-78.3447442,8.737332],[-78.3439963,8.7340504],[-78.3437762,8.7300878],[-78.3437906,8.7258838],[-78.3437611,8.7216022],[-78.3434927,8.7171903],[-78.3436813,8.7124046],[-78.3443924,8.7070872],[-78.3445514,8.702184],[-78.3436523,8.6978174],[-78.3418463,8.6939303],[-78.3395957,8.6903477],[-78.3369788,8.6870701],[-78.3346525,8.6835301],[-78.333729,8.6787244],[-78.3346227,8.6736084],[-78.3369348,8.6684052],[-78.3391605,8.6636968],[-78.3408377,8.6592944],[-78.3420851,8.6550483],[-78.3430115,8.6509242],[-78.3430978,8.6468235],[-78.3417262,8.6427746],[-78.3385946,8.6388797],[-78.3339486,8.6349515],[-78.3294044,8.6306838],[-78.3253987,8.6269433],[-78.3217342,8.6237719],[-78.3182142,8.6209888],[-78.314555,8.6186628],[-78.310534,8.6168931],[-78.3058893,8.6159108],[-78.3009982,8.614945],[-78.29732,8.6124621],[-78.2953905,8.6080861],[-78.2950803,8.6031393],[-78.2956763,8.5978508],[-78.2960597,8.5921094],[-78.2954282,8.5868382],[-78.2934682,8.5820562],[-78.2902091,8.5776677],[-78.2869899,8.5739312],[-78.2843257,8.570341],[-78.2817104,8.5669184],[-78.2792522,8.5635078],[-78.2770247,8.5600937],[-78.2755148,8.5563857],[-78.2745256,8.5524685],[-78.2729636,8.5485131],[-78.2697183,8.5447156],[-78.2646413,8.5411351],[-78.2590491,8.5380123],[-78.2542273,8.5352384],[-78.24991,8.5327149],[-78.2458941,8.5298715],[-78.2419383,8.5260423],[-78.2373227,8.5215526],[-78.2322859,8.5177477],[-78.2276681,8.5157134],[-78.2237706,8.5155709],[-78.2209738,8.5173348],[-78.2194485,8.5204781],[-78.2186959,8.524174],[-78.2178195,8.5277544],[-78.2157724,8.5308578],[-78.2126291,8.5336368],[-78.2088451,8.5364573],[-78.2047097,8.5393565],[-78.2017214,8.5427334],[-78.1998597,8.5464795],[-78.1982329,8.55026],[-78.1964531,8.5538364],[-78.1934118,8.5567255],[-78.1880461,8.5587274],[-78.1804189,8.5603177],[-78.1729367,8.5626238],[-78.1669869,8.565846],[-78.1636024,8.569926],[-78.162364,8.5748807],[-78.1620352,8.5806335],[-78.1617207,8.5862107],[-78.1607226,8.5916491],[-78.1602566,8.5965355],[-78.1606255,8.6007731],[-78.1622101,8.6041415],[-78.1649918,8.6061758],[-78.168547,8.6066676],[-78.1723133,8.6060364],[-78.1758492,8.6048021],[-78.1789198,8.6037581],[-78.1816991,8.6041944],[-78.1838783,8.6061697],[-78.1851255,8.6087553],[-78.1847226,8.6111218],[-78.1827678,8.6123426],[-78.1798463,8.6125019],[-78.1762637,8.6131655],[-78.1726034,8.6153469],[-78.1694291,8.6190284],[-78.16783,8.6233873],[-78.1671968,8.6280932],[-78.1660714,8.633011],[-78.164168,8.63679],[-78.1614136,8.6388305],[-78.1579267,8.6391009],[-78.1541359,8.6382159],[-78.1501503,8.6372033],[-78.1461152,8.636445],[-78.1423686,8.6354487],[-78.1393577,8.6341626],[-78.1378034,8.6323184],[-78.1380741,8.6298674],[-78.1387688,8.6268501],[-78.1385494,8.6234796],[-78.1370561,8.62028],[-78.1346739,8.6175313],[-78.1322417,8.6148143],[-78.1303488,8.6115405],[-78.1283183,8.6079471],[-78.1258312,8.6042316],[-78.1232289,8.6001213],[-78.1206291,8.5956717],[-78.1175605,8.5921565],[-78.1141488,8.5896507],[-78.1107799,8.5876289],[-78.1078746,8.5850305],[-78.1053299,8.5817245],[-78.1030194,8.5778763],[-78.1012454,8.5733041],[-78.1000301,8.567933],[-78.0987608,8.563014],[-78.0972752,8.5587368],[-78.095027,8.5552245],[-78.0918749,8.5525968],[-78.0881137,8.5506576],[-78.0839853,8.5494338],[-78.079315,8.549509],[-78.0742182,8.5507052],[-78.0695097,8.5516504],[-78.0651842,8.5522775],[-78.0612516,8.55293],[-78.0578141,8.5530275],[-78.0549849,8.5516555],[-78.0526676,8.548957],[-78.0505264,8.5455683],[-78.0485926,8.541838],[-78.0463359,8.5382108],[-78.0436462,8.5348719],[-78.040761,8.5316263],[-78.037835,8.528339],[-78.0351383,8.5246011],[-78.0324201,8.5204245],[-78.0300246,8.5156137],[-78.0283688,8.5112245],[-78.027948,8.5074266],[-78.0291059,8.5042076],[-78.0309775,8.5010563],[-78.032421,8.4974623],[-78.0331309,8.4935048],[-78.0332621,8.4895144],[-78.032328,8.4858036],[-78.0298633,8.4826561],[-78.0260016,8.4799693],[-78.0209484,8.4769789],[-78.0146454,8.4738641],[-78.0087809,8.4718126],[-78.0033769,8.4703184],[-77.9980958,8.4688115],[-77.9933638,8.4684855],[-77.9892759,8.4694963],[-77.9857689,8.4715718],[-77.9824985,8.4738742],[-77.9790049,8.4754973],[-77.9752425,8.4761906],[-77.9715607,8.4761143],[-77.9682314,8.4747384],[-77.9653349,8.4721743],[-77.9629807,8.4688162],[-77.961284,8.4649722],[-77.960242,8.4608472],[-77.9593443,8.456647],[-77.9583883,8.4524914],[-77.9571171,8.4485012],[-77.9558865,8.4446194],[-77.9549924,8.4405848],[-77.9538828,8.4364471],[-77.9532971,8.4346794],[-77.9523629,8.434415],[-77.9515352,8.4343964],[-77.9509431,8.4346941],[-77.9506176,8.4352396],[-77.9504023,8.4358417],[-77.9500648,8.4363375],[-77.9496024,8.4366083],[-77.9490298,8.4365347],[-77.9484161,8.43625],[-77.9478015,8.4359422],[-77.947324,8.4356603],[-77.9471774,8.4353708],[-77.947482,8.4349645],[-77.9480689,8.4343985],[-77.9488111,8.4337658],[-77.9495697,8.4333637],[-77.9502947,8.4329974],[-77.9509301,8.4325541],[-77.9514757,8.4320414],[-77.9518766,8.431452],[-77.9520623,8.4308198],[-77.9517909,8.4299152],[-77.9515881,8.4296309],[-77.9510473,8.4291584],[-77.9503998,8.4288149],[-77.9497323,8.4285396],[-77.9491119,8.4281571],[-77.9485579,8.4276491],[-77.9480979,8.4270674],[-77.947713,8.426469],[-77.9474859,8.4257861],[-77.947285,8.4250358],[-77.9470525,8.4242543],[-77.9467939,8.4234501],[-77.9464717,8.4226449],[-77.9459603,8.4218917],[-77.9452298,8.4212734],[-77.9444288,8.4209608],[-77.9436448,8.4208802],[-77.9429336,8.4208382],[-77.9423501,8.4207131],[-77.9420071,8.420448],[-77.9419704,8.4200192],[-77.9419542,8.4194183],[-77.9418446,8.4187299],[-77.9416539,8.4180574],[-77.9413816,8.4175016],[-77.9411944,8.4170289],[-77.9412764,8.4165433],[-77.941447,8.4160391],[-77.9416094,8.4156489],[-77.9419603,8.4155542],[-77.9425203,8.4158412],[-77.9432153,8.4163445],[-77.9439028,8.4166441],[-77.9444513,8.416578],[-77.9446929,8.4161629],[-77.9445905,8.415584],[-77.9442436,8.415014],[-77.9438272,8.4145592],[-77.9435457,8.4142776],[-77.9436214,8.4140599],[-77.9440181,8.4139728],[-77.9446029,8.4141073],[-77.9452548,8.4143868],[-77.9458509,8.414813],[-77.946389,8.4152844],[-77.9469465,8.415616],[-77.9475199,8.4156602],[-77.9479709,8.4154127],[-77.9481829,8.4149666],[-77.9482718,8.4145167],[-77.9485168,8.4142199],[-77.949085,8.4140798],[-77.9495102,8.4139997],[-77.9494104,8.4110898],[-77.9492407,8.4080942],[-77.9491546,8.4080453],[-77.9489009,8.4077894],[-77.9489906,8.4074547],[-77.9491872,8.4071495],[-77.9491308,8.406154],[-77.9490761,8.4060239],[-77.9486798,8.405491],[-77.9481919,8.4050483],[-77.9477217,8.4047277],[-77.9474419,8.4043362],[-77.9474312,8.4038121],[-77.9475854,8.4032502],[-77.9479705,8.4027792],[-77.9485394,8.4024267],[-77.9489197,8.4021761],[-77.9487941,8.3997736],[-77.9487908,8.3993659],[-77.9481983,8.3990993],[-77.9471851,8.3989129],[-77.9462218,8.3989643],[-77.9453888,8.3990991],[-77.9448228,8.398974],[-77.9445984,8.3986308],[-77.9447995,8.3981942],[-77.9453068,8.3977751],[-77.9459397,8.3973283],[-77.9466134,8.3968757],[-77.9472856,8.3964461],[-77.9479724,8.3960905],[-77.9485769,8.3957534],[-77.9487601,8.3955225],[-77.9487579,8.3952512],[-77.9488465,8.3946611],[-77.9485961,8.394284],[-77.9481361,8.3938301],[-77.9475971,8.3934853],[-77.9469467,8.3933765],[-77.9462655,8.3934211],[-77.9455912,8.3934148],[-77.9450232,8.3932306],[-77.9446367,8.3928247],[-77.9443791,8.3923342],[-77.9439778,8.3919086],[-77.9433841,8.3916957],[-77.9427065,8.3916536],[-77.9420684,8.3918395],[-77.9416095,8.3922358],[-77.9414377,8.3927867],[-77.9414582,8.3933816],[-77.9416746,8.3939599],[-77.9420661,8.3944384],[-77.9424665,8.3948422],[-77.9427526,8.3951394],[-77.9427236,8.3954916],[-77.9410464,8.393589],[-77.9399486,8.3905128],[-77.9401045,8.3905038],[-77.9398896,8.3903473],[-77.9394075,8.3889964],[-77.9398511,8.3889521],[-77.9404061,8.3888827],[-77.9409188,8.38894],[-77.9414623,8.3891503],[-77.942017,8.389485],[-77.9426244,8.3898791],[-77.9432566,8.3902693],[-77.9438752,8.3906446],[-77.9444272,8.3909759],[-77.9449929,8.3910971],[-77.9455423,8.3908579],[-77.9460221,8.3902923],[-77.9464252,8.3894889],[-77.9468336,8.3885773],[-77.9471993,8.387806],[-77.9474195,8.3871194],[-77.9476236,8.3865583],[-77.948003,8.3861036],[-77.9484999,8.3857042],[-77.9489377,8.3852326],[-77.9492443,8.3847395],[-77.9492537,8.3841966],[-77.9490273,8.3836896],[-77.9488678,8.3831619],[-77.9489687,8.3826598],[-77.9494262,8.3823283],[-77.9502123,8.3822938],[-77.9509106,8.3825652],[-77.9513755,8.3830928],[-77.9517082,8.3837024],[-77.9519313,8.384261],[-77.9519541,8.3847319],[-77.9518085,8.385115],[-77.9518032,8.3855157],[-77.9521019,8.3858705],[-77.9525133,8.3862001],[-77.9527399,8.386634],[-77.9525582,8.3873079],[-77.9521909,8.3880405],[-77.9518159,8.3887967],[-77.9514771,8.3895463],[-77.9512131,8.3902697],[-77.9510502,8.3909513],[-77.9511241,8.3915997],[-77.951416,8.3920968],[-77.9518278,8.3922947],[-77.9522343,8.3921007],[-77.9525816,8.3916884],[-77.9529704,8.3912284],[-77.9533525,8.3908538],[-77.9537131,8.3907873],[-77.9539683,8.3911451],[-77.9540513,8.3917761],[-77.9538554,8.3925388],[-77.9535837,8.3931947],[-77.9535121,8.3937788],[-77.9536976,8.3941899],[-77.954028,8.3943297],[-77.9543522,8.3941514],[-77.9546253,8.393915],[-77.9548493,8.3939351],[-77.9549884,8.394415],[-77.95497,8.3951631],[-77.954744,8.3956387],[-77.9547932,8.3956874],[-77.957664,8.3974012],[-77.9608904,8.39763],[-77.9640373,8.3964896],[-77.9655131,8.395811],[-77.9652153,8.3957085],[-77.964701,8.3950665],[-77.9652281,8.3948721],[-77.966188,8.3948766],[-77.9670395,8.3945677],[-77.9682962,8.393297],[-77.9686292,8.3932941],[-77.9692535,8.3939319],[-77.9701536,8.3940949],[-77.9709953,8.3938985],[-77.9717075,8.3944029],[-77.9721874,8.3951705],[-77.9723401,8.3955796],[-77.9733561,8.395914],[-77.9766114,8.3973159],[-77.9802558,8.3977523],[-77.9841058,8.3966236],[-77.9841062,8.3966101],[-77.9844164,8.3957386],[-77.9849262,8.3960831],[-77.984969,8.3961263],[-77.9881696,8.3942627],[-77.9910525,8.3923961],[-77.9910507,8.3923909],[-77.9914187,8.3915954],[-77.9914186,8.3907176],[-77.9909109,8.3899956],[-77.9901299,8.3894982],[-77.9892707,8.3892777],[-77.9884689,8.3896333],[-77.9880508,8.3904429],[-77.9879586,8.3913322],[-77.9871359,8.3915989],[-77.986265,8.3913208],[-77.9858182,8.390877],[-77.9860438,8.3900154],[-77.9859858,8.3891721],[-77.9860634,8.3873883],[-77.9860312,8.3864794],[-77.9861511,8.3856312],[-77.9863167,8.3851026],[-77.9870127,8.3856351],[-77.9875194,8.3863705],[-77.9883034,8.3868066],[-77.9891333,8.3870945],[-77.9900145,8.3872051],[-77.9909029,8.3870083],[-77.9913297,8.3869585],[-77.9917734,8.3877204],[-77.992615,8.3881056],[-77.9929592,8.3888936],[-77.9924621,8.3894048],[-77.9921198,8.3902269],[-77.9917262,8.3909794],[-77.9915974,8.3918584],[-77.9916759,8.3919924],[-77.992294,8.3915922],[-77.9951496,8.3907261],[-77.9952778,8.3901262],[-77.9957019,8.3905586],[-77.995957,8.3904813],[-77.9971662,8.390877],[-77.9976005,8.3907095],[-77.9983499,8.3902234],[-77.9983662,8.3910673],[-77.998307,8.3912503],[-77.9990813,8.3915037],[-78.0014452,8.3936145],[-78.002115,8.393234],[-78.0024331,8.3930755],[-78.0026608,8.3939309],[-78.003367,8.3944622],[-78.0042843,8.3944327],[-78.0051492,8.394239],[-78.0059,8.3945314],[-78.0067922,8.3946459],[-78.0071544,8.3952488],[-78.0067067,8.3956812],[-78.0050274,8.3953699],[-78.0041316,8.3953418],[-78.0037078,8.3956293],[-78.0045591,8.3963872],[-78.0079345,8.3979713],[-78.010433,8.3980989],[-78.0103816,8.3975456],[-78.0099383,8.3968571],[-78.0108276,8.3970229],[-78.0116374,8.3967046],[-78.0122785,8.3963668],[-78.0131203,8.3965914],[-78.0139897,8.3963518],[-78.0147086,8.3964233],[-78.014955,8.3971719],[-78.0153392,8.3970557],[-78.0185526,8.39499],[-78.020844,8.3920211],[-78.0222714,8.388702],[-78.023141,8.3869524],[-78.0227582,8.3864247],[-78.0220255,8.3859398],[-78.0212447,8.3854995],[-78.021229,8.3846648],[-78.0214662,8.3838317],[-78.0215485,8.3829208],[-78.0219549,8.3825534],[-78.0236737,8.3831171],[-78.0244075,8.3835992],[-78.0252974,8.3835555],[-78.0270171,8.383254],[-78.0278168,8.3828241],[-78.028558,8.3823636],[-78.0294689,8.3823564],[-78.0303814,8.3822807],[-78.0310996,8.3817807],[-78.0316793,8.3810897],[-78.0318295,8.3802333],[-78.0315129,8.3793788],[-78.0311594,8.3786372],[-78.0315224,8.3778443],[-78.0317438,8.3769564],[-78.0322695,8.3776102],[-78.0329622,8.378175],[-78.0338446,8.3783281],[-78.0346168,8.3782568],[-78.0352224,8.3789199],[-78.036109,8.379154],[-78.0369804,8.3790688],[-78.0377668,8.3793644],[-78.0384635,8.3797877],[-78.0388058,8.3806119],[-78.0385518,8.3813534],[-78.0383619,8.3822428],[-78.0385048,8.3831365],[-78.0387763,8.3839787],[-78.0392874,8.3846794],[-78.0400653,8.3851015],[-78.0398523,8.3859087],[-78.0391957,8.386422],[-78.038538,8.3868532],[-78.038498,8.3859525],[-78.0381778,8.3851459],[-78.0374197,8.3846877],[-78.037055,8.3839125],[-78.0367619,8.383084],[-78.0360409,8.382559],[-78.0351788,8.3823085],[-78.0343178,8.3826085],[-78.0337084,8.382182],[-78.0328509,8.3819445],[-78.0320363,8.3822852],[-78.0315206,8.383024],[-78.0315249,8.3839198],[-78.0320781,8.3846006],[-78.032147,8.3853781],[-78.0323293,8.3859],[-78.0352208,8.387127],[-78.0384563,8.3872495],[-78.041134,8.3856333],[-78.0427362,8.3826891],[-78.0433879,8.3792531],[-78.04397,8.3761275],[-78.0442448,8.3757834],[-78.043867,8.3755458],[-78.0438384,8.375213],[-78.044488,8.3746183],[-78.0446711,8.3737987],[-78.0446467,8.3728533],[-78.044246,8.3720496],[-78.0437103,8.3714568],[-78.0446295,8.371626],[-78.0449715,8.3723242],[-78.0454606,8.3730667],[-78.0461109,8.3736779],[-78.0462137,8.3738617],[-78.0485025,8.3732758],[-78.0503069,8.3730841],[-78.0506437,8.3724049],[-78.051065,8.3717799],[-78.0516586,8.3711146],[-78.0521574,8.3704059],[-78.0523256,8.36955],[-78.0523349,8.3685995],[-78.0522551,8.3677184],[-78.051402,8.3661688],[-78.0506028,8.3657303],[-78.0497224,8.3658553],[-78.049024,8.3664062],[-78.0485164,8.3660065],[-78.0477276,8.3656087],[-78.046841,8.3657875],[-78.046261,8.3664768],[-78.0462275,8.3673757],[-78.0467044,8.3681055],[-78.0471604,8.3686164],[-78.0466602,8.3693412],[-78.0459421,8.3695536],[-78.0453403,8.3688905],[-78.0444663,8.3687355],[-78.0436079,8.3690514],[-78.0431228,8.3690639],[-78.0428473,8.368228],[-78.0422236,8.3675571],[-78.043034,8.3673139],[-78.0435671,8.3666102],[-78.044009,8.3659197],[-78.0448707,8.3655804],[-78.0454377,8.3648883],[-78.0456118,8.3640352],[-78.046218,8.3633434],[-78.0467368,8.3626494],[-78.0471976,8.3619132],[-78.0474932,8.3610608],[-78.0473063,8.3602044],[-78.0466934,8.3595307],[-78.0466522,8.3586993],[-78.046213,8.3579281],[-78.0454877,8.3574337],[-78.0450431,8.3567801],[-78.0447498,8.3559884],[-78.0449688,8.3551733],[-78.0456332,8.3545713],[-78.0461168,8.3546052],[-78.0469159,8.3550103],[-78.0477695,8.3548493],[-78.0486806,8.354852],[-78.0495686,8.3549193],[-78.0502879,8.3554204],[-78.0512059,8.3553979],[-78.0519087,8.3548917],[-78.0522514,8.3540815],[-78.0520276,8.3532076],[-78.0519498,8.3530584],[-78.0541464,8.3532412]],[[-77.970465,8.3944174],[-77.9695859,8.3941775],[-77.9687544,8.3943897],[-77.9680826,8.3949896],[-77.9680383,8.3950362],[-77.9701748,8.3948669],[-77.9709732,8.3951297],[-77.970465,8.3944174]],[[-78.0139304,8.3968766],[-78.0139406,8.3969521],[-78.013968,8.3970051],[-78.0140219,8.3970298],[-78.014098,8.3970303],[-78.0141515,8.3970064],[-78.0141763,8.3969536],[-78.0141769,8.3968778],[-78.0141529,8.3968238],[-78.0141001,8.3967956],[-78.0140244,8.3967843],[-78.0139302,8.3967827],[-78.0139304,8.3968766]],[[-77.9500103,8.386244],[-77.9496891,8.3860951],[-77.9493406,8.3862967],[-77.949076,8.3866685],[-77.9489325,8.3869913],[-77.9491016,8.3872635],[-77.9500333,8.3873798],[-77.950158,8.3866254],[-77.9500103,8.386244]],[[-77.9469773,8.3913448],[-77.9472209,8.3917573],[-77.9475356,8.3920788],[-77.9478921,8.3920935],[-77.9481004,8.3917597],[-77.9480993,8.3912958],[-77.9479324,8.3909123],[-77.9474024,8.3903889],[-77.9469753,8.3909128],[-77.9469773,8.3913448]],[[-77.9490298,8.4175678],[-77.9485883,8.4179421],[-77.9482654,8.4184495],[-77.9479863,8.4189938],[-77.9478251,8.4195286],[-77.9479493,8.4199984],[-77.9483581,8.4202736],[-77.9488795,8.4203542],[-77.9493664,8.4203439],[-77.949862,8.4203003],[-77.9499142,8.4203021],[-77.9496481,8.417237],[-77.9494869,8.4172684],[-77.9490298,8.4175678]],[[-77.9456092,8.4192747],[-77.945323,8.4194814],[-77.9452921,8.4198104],[-77.9455131,8.4201785],[-77.9458459,8.4204288],[-77.9461839,8.4203817],[-77.9465027,8.4198314],[-77.9459924,8.4193309],[-77.9456092,8.4192747]],[[-77.9500262,8.4271083],[-77.9498385,8.4269834],[-77.9495972,8.4271037],[-77.9494223,8.4276618],[-77.9499629,8.4273668],[-77.9500262,8.4271083]],[[-78.620602,9.032161],[-78.6205833,9.0323267],[-78.6205842,9.032503],[-78.620617,9.0327046],[-78.6206984,9.03291],[-78.6207556,9.0329891],[-78.6206307,9.0322931],[-78.6206143,9.0321094],[-78.620602,9.032161]],[[-78.6452989,9.047727],[-78.6454139,9.0479099],[-78.6455496,9.0480478],[-78.6456722,9.0481375],[-78.6457761,9.0482009],[-78.6458845,9.0482585],[-78.6460442,9.048327],[-78.6462725,9.0483857],[-78.6465832,9.0484168],[-78.6469683,9.0484128],[-78.6469953,9.0484089],[-78.6452255,9.0474587],[-78.6452297,9.0475168],[-78.6452989,9.047727]],[[-78.668855,9.0483157],[-78.6688359,9.0483335],[-78.6688089,9.0483638],[-78.6687647,9.0484173],[-78.6687082,9.0484886],[-78.6686458,9.04858],[-78.668586,9.0486946],[-78.668537,9.0488404],[-78.668503,9.0490326],[-78.6684933,9.0492642],[-78.6685122,9.0495745],[-78.668572,9.0498599],[-78.6686829,9.0500949],[-78.6688413,9.050273],[-78.6690299,9.050393],[-78.6692227,9.0504604],[-78.6693969,9.05049],[-78.6695702,9.0504945],[-78.669762,9.0504691],[-78.6699574,9.0504007],[-78.6701355,9.050285],[-78.670279,9.0501291],[-78.6703788,9.0499502],[-78.6704366,9.0497752],[-78.6704674,9.0496342],[-78.6704914,9.0495356],[-78.6705241,9.0494697],[-78.6705831,9.0494086],[-78.6706839,9.0493228],[-78.6707357,9.0492721],[-78.6698804,9.0486025],[-78.6688587,9.0483128],[-78.668855,9.0483157]],[[-78.1202239,8.5199258],[-78.1159957,8.5201939],[-78.1132677,8.5220455],[-78.1125512,8.5249995],[-78.1138684,8.5281944],[-78.1168462,8.5310652],[-78.1209029,8.5334913],[-78.125565,8.5349442],[-78.1294149,8.5345057],[-78.1318598,8.5325019],[-78.1329684,8.530016],[-78.1331495,8.5266989],[-78.1289156,8.5229688],[-78.1250824,8.5210266],[-78.1202239,8.5199258]],[[-78.2183461,8.4530194],[-78.2183803,8.4559859],[-78.2199977,8.4586289],[-78.2226417,8.4600533],[-78.2254433,8.459703],[-78.227365,8.457743],[-78.2279175,8.4550285],[-78.2275308,8.4526818],[-78.2267681,8.4506143],[-78.2224467,8.4498478],[-78.2199452,8.4507667],[-78.2183461,8.4530194]],[[-78.2428252,8.4976532],[-78.2420139,8.5016384],[-78.2433692,8.506876],[-78.246054,8.5103359],[-78.2493523,8.5113],[-78.2523627,8.510149],[-78.2543964,8.507684],[-78.2548559,8.5046639],[-78.2539717,8.5019299],[-78.2515064,8.4985222],[-78.2478005,8.4959631],[-78.2451504,8.49583],[-78.2428252,8.4976532]],[[-78.3605879,8.5739895],[-78.3581912,8.5686747],[-78.3548561,8.5637209],[-78.3513651,8.5598665],[-78.3476877,8.5573175],[-78.3437453,8.5561452],[-78.3396714,8.556279],[-78.335512,8.557072],[-78.3313643,8.5583672],[-78.3273409,8.560083],[-78.3235677,8.5623296],[-78.3205232,8.5656544],[-78.3187085,8.5698849],[-78.3189889,8.5735182],[-78.3211218,8.5757115],[-78.3243618,8.576229],[-78.3281118,8.5756915],[-78.3322942,8.5754466],[-78.3368233,8.5764689],[-78.3415184,8.5790868],[-78.3454995,8.5830423],[-78.3498812,8.5875204],[-78.3547923,8.5908132],[-78.3591079,8.592097],[-78.3623806,8.5915788],[-78.3656325,8.5888534],[-78.3640053,8.5835302],[-78.3623976,8.5793337],[-78.3605879,8.5739895]],[[-78.3197565,8.592817],[-78.3220955,8.5947495],[-78.3248694,8.5948748],[-78.3270458,8.5931149],[-78.3278238,8.5901625],[-78.3271514,8.5869961],[-78.3253295,8.5844715],[-78.3231925,8.583062],[-78.3205681,8.5823199],[-78.3186392,8.5866835],[-78.3185546,8.5898125],[-78.3197565,8.592817]],[[-78.3981697,8.5057565],[-78.3952585,8.50423],[-78.3923544,8.5046131],[-78.3902276,8.5068707],[-78.3892403,8.5103701],[-78.3891431,8.5144016],[-78.3899174,8.518483],[-78.3912256,8.5224059],[-78.3926631,8.5261011],[-78.3947544,8.5290773],[-78.3977531,8.5306934],[-78.401131,8.5306248],[-78.4041532,8.52901],[-78.4061242,8.5262043],[-78.4067455,8.5229297],[-78.4062194,8.5199703],[-78.4044499,8.516367],[-78.4024872,8.5115582],[-78.4005802,8.5085076],[-78.3981697,8.5057565]],[[-78.446386,8.5036013],[-78.4426581,8.5038782],[-78.4388091,8.5051618],[-78.4353897,8.5078412],[-78.4330689,8.5120478],[-78.432628,8.5163495],[-78.4339143,8.5200849],[-78.4364224,8.5228245],[-78.4396651,8.5240732],[-78.4430815,8.5234975],[-78.4460917,8.5214312],[-78.4484316,8.5184312],[-78.4503875,8.5154021],[-78.4530586,8.5111404],[-78.4516682,8.5068076],[-78.4495745,8.504674],[-78.446386,8.5036013]],[[-78.4785251,8.7192236],[-78.4772656,8.7149528],[-78.4760138,8.7109524],[-78.4740718,8.7073891],[-78.4713134,8.7044003],[-78.4682141,8.7016117],[-78.4650943,8.6989217],[-78.4617552,8.6969392],[-78.4582067,8.6963371],[-78.4548985,8.6974656],[-78.4522943,8.7000005],[-78.4508391,8.7034154],[-78.4508484,8.707113],[-78.4522337,8.7105056],[-78.4543354,8.7133386],[-78.4559986,8.7159616],[-78.4562239,8.7189734],[-78.4554541,8.722273],[-78.4548268,8.7259608],[-78.4545336,8.7298675],[-78.4539683,8.7339173],[-78.4536064,8.7381161],[-78.453779,8.7423387],[-78.4545991,8.7463901],[-78.4560151,8.7500161],[-78.4582393,8.7526029],[-78.4611695,8.7534784],[-78.4641521,8.7524492],[-78.4666205,8.7499946],[-78.4686079,8.746904],[-78.470966,8.7440114],[-78.4740064,8.7416835],[-78.4772332,8.7394196],[-78.4801996,8.7373227],[-78.4840428,8.7340104],[-78.4822396,8.7280465],[-78.480258,8.7236819],[-78.4785251,8.7192236]],[[-78.5149503,8.8070558],[-78.5120826,8.8090705],[-78.5100875,8.8120671],[-78.5086204,8.8153578],[-78.5067707,8.8184067],[-78.5048697,8.8212864],[-78.5040134,8.8243702],[-78.5048701,8.8272201],[-78.507266,8.8290336],[-78.5106256,8.8292887],[-78.5142271,8.8281681],[-78.517707,8.8262642],[-78.5204987,8.8234971],[-78.5223271,8.8200509],[-78.5235525,8.8164657],[-78.5242203,8.813325],[-78.5247064,8.8096951],[-78.5212003,8.8069066],[-78.5182178,8.8063084],[-78.5149503,8.8070558]],[[-78.581478,8.9098086],[-78.5815631,8.9125476],[-78.5835037,8.9147196],[-78.5866137,8.9156378],[-78.5898888,8.9151485],[-78.5923223,8.9132963],[-78.5932489,8.9106349],[-78.5927786,8.9081864],[-78.5907802,8.9055892],[-78.5859363,8.9062363],[-78.5832104,8.9075248],[-78.581478,8.9098086]],[[-78.6535523,8.8135624],[-78.650067,8.8122544],[-78.6461408,8.8121783],[-78.6420328,8.8127119],[-78.6379754,8.8136262],[-78.6340992,8.8146045],[-78.6302115,8.8151184],[-78.6263793,8.8159755],[-78.6229001,8.8178197],[-78.620023,8.8206228],[-78.6177424,8.8240363],[-78.6159897,8.8277348],[-78.6150538,8.8315452],[-78.6144751,8.8351105],[-78.6131836,8.838136],[-78.6108915,8.8404771],[-78.6086212,8.842873],[-78.6075604,8.8457732],[-78.6082103,8.8488762],[-78.6100858,8.8517223],[-78.612005,8.8544834],[-78.6129353,8.857337],[-78.6120612,8.8600027],[-78.6097676,8.8623353],[-78.6072395,8.8648826],[-78.605592,8.8680411],[-78.6054407,8.8715658],[-78.6066985,8.8749868],[-78.6090089,8.8780102],[-78.6116716,8.8809002],[-78.6146779,8.8836241],[-78.6186894,8.8854221],[-78.6236317,8.8858252],[-78.6280715,8.8848126],[-78.6316668,8.8824185],[-78.6347445,8.8791585],[-78.6378122,8.8753865],[-78.6411579,8.8712175],[-78.6448489,8.8666998],[-78.6484118,8.8627723],[-78.6516684,8.8592994],[-78.6543966,8.8558399],[-78.6565395,8.8521583],[-78.6582331,8.848267],[-78.6593049,8.8441147],[-78.6599974,8.8398417],[-78.6603162,8.8355915],[-78.6603764,8.8315527],[-78.6604006,8.8280506],[-78.660006,8.8236024],[-78.6579184,8.818931],[-78.656201,8.8160031],[-78.6535523,8.8135624]],[[-78.7003412,8.9815242],[-78.7004393,8.9843695],[-78.7022064,8.9865781],[-78.7050159,8.9872833],[-78.707767,8.9862896],[-78.7095317,8.9840092],[-78.7099604,8.9813725],[-78.7089798,8.9778182],[-78.704474,8.9778258],[-78.7019296,8.9791214],[-78.7003412,8.9815242]],[[-78.6611713,9.0500918],[-78.6626924,9.0498761],[-78.6609128,9.0493939],[-78.6607122,9.0495952],[-78.6611713,9.0500918]],[[-78.6947405,9.0755128],[-78.6945796,9.0769144],[-78.6948051,9.0769546],[-78.6947405,9.0755128]]]}}]}